customer_id,full_name,gender,age,city,state,occupation,annual_income,joining_date,risk_category
1,Bhavya Bhatia,Female,42,Gangtok,Madhya Pradesh,Doctor,2109011,12-12-2020,High
2,Dalaja Lalla,Female,59,Sonipat,Haryana,Data Analyst,1258280,31-10-2021,Low
3,Bakhshi Bhatia,Female,52,Bardhaman,Himachal Pradesh,Student,1246729,20-11-2017,High
4,Omisha Kapur,Female,41,Mira-Bhayandar,Andhra Pradesh,Farmer,2381165,25-10-2018,Low
5,Vrishti Salvi,Male,28,Raichur,Nagaland,Software Engineer,2475683,05-11-2025,Low
6,Chaman Muni,Male,50,Vijayanagaram,Andhra Pradesh,Software Engineer,1936603,02-06-2022,Low
7,Prisha Mann,Male,36,Howrah,Haryana,Software Engineer,673142,01-08-2019,Low
8,Chaaya Oak,Male,29,Bareilly,Tamil Nadu,Doctor,2023355,06-07-2022,Low
9,Ayush Morar,Male,60,Ludhiana,Tamil Nadu,Student,2302658,17-02-2024,Low
10,Faras Goswami,Male,18,Miryalaguda,Andhra Pradesh,Software Engineer,789255,05-08-2019,Low
11,Janani Batta,Male,45,Coimbatore,Odisha,Sales Executive,948712,24-10-2018,Low
12,Rushil Ray,Male,27,Uluberia,Goa,Student,1259148,26-10-2023,Low
13,Hitesh Dara,Male,22,Unnao,West Bengal,Accountant,2032598,26-10-2023,Medium
14,Urishilla Loyal,Male,70,Raipur,Goa,Farmer,2328591,27-04-2019,Low
15,Yashica Krish,Male,59,New Delhi,Haryana,Accountant,239260,22-06-2018,Low
16,Xiti Kibe,Female,69,Chinsurah,Punjab,Teacher,979102,27-05-2024,Medium
17,Zayan Shukla,Male,40,North Dumdum,Assam,Business,1299056,23-03-2026,Low
18,Wriddhish Madan,Male,48,Alwar,Mizoram,Software Engineer,695224,12-09-2019,Medium
19,Jatin Batra,Male,41,Bikaner,Jharkhand,Teacher,295681,10-09-2022,Low
20,Rachita Raju,Male,53,Hosur,Tripura,Doctor,976789,31-05-2024,Medium
21,Abdul Varghese,Male,39,Thane,Rajasthan,Farmer,2196861,23-05-2024,High
22,Manan Bora,Male,63,Bilaspur,Goa,Sales Executive,1093936,30-01-2024,Low
23,Kabir Shroff,Female,25,Thoothukudi,Arunachal Pradesh,Student,2113601,28-02-2026,Low
24,Neelima Rana,Male,46,Solapur,Andhra Pradesh,Student,1744742,20-05-2025,Low
25,Noah Manda,Female,64,Kurnool,Goa,Lawyer,1354880,14-01-2017,Low
26,Peter Loyal,Female,26,Bilaspur,Manipur,Doctor,2184548,07-07-2019,Low
27,Robert Iyengar,Male,64,Dhanbad,Assam,Sales Executive,508421,11-01-2024,Medium
28,William Sampath,Male,39,Akola,Tamil Nadu,Data Analyst,1872062,23-05-2020,High
29,Vamakshi Kibe,Male,62,Nizamabad,Maharashtra,Farmer,980220,06-11-2025,Low
30,Lopa Patil,Female,56,Bathinda,Mizoram,Software Engineer,1595829,18-07-2026,Low
31,Triya Balan,Female,64,Khandwa,Madhya Pradesh,Data Analyst,888766,20-12-2025,Medium
32,Kashish Buch,Male,65,Muzaffarpur,Meghalaya,Doctor,2006891,13-06-2023,Low
33,Amara De,Male,33,Ranchi,Assam,Student,1496112,21-08-2021,Low
34,Harinakshi Tripathi,Male,38,Orai,Arunachal Pradesh,Lawyer,2259344,10-10-2019,Low
35,Charles Vala,Female,54,Ambala,Uttar Pradesh,Teacher,1550474,07-02-2019,Low
36,Nitara Iyer,Male,48,Hubli–Dharwad,Assam,Data Analyst,1350306,22-02-2021,Low
37,Michael Vohra,Female,43,Fatehpur,Haryana,Lawyer,593825,19-10-2017,High
38,Niharika Narain,Male,43,Kolhapur,Jharkhand,Business,1200318,04-08-2023,Low
39,Rajeshri Gokhale,Female,29,Haldia,Madhya Pradesh,Student,1537350,23-12-2024,Medium
40,Ikshita Ghose,Male,37,Guntakal,Himachal Pradesh,Teacher,2327476,28-03-2026,Low
41,Xalak Khosla,Male,23,Hyderabad,West Bengal,Accountant,1692577,30-09-2019,Low
42,Ayushman Prashad,Female,40,Bulandshahr,Karnataka,Accountant,614758,08-10-2022,Low
43,Meghana Pillay,Male,68,Hindupur,Maharashtra,Software Engineer,1110863,14-01-2017,Low
44,Chakrika Shetty,Female,37,Davanagere,Gujarat,Teacher,1737575,12-09-2025,High
45,Forum Kumar,Female,35,Ahmednagar,Karnataka,Lawyer,1593161,10-04-2023,Low
46,Vasana Reddy,Male,48,Adoni,Rajasthan,Data Analyst,1154588,11-06-2021,Low
47,Shivansh Dhaliwal,Female,61,Pali,Nagaland,Business,591311,09-12-2021,Low
48,Ekta Mahajan,Male,25,Jalgaon,Telangana,Data Analyst,1112522,13-04-2026,Low
49,Anirudh Kibe,Female,38,Panihati,Karnataka,Farmer,1922483,29-08-2025,Low
50,Bakhshi Kakar,Female,57,Rampur,Uttarakhand,Data Analyst,855323,21-12-2017,Low
51,Hemang Kakar,Male,66,Deoghar,Maharashtra,Accountant,1409030,20-12-2023,Low
52,Janaki Thaker,Female,27,Gulbarga,Jharkhand,Teacher,1532337,13-11-2023,High
53,Zaitra Nath,Female,47,Ambattur,Bihar,Software Engineer,247015,28-10-2020,Low
54,Ethan Kalla,Female,23,Darbhanga,Punjab,Farmer,2368313,20-11-2016,Low
55,Chameli Parsa,Male,33,Rajahmundry,Assam,Sales Executive,2346930,27-12-2020,High
56,Advika Dar,Male,69,Bhavnagar,West Bengal,Lawyer,1607655,02-12-2021,Medium
57,Varsha Kaur,Female,32,Solapur,Himachal Pradesh,Farmer,331022,02-03-2026,Medium
58,Reva Rao,Male,62,Kharagpur,West Bengal,Teacher,710859,04-07-2018,Low
59,Manya Apte,Male,30,Mirzapur,Chhattisgarh,Sales Executive,1497043,20-03-2018,Low
60,Zansi Kara,Female,53,Bettiah,Manipur,Lawyer,1766273,13-07-2025,Low
61,Lila Kant,Female,62,Maheshtala,Telangana,Teacher,362126,17-03-2022,Low
62,Eta Malhotra,Female,47,Siliguri,West Bengal,Student,2238418,29-04-2020,Low
63,Triveni Mukherjee,Female,64,Karimnagar,Andhra Pradesh,Farmer,1741637,01-10-2017,Low
64,Charita Din,Female,62,Kishanganj,Madhya Pradesh,Accountant,279619,07-04-2023,Low
65,Xalak Mody,Male,18,Kakinada,Rajasthan,Data Analyst,1481550,17-03-2022,Low
66,Urvi Bajaj,Female,66,Sikar,Sikkim,Doctor,1394847,14-07-2022,Low
67,Vinaya Buch,Female,20,Dewas,Manipur,Software Engineer,1949481,25-11-2022,Low
68,Amol Bhardwaj,Male,49,Mathura,Telangana,Doctor,1095905,21-09-2018,Low
69,Mekhala Sen,Female,53,Jalgaon,Goa,Teacher,1345170,02-10-2018,Low
70,Bhavna Bava,Female,48,Aurangabad,Kerala,Sales Executive,1353534,01-12-2025,Medium
71,Yashasvi Chopra,Male,46,Dewas,Manipur,Accountant,642453,31-08-2022,Low
72,Ishita Sahota,Male,49,Siwan,Andhra Pradesh,Accountant,699528,20-06-2019,Low
73,Suhani Munshi,Male,24,Bhusawal,Odisha,Farmer,215780,13-07-2018,Low
74,Irya Jhaveri,Male,62,Navi Mumbai,Odisha,Farmer,2341977,21-09-2021,Low
75,Hema Bhasin,Female,60,Navi Mumbai,Uttar Pradesh,Lawyer,452180,26-11-2016,Low
76,Mahika Raval,Female,58,Fatehpur,Goa,Accountant,1215389,15-01-2021,High
77,Avi Bhardwaj,Female,29,Bihar Sharif,Tripura,Data Analyst,1266322,24-09-2021,Low
78,Pahal Luthra,Male,51,Panihati,Uttarakhand,Teacher,2015947,22-05-2022,Low
79,Agastya Raghavan,Male,52,Gulbarga,Manipur,Accountant,963756,16-06-2023,Low
80,Samuel Sachdeva,Female,22,Tinsukia,Kerala,Sales Executive,1636509,27-05-2023,Low
81,Brinda Chacko,Female,25,Satara,Uttarakhand,Doctor,1378677,21-12-2016,Low
82,Jagat Aurora,Female,24,Gaya,Odisha,Business,1194225,04-09-2024,Low
83,Maya Sankar,Female,31,Agartala,Nagaland,Sales Executive,1429538,08-05-2021,Medium
84,Laban Buch,Male,63,Siliguri,Goa,Doctor,1687118,03-02-2026,Low
85,Wishi Ramesh,Male,57,Jehanabad,Madhya Pradesh,Farmer,1997145,15-06-2024,Low
86,Anya Arora,Male,56,Proddatur,Meghalaya,Student,999026,27-07-2021,Low
87,Libni Barman,Male,25,Kottayam,Telangana,Business,254790,29-07-2021,Medium
88,Qadim Toor,Male,34,Gandhidham,Goa,Accountant,2082006,25-03-2022,Low
89,Devansh Jain,Female,33,Sambalpur,Tripura,Software Engineer,2092682,28-07-2024,Low
90,Kamya Sandal,Male,60,Gwalior,Arunachal Pradesh,Business,1835573,21-07-2017,Low
91,Yatin Thaker,Male,48,Bhilwara,Manipur,Student,948257,29-05-2019,High
92,Liam Rao,Female,66,Junagadh,Sikkim,Lawyer,2292169,15-05-2025,Low
93,Faraj Sahota,Male,49,Allahabad,Goa,Data Analyst,2263517,20-03-2023,Medium
94,Jacob Basak,Male,50,Durgapur,Maharashtra,Data Analyst,1436866,21-07-2019,High
95,Qabil Swaminathan,Female,44,Anantapuram,Jharkhand,Business,1352224,24-01-2019,Low
96,Vidhi Salvi,Male,28,Gorakhpur,Haryana,Lawyer,1043351,12-06-2020,Low
97,Harish Konda,Female,36,North Dumdum,Manipur,Sales Executive,2150687,11-10-2021,Low
98,Ethan Issac,Male,18,Loni,Bihar,Farmer,216786,05-01-2022,Low
99,Siya Sood,Female,55,Hosur,Odisha,Teacher,2434796,10-06-2022,Low
100,Ikshita Balakrishnan,Male,64,Indore,Arunachal Pradesh,Data Analyst,909956,31-05-2019,Low
101,Dhruv Nagy,Female,20,Jaunpur,Kerala,Software Engineer,1792451,29-08-2019,Medium
102,George Bora,Female,62,Panihati,Madhya Pradesh,Teacher,2370021,29-11-2024,Low
103,Qabil Saha,Female,46,Meerut,Rajasthan,Software Engineer,756529,10-07-2021,Medium
104,Yashvi Barad,Male,67,Tinsukia,Goa,Data Analyst,2080231,05-04-2019,Low
105,Abdul Magar,Female,48,Bhilai,Kerala,Lawyer,1841855,27-01-2026,High
106,Azad Mangat,Female,52,Thanjavur,Karnataka,Student,335592,01-02-2017,Low
107,Amruta Shenoy,Female,34,Ahmednagar,Bihar,Farmer,1263763,08-05-2026,Medium
108,Abha Sawhney,Male,43,Burhanpur,Karnataka,Lawyer,558080,15-11-2023,Low
109,Zansi Gera,Female,55,Berhampore,Himachal Pradesh,Sales Executive,534678,17-02-2024,Low
110,Agastya Edwin,Male,27,Bokaro,Sikkim,Student,2324650,08-01-2025,Low
111,Yutika Ahuja,Female,21,Muzaffarpur,Gujarat,Software Engineer,972103,26-03-2025,Low
112,Ethan Kata,Male,70,Bulandshahr,Chhattisgarh,Software Engineer,1622035,12-12-2018,Medium
113,Siya Wagle,Male,57,Chandrapur,Chhattisgarh,Business,1451684,05-02-2022,Low
114,Atharv Varghese,Female,35,Shimoga,Rajasthan,Doctor,2047978,13-10-2018,Low
115,Xavier Goda,Male,62,Navi Mumbai,Madhya Pradesh,Doctor,1014109,02-05-2023,Low
116,Hemang Date,Male,19,Ratlam,Meghalaya,Data Analyst,670380,06-02-2018,Low
117,Panini Dyal,Male,68,Kharagpur,Karnataka,Doctor,456145,14-03-2017,Low
118,Praneel Chakrabarti,Male,38,Raipur,Meghalaya,Software Engineer,1586141,06-09-2019,Low
119,Yatan Raghavan,Female,66,Ahmednagar,Tripura,Software Engineer,1468009,11-08-2024,Low
120,Pratyush Chaudhary,Female,41,South Dumdum,Odisha,Accountant,2235738,26-01-2018,Low
121,Wridesh Bava,Male,60,Jamalpur,Odisha,Student,2217682,11-09-2018,High
122,Chatresh Edwin,Female,67,Eluru,Odisha,Software Engineer,1819128,01-11-2016,Low
123,Madhav Raj,Female,50,Raiganj,Odisha,Lawyer,1692526,10-06-2023,Low
124,Upma Pillai,Female,62,Mysore,Meghalaya,Business,450543,13-12-2021,Low
125,Anusha Bains,Female,19,Allahabad,Nagaland,Farmer,439771,01-02-2025,Low
126,Jagvi Balasubramanian,Female,64,Ongole,Chhattisgarh,Teacher,578649,02-03-2025,Low
127,Hiral Jha,Female,69,Berhampore,Goa,Lawyer,1961918,11-10-2024,High
128,Hardik Bakshi,Female,57,Proddatur,Maharashtra,Lawyer,807947,30-04-2017,Medium
129,Aarush Prabhakar,Male,46,Panchkula,Gujarat,Software Engineer,2393827,02-05-2019,Low
130,Damyanti Dave,Male,19,Phagwara,Madhya Pradesh,Software Engineer,1557138,13-07-2024,Medium
131,Upma Pandey,Female,58,Raebareli,Telangana,Farmer,1212996,28-10-2020,High
132,Pushti Sastry,Female,61,Bally,Andhra Pradesh,Teacher,1820843,10-07-2017,Low
133,Jagat Pandya,Male,37,Malda,Assam,Doctor,699817,01-10-2024,Low
134,Yadavi Doshi,Female,27,Madurai,Kerala,Teacher,963788,02-11-2016,Low
135,Hemangini Sanghvi,Male,43,Mysore,Nagaland,Sales Executive,302327,24-08-2025,Low
136,Yashvi Khatri,Female,70,Panihati,Himachal Pradesh,Lawyer,1941755,09-09-2019,Low
137,Anmol Sule,Male,58,Mysore,Assam,Teacher,1568898,14-04-2021,Low
138,Gagan Bumb,Female,30,Ozhukarai,Kerala,Farmer,2362577,06-10-2023,Low
139,Hiral Viswanathan,Female,18,Visakhapatnam,Telangana,Lawyer,1955491,19-08-2025,High
140,Avi Saini,Male,29,Bihar Sharif,Arunachal Pradesh,Sales Executive,1313967,13-04-2026,Low
141,Azaan Chowdhury,Male,26,Jalandhar,Assam,Software Engineer,281847,22-02-2023,Low
142,Aradhana Bhardwaj,Male,19,Bokaro,Rajasthan,Accountant,1592152,24-08-2016,High
143,Zashil Karan,Female,38,Rourkela,Assam,Student,704475,14-03-2024,Medium
144,Nathan Ganguly,Male,54,Jammu,Uttar Pradesh,Doctor,715426,10-03-2026,Low
145,Ishani Chakraborty,Male,26,Navi Mumbai,Meghalaya,Business,338172,22-07-2024,Low
146,Ijaya Dixit,Female,28,Bulandshahr,Maharashtra,Business,2290679,22-07-2018,Low
147,Kala Lad,Male,23,Kumbakonam,Meghalaya,Data Analyst,607275,26-01-2018,Medium
148,Indrajit Mandal,Female,53,Arrah,Meghalaya,Accountant,1234203,19-01-2020,Medium
149,Amruta Sane,Male,30,Sagar,Assam,Sales Executive,1983940,27-08-2017,Medium
150,Chakradev Sanghvi,Female,24,Tumkur,Kerala,Business,2236350,29-03-2024,Medium
151,Chakradhar Varty,Male,21,Karawal Nagar,Assam,Student,1290175,08-01-2020,Medium
152,Riya Bath,Male,50,Singrauli,Andhra Pradesh,Teacher,2364234,16-08-2023,Low
153,Arunima Raju,Male,27,Meerut,Haryana,Lawyer,1391599,31-03-2022,Low
154,Laksh Bhavsar,Male,22,Mira-Bhayandar,Andhra Pradesh,Student,821926,02-05-2017,Low
155,Arya Narang,Female,29,Moradabad,Jharkhand,Sales Executive,1317227,30-08-2019,Low
156,Yuvraj Gokhale,Female,66,North Dumdum,Nagaland,Farmer,1525678,24-05-2023,Low
157,Mekhala Mahajan,Female,52,Purnia,Rajasthan,Software Engineer,473878,08-11-2017,Low
158,Jagrati Goswami,Male,67,Dhule,Madhya Pradesh,Doctor,1365075,06-04-2026,Low
159,Anjali Lata,Male,66,Kamarhati,Telangana,Student,207061,05-05-2024,Low
160,Yahvi Sani,Male,43,Moradabad,Jharkhand,Doctor,1681628,14-06-2024,Low
161,Leela Merchant,Female,52,Srikakulam,Chhattisgarh,Data Analyst,1631136,22-03-2021,Medium
162,Vedika Jain,Female,68,Barasat,Kerala,Lawyer,2333652,29-01-2026,Low
163,Balvan Modi,Female,27,Tiruppur,Goa,Business,1143997,16-08-2020,Low
164,Tripti Palla,Male,25,Hajipur,Punjab,Student,2016777,26-08-2016,Medium
165,Pranav Murthy,Male,34,Khandwa,Jharkhand,Doctor,1941467,30-04-2020,High
166,Keya Bakshi,Female,66,Rohtak,Assam,Software Engineer,2124369,06-06-2025,High
167,Advay Sarkar,Male,26,Ujjain,Kerala,Software Engineer,1300658,17-11-2017,High
168,Andrew Chawla,Female,50,Serampore,Andhra Pradesh,Sales Executive,1232612,14-10-2016,Low
169,Saksham Palan,Male,44,Jamshedpur,Uttarakhand,Software Engineer,669518,18-11-2016,Medium
170,Januja Chaudhuri,Female,62,Kottayam,Haryana,Software Engineer,277088,27-04-2026,Low
171,Kala Sarraf,Male,18,Chittoor,Manipur,Teacher,1217273,26-09-2023,Low
172,Jairaj Memon,Male,59,Jalgaon,Uttar Pradesh,Doctor,653009,30-03-2024,Medium
173,Nidhi Rout,Female,64,Rewa,Uttar Pradesh,Lawyer,1333598,06-07-2017,Low
174,Advik Bawa,Male,27,Kulti,Tamil Nadu,Accountant,2355972,04-12-2018,High
175,Ranbir Oak,Male,40,Jalgaon,Telangana,Teacher,364900,02-03-2019,High
176,Jeet Mallick,Female,24,Coimbatore,Arunachal Pradesh,Accountant,686307,18-02-2018,High
177,Isaiah Manne,Female,53,Kolkata,Punjab,Student,388338,19-03-2019,High
178,Charan Chowdhury,Male,34,Amritsar,Arunachal Pradesh,Farmer,416551,31-03-2018,High
179,Manthan Nair,Male,65,Tirupati,Kerala,Business,302125,09-07-2024,Low
180,Kamya Yadav,Female,65,Bardhaman,Uttar Pradesh,Business,1496484,19-06-2026,Medium
181,Simon Ben,Male,44,Nandyal,Kerala,Doctor,678376,06-05-2022,Medium
182,Chameli Comar,Female,26,Shimoga,Himachal Pradesh,Data Analyst,603602,15-04-2020,Low
183,Nathan Bawa,Female,37,Ghaziabad,Tripura,Software Engineer,1016469,02-06-2026,Low
184,Nicholas Arya,Female,48,Rohtak,Mizoram,Lawyer,1152869,20-04-2022,Low
185,Vanya Dayal,Male,62,Tiruppur,West Bengal,Accountant,1318015,15-12-2019,Low
186,Advaith Gill,Female,30,Patna,Nagaland,Sales Executive,1084436,23-04-2021,Low
187,Indrajit Agarwal,Female,68,Noida,Rajasthan,Sales Executive,2171775,05-05-2019,Low
188,Peter Balasubramanian,Male,52,Raebareli,Karnataka,Farmer,783954,17-06-2018,Low
189,Ekta Chana,Male,31,Madurai,Tripura,Farmer,581656,19-02-2022,Low
190,Zinal Chandran,Female,44,Pali,Jharkhand,Doctor,594864,05-01-2018,High
191,Jeevika Sankar,Female,56,Kozhikode,Tamil Nadu,Software Engineer,2399088,13-01-2018,Low
192,Dhruv Venkatesh,Female,19,Loni,Bihar,Software Engineer,2064563,31-10-2024,Medium
193,Meera Mane,Female,19,Jaunpur,Bihar,Lawyer,888349,26-09-2018,Low
194,Ubika Gola,Female,38,Dhanbad,Odisha,Business,1199575,13-10-2017,Low
195,Ekiya Banerjee,Male,30,Pune,Mizoram,Lawyer,349543,05-06-2024,High
196,Nikita Dass,Female,70,Patiala,Goa,Farmer,1443656,17-10-2023,Low
197,Advika Verma,Male,38,Mango,Haryana,Sales Executive,1203903,22-05-2019,Medium
198,Atharv Srinivas,Female,55,Panihati,Uttarakhand,Sales Executive,1270708,12-11-2025,Medium
199,Amrita Sharma,Male,28,Anand,Manipur,Software Engineer,2077677,28-03-2024,Low
200,Advay Krish,Female,53,Nanded,Tamil Nadu,Lawyer,1680621,25-08-2017,Low
201,Mitali Randhawa,Male,50,Kharagpur,Maharashtra,Business,1689478,09-09-2019,High
202,Arya Kanda,Female,67,Berhampore,Kerala,Software Engineer,2300518,27-12-2021,Medium
203,Tejas Khosla,Female,32,Singrauli,Maharashtra,Teacher,1482400,31-07-2017,Low
204,Aditya Dada,Male,56,Eluru,Arunachal Pradesh,Sales Executive,710180,10-02-2021,Low
205,Wishi Bali,Male,47,Miryalaguda,Maharashtra,Farmer,841975,30-06-2024,Low
206,Yadavi Saraf,Male,68,Tinsukia,Goa,Doctor,1506937,30-04-2018,Low
207,Tanvi Arora,Female,57,Phagwara,Assam,Farmer,612362,20-08-2024,Low
208,Veer Srivastava,Female,64,Mau,Tamil Nadu,Teacher,2119057,05-01-2024,Low
209,Shravya Desai,Female,60,Junagadh,Kerala,Business,2214318,18-08-2024,Low
210,Pratyush Ganguly,Male,26,Muzaffarpur,Andhra Pradesh,Teacher,1502681,04-07-2026,High
211,Nidhi Babu,Female,70,Raiganj,Gujarat,Student,2281211,15-09-2024,Low
212,Damini Aurora,Male,60,Alwar,Haryana,Lawyer,1281436,28-01-2017,Low
213,Michael Nayak,Female,25,Udupi,Tripura,Business,1723993,27-10-2021,Low
214,Advik Nigam,Female,22,Mira-Bhayandar,Goa,Teacher,1805435,05-12-2018,Low
215,Chandani Deep,Male,19,Srikakulam,Assam,Business,2021960,21-03-2025,Medium
216,Panini Borra,Female,70,Gwalior,Punjab,Lawyer,864729,01-03-2022,Low
217,Jackson Ravi,Male,48,Hapur,Goa,Business,1558252,14-12-2018,Low
218,Logan Ramakrishnan,Female,66,Hosur,Madhya Pradesh,Accountant,909407,17-02-2026,Low
219,Amaira Saraf,Male,29,Bhilai,West Bengal,Student,1929757,09-09-2017,Low
220,Wahab Venkataraman,Female,64,Bathinda,Uttarakhand,Software Engineer,2211385,27-02-2025,Low
221,Oscar Butala,Male,61,Sambhal,Uttarakhand,Sales Executive,524658,01-03-2019,Low
222,Vedika Memon,Male,20,Panvel,Uttar Pradesh,Farmer,1490380,30-03-2026,Low
223,Tanay Nagi,Male,19,Gopalpur,Haryana,Business,855200,29-05-2020,Medium
224,Krish Dugar,Female,55,Bhilai,West Bengal,Lawyer,1747722,09-01-2017,Low
225,Ekaraj Kara,Male,25,Tinsukia,West Bengal,Lawyer,1438430,30-08-2021,High
226,Nidhi Aggarwal,Female,54,Satna,Uttarakhand,Lawyer,270747,08-06-2017,Low
227,Chatura Luthra,Female,53,Karnal,Jharkhand,Sales Executive,748043,10-12-2020,Medium
228,Anthony Sharma,Female,35,Unnao,Jharkhand,Software Engineer,407696,04-08-2025,Low
229,Nicholas Randhawa,Female,25,Gudivada,Mizoram,Software Engineer,1459638,11-02-2017,Low
230,Diya Ray,Male,48,Mau,Manipur,Sales Executive,924495,27-12-2020,High
231,Yahvi Sankaran,Female,65,Ahmedabad,Odisha,Teacher,1269661,22-04-2026,Low
232,Vihaan Nath,Male,61,Karaikudi,Jharkhand,Student,1997381,22-08-2024,High
233,Lucky Mallick,Female,18,Guntur,Chhattisgarh,Sales Executive,875707,20-06-2024,Low
234,Aarav Sundaram,Male,47,Visakhapatnam,Jharkhand,Business,912305,10-01-2017,Low
235,Atharv Mittal,Male,31,Bokaro,Uttar Pradesh,Student,967244,02-03-2021,Low
236,Fitan Behl,Male,30,Rajkot,Punjab,Doctor,1596157,29-08-2020,Low
237,Udarsh Rattan,Female,44,Rajkot,Chhattisgarh,Data Analyst,1595272,01-04-2023,High
238,Aradhana Iyengar,Female,54,Suryapet,Mizoram,Student,1715913,13-08-2016,Low
239,Janani Dora,Male,44,Mango,Nagaland,Business,266586,14-12-2017,Low
240,Eiravati Buch,Male,39,Latur,Uttarakhand,Student,2108983,05-12-2022,Medium
241,Oviya Patil,Male,31,Jaipur,Haryana,Farmer,2473830,19-09-2016,Low
242,Faraj Sahni,Female,34,Rampur,Uttarakhand,Farmer,2042362,10-04-2024,Low
243,Onveer Loyal,Female,32,Narasaraopet,Assam,Farmer,1665159,12-01-2017,Low
244,Odika Toor,Female,67,Chandrapur,West Bengal,Software Engineer,1269919,21-06-2017,Low
245,Ekiya Patil,Female,62,Bijapur,Mizoram,Business,2122667,23-09-2023,Low
246,Radha Mohanty,Female,24,Chittoor,Punjab,Teacher,1744819,03-06-2020,Low
247,Sudiksha Bhargava,Female,67,Chittoor,Haryana,Business,2222694,22-04-2026,Medium
248,Ojas Parekh,Female,52,Vasai-Virar,Andhra Pradesh,Doctor,1442528,12-05-2023,Low
249,Girindra Warrior,Male,33,Kadapa,Tamil Nadu,Business,1809488,18-07-2017,Low
250,Watika Gade,Female,63,Farrukhabad,Andhra Pradesh,Lawyer,306012,17-01-2019,Low
251,Nimrat Sastry,Male,36,Kishanganj,Haryana,Accountant,421351,03-11-2025,Medium
252,Urvashi Kala,Male,33,Pali,Arunachal Pradesh,Student,1687490,11-09-2017,Low
253,Samar Dyal,Male,28,Pimpri-Chinchwad,Himachal Pradesh,Farmer,1052110,15-08-2024,Low
254,Karan Shenoy,Male,56,Srikakulam,Himachal Pradesh,Software Engineer,1004242,15-09-2021,Low
255,Chatura Tella,Male,36,Panvel,Goa,Lawyer,1500182,24-11-2023,High
256,Anvi Bail,Female,65,Mahbubnagar,Assam,Software Engineer,1057657,15-06-2019,Low
257,Michael Sani,Female,37,Uluberia,Himachal Pradesh,Software Engineer,2181565,20-01-2023,Medium
258,Zaid Apte,Female,38,Fatehpur,Bihar,Teacher,1659875,03-10-2017,Low
259,Idika Saha,Female,69,Vadodara,Jharkhand,Farmer,1479231,17-08-2021,Low
260,Kavya Krishnamurthy,Female,41,Gandhinagar,Sikkim,Accountant,1185500,20-04-2025,Low
261,Kevin Nayak,Male,46,Erode,Rajasthan,Business,1942877,11-12-2024,Medium
262,Tanvi Goda,Female,30,Jammu,Rajasthan,Business,1179699,24-04-2017,Low
263,Zinal Chokshi,Female,23,Rajkot,Punjab,Farmer,1817338,14-11-2024,Low
264,Gagan Goyal,Female,20,Haldia,Maharashtra,Doctor,1045507,14-11-2016,Low
265,Ekalinga Rana,Female,66,Silchar,Madhya Pradesh,Farmer,1438187,17-09-2024,Low
266,Yauvani Pillay,Female,29,Bahraich,Odisha,Accountant,1645624,20-05-2020,Low
267,Vinaya Deep,Female,49,Surat,Haryana,Accountant,913819,14-10-2023,Medium
268,Kavya Arora,Female,62,Ranchi,Uttar Pradesh,Student,869656,08-03-2023,Medium
269,Nathaniel Tripathi,Male,40,Mangalore,Karnataka,Accountant,1345632,30-11-2020,Medium
270,Triveni Pradhan,Female,52,Kishanganj,Meghalaya,Data Analyst,758199,20-02-2022,Low
271,Brijesh Dhar,Female,35,Thanjavur,Andhra Pradesh,Teacher,992415,08-02-2023,High
272,Anusha Khanna,Male,38,Mango,Assam,Business,1313207,14-02-2021,Low
273,Wridesh Ahuja,Female,49,Bhopal,Arunachal Pradesh,Business,864551,28-12-2016,High
274,Damini Chowdhury,Male,18,Hubli–Dharwad,Bihar,Teacher,1830871,24-08-2019,Low
275,Mitesh Sengupta,Female,47,Nandyal,Sikkim,Teacher,551622,06-07-2022,Medium
276,Krish Bhatia,Male,30,Gangtok,Tamil Nadu,Accountant,558576,28-07-2021,Low
277,Ekaja Shankar,Female,33,Aurangabad,Bihar,Teacher,1232599,15-05-2017,Low
278,Januja Oza,Female,61,Mathura,Tamil Nadu,Lawyer,1165007,03-12-2022,Low
279,Vaishnavi Kapur,Male,34,Adoni,Manipur,Doctor,2380213,11-01-2024,High
280,Faris Lala,Male,59,Arrah,Odisha,Data Analyst,442041,09-07-2020,Medium
281,Chatresh Nayar,Female,67,Raipur,Kerala,Sales Executive,701406,08-03-2022,Medium
282,Isaac Sandhu,Male,61,Surat,Bihar,Sales Executive,1297608,16-08-2018,High
283,Manbir Comar,Female,53,Madurai,Himachal Pradesh,Lawyer,412953,29-01-2022,Medium
284,Warhi Gera,Female,65,Shimoga,Haryana,Accountant,2221905,09-07-2025,Medium
285,Falguni Saini,Female,24,Hubli–Dharwad,Meghalaya,Software Engineer,1369637,15-03-2022,Medium
286,Harshil Pradhan,Male,63,Erode,Madhya Pradesh,Doctor,1828658,21-10-2025,Low
287,Chaitaly Kalla,Male,20,Thoothukudi,Goa,Farmer,1059852,14-01-2019,Low
288,Tanmayi Jayaraman,Female,69,Navi Mumbai,Uttar Pradesh,Business,833647,21-10-2020,Low
289,Balveer Tailor,Female,66,Kolkata,Mizoram,Farmer,1865531,18-07-2022,Low
290,Garima Lanka,Male,28,Suryapet,Gujarat,Student,1590742,18-08-2021,Low
291,Samar Dhar,Female,23,Gurgaon,Gujarat,Data Analyst,241172,13-05-2025,Low
292,Aayush Subramaniam,Male,33,New Delhi,Odisha,Sales Executive,1706396,01-10-2016,Medium
293,Saumya Rai,Male,23,Kochi,Maharashtra,Data Analyst,573639,04-01-2024,Low
294,Ubika Rajan,Male,70,Ludhiana,Gujarat,Farmer,1022302,05-12-2023,Medium
295,Inaya Patla,Female,35,Bharatpur,Sikkim,Farmer,600535,23-07-2020,Low
296,Yashasvi Mukherjee,Male,29,Gorakhpur,Punjab,Sales Executive,315980,06-05-2017,Low
297,Baljiwan Chhabra,Female,55,Bikaner,Jharkhand,Lawyer,1031800,03-11-2018,Low
298,Simon Chaudhuri,Female,45,Vasai-Virar,Maharashtra,Farmer,2349983,10-02-2023,Low
299,Ansh Nanda,Female,54,Ballia,Bihar,Doctor,1515956,02-01-2020,High
300,Raghav Varkey,Female,69,Tirunelveli,Goa,Teacher,971550,15-06-2018,Medium
301,Anay Brahmbhatt,Female,48,Sambhal,Tamil Nadu,Teacher,623476,16-11-2021,Medium
302,Tarak Atwal,Male,45,Bareilly,Punjab,Data Analyst,2190703,12-09-2017,Low
303,Kai Chahal,Male,52,Bangalore,Madhya Pradesh,Lawyer,1347751,21-02-2019,Medium
304,Januja Bala,Female,19,Secunderabad,Haryana,Teacher,1999133,12-08-2022,Low
305,Rudra Shanker,Female,55,Delhi,Andhra Pradesh,Student,2369811,18-06-2018,Low
306,Manya Raja,Female,52,Chittoor,Uttar Pradesh,Lawyer,1024845,23-08-2016,Medium
307,Upma Dasgupta,Male,18,Chittoor,Uttarakhand,Software Engineer,1829361,30-09-2021,Low
308,Bishakha Sathe,Female,67,Chittoor,Kerala,Student,2298427,11-01-2017,Low
309,Jatin Kapur,Female,19,Shimoga,Tamil Nadu,Software Engineer,2074790,07-12-2022,Low
310,Yachana Mander,Female,53,Raebareli,Odisha,Data Analyst,2178525,04-01-2021,Low
311,Saksham Venkatesh,Female,52,Saharanpur,Madhya Pradesh,Student,740504,26-07-2025,Low
312,Jacob Srinivasan,Male,25,Faridabad,Tripura,Farmer,554502,12-06-2021,Low
313,Ekantika Sachar,Female,23,Phagwara,Uttarakhand,Lawyer,768182,29-09-2018,Low
314,Netra Dyal,Female,30,Begusarai,Jharkhand,Lawyer,1593886,20-08-2018,Low
315,Jagrati Loyal,Female,57,Mahbubnagar,Maharashtra,Doctor,1957017,31-12-2016,Medium
316,Gaurang Badami,Male,50,Avadi,Kerala,Data Analyst,1623114,15-06-2019,Medium
317,Hredhaan Sodhi,Female,68,Khammam,Madhya Pradesh,Lawyer,996645,26-03-2024,High
318,Mitesh Dey,Female,33,Rourkela,Odisha,Business,2272129,10-11-2025,Low
319,Hema Handa,Male,55,Cuttack,Tripura,Data Analyst,942438,01-02-2020,Medium
320,Ekantika Baral,Female,66,Gangtok,Manipur,Lawyer,914584,15-08-2019,Low
321,Krisha Srinivas,Female,50,Kollam,Uttar Pradesh,Business,1241645,31-05-2021,Low
322,Wakeeta Bhagat,Female,31,Akola,Chhattisgarh,Software Engineer,746264,27-05-2026,Low
323,Jeevika Pradhan,Female,32,Jammu,West Bengal,Accountant,2483462,17-11-2016,Low
324,Anmol Kumar,Male,51,Panihati,Kerala,Student,2165514,06-01-2023,Low
325,Warhi Mishra,Female,46,Guwahati,Jharkhand,Doctor,1203537,26-08-2018,Low
326,Vritti Mahal,Male,43,Raichur,Nagaland,Student,1882615,16-06-2018,Low
327,Udyati Pal,Female,19,Burhanpur,Bihar,Student,980338,18-05-2018,Low
328,Oni Thaker,Female,49,Tezpur,Mizoram,Business,1806399,09-10-2018,Low
329,Samarth Halder,Female,48,Loni,Maharashtra,Farmer,576248,16-09-2017,Low
330,Tamanna Prashad,Female,70,Madanapalle,Assam,Teacher,2277011,26-04-2026,Low
331,Kabir Dewan,Female,38,Phusro,Bihar,Lawyer,1899505,28-09-2017,Low
332,Gautami Tak,Male,50,Sasaram,Karnataka,Software Engineer,371831,16-11-2025,Low
333,Azaan Sarna,Female,66,Karawal Nagar,Gujarat,Sales Executive,2074608,20-06-2022,High
334,Varenya Zacharia,Female,57,Pimpri-Chinchwad,Haryana,Software Engineer,637604,29-07-2018,Medium
335,Gunbir Borra,Male,35,South Dumdum,Sikkim,Teacher,1721588,17-07-2022,Low
336,Sudiksha Srivastava,Female,23,Rourkela,Haryana,Farmer,885042,06-08-2022,High
337,Aadi Varma,Female,58,Buxar,Assam,Business,1394877,19-02-2022,Low
338,Damyanti Taneja,Female,35,Berhampore,Andhra Pradesh,Teacher,1894095,03-04-2022,Medium
339,Meghana Bhardwaj,Male,20,Nellore,Tripura,Lawyer,2042664,16-04-2026,Low
340,Jeremiah Banerjee,Female,69,Proddatur,Uttar Pradesh,Business,283786,04-06-2018,High
341,Christopher Kohli,Male,54,Sambhal,Uttar Pradesh,Sales Executive,1615472,24-11-2022,Low
342,Sara Bedi,Female,51,Bidhannagar,Madhya Pradesh,Farmer,1777319,26-12-2017,Low
343,Aryan Tailor,Male,53,Bhiwani,Uttar Pradesh,Data Analyst,2374068,13-03-2020,Low
344,Vivaan Mistry,Male,18,Mau,Sikkim,Sales Executive,475125,01-04-2020,Low
345,Timothy Aurora,Female,33,Sagar,Meghalaya,Teacher,347181,28-06-2019,Medium
346,Lila Goswami,Female,19,Chandigarh,West Bengal,Data Analyst,1459808,21-07-2021,Low
347,Varsha Anne,Male,65,Tirupati,Odisha,Lawyer,931673,16-09-2019,Medium
348,Girish Koshy,Female,32,Bhusawal,Uttarakhand,Business,2297852,30-05-2024,Low
349,Wahab Krish,Male,28,Kumbakonam,Kerala,Student,1833704,26-05-2024,Low
350,Hema Dua,Female,62,Fatehpur,Jharkhand,Teacher,1383072,11-02-2023,Low
351,Mekhala Dey,Male,66,Bijapur,Odisha,Teacher,398324,30-05-2019,Low
352,Charvi Sankar,Male,29,Moradabad,Mizoram,Business,395724,16-04-2026,Low
353,Manan Rout,Male,26,Tirunelveli,Meghalaya,Software Engineer,526524,30-07-2020,Low
354,Dhriti Dewan,Male,51,Lucknow,Punjab,Lawyer,2217397,03-04-2022,Medium
355,Ronith Garg,Female,21,Madurai,Tamil Nadu,Accountant,1324378,27-06-2020,Low
356,Warda Swamy,Female,62,Tenali,Odisha,Business,842651,11-11-2023,Low
357,Tara Devi,Male,51,Kolhapur,Maharashtra,Sales Executive,2309763,18-12-2017,High
358,Girindra Joshi,Female,29,Varanasi,Gujarat,Farmer,595138,17-02-2026,High
359,Hardik Bhattacharyya,Male,43,Panipat,Assam,Student,2315539,19-01-2022,Low
360,Vivaan Mitra,Female,61,Bhiwani,Bihar,Farmer,325753,21-10-2017,Low
361,Naksh Ravi,Male,56,Navi Mumbai,Chhattisgarh,Teacher,655084,20-04-2023,Low
362,Balveer Pandya,Female,21,Shimla,Tamil Nadu,Student,539716,20-08-2025,High
363,Pallavi Dutta,Female,41,Guntur,Tripura,Teacher,1045215,31-08-2020,Low
364,Kevin Din,Male,70,Jodhpur,West Bengal,Lawyer,1232931,23-08-2022,Low
365,Pushti Chada,Male,55,Jodhpur,Bihar,Sales Executive,526257,09-08-2017,Medium
366,Teerth Borde,Male,22,Amravati,Uttarakhand,Doctor,1993744,03-11-2017,Low
367,Madhav Yogi,Male,56,Vijayawada,Karnataka,Business,1521569,06-11-2017,Low
368,Ishani Chandran,Male,30,Varanasi,Sikkim,Lawyer,1166806,02-02-2024,Low
369,Deepa Ganesan,Female,60,Nagpur,Manipur,Farmer,552120,12-08-2022,Low
370,Ganga Parsa,Male,30,Mira-Bhayandar,Chhattisgarh,Doctor,716647,06-08-2018,Low
371,Dev Gala,Male,64,Tadipatri,Madhya Pradesh,Lawyer,1888529,18-07-2017,Low
372,Udant Ramaswamy,Female,68,Rajkot,Tripura,Software Engineer,697314,29-01-2017,Low
373,Aarush Agrawal,Male,23,Dibrugarh,Bihar,Data Analyst,1881024,28-06-2022,Low
374,Harrison Yadav,Female,52,Motihari,Assam,Software Engineer,642929,24-12-2019,High
375,Adya Radhakrishnan,Male,24,Orai,Uttar Pradesh,Business,538906,20-03-2020,Low
376,Ayaan Srinivasan,Female,36,Dhule,Telangana,Student,1546660,20-09-2020,Medium
377,Diya Datta,Male,40,Bihar Sharif,Jharkhand,Software Engineer,757068,08-02-2019,Low
378,Damyanti Rana,Male,27,Silchar,Chhattisgarh,Farmer,1227307,20-01-2020,Low
379,Zinal Kalla,Female,47,Tiruppur,Tripura,Farmer,1610925,13-01-2023,Medium
380,Tamanna Tara,Male,22,Bally,Assam,Software Engineer,1820398,09-02-2023,Medium
381,Om Sundaram,Male,43,Bellary,Nagaland,Sales Executive,2024548,29-10-2022,Low
382,Faris Thaker,Female,34,Bulandshahr,Himachal Pradesh,Software Engineer,1971778,23-01-2021,Low
383,Nathan Chacko,Female,70,Bidhannagar,Kerala,Lawyer,1241408,02-10-2022,Low
384,Darika Kohli,Male,29,Chandigarh,Sikkim,Data Analyst,1279157,05-04-2018,High
385,Girik Gulati,Female,51,Siliguri,Telangana,Sales Executive,1079200,26-02-2018,Low
386,Veda Dixit,Female,27,Sangli-Miraj & Kupwad,Arunachal Pradesh,Software Engineer,1236428,03-10-2022,Low
387,Umang Mody,Female,35,Bhimavaram,Uttar Pradesh,Accountant,1273662,31-01-2020,Low
388,Widisha Agate,Male,67,Deoghar,Telangana,Accountant,253308,10-10-2025,Medium
389,Ojas Natt,Female,20,Ozhukarai,Sikkim,Student,1733262,01-10-2018,Medium
390,Leela Mody,Male,47,Vellore,Meghalaya,Lawyer,2014245,24-09-2025,Medium
391,Gavin Mannan,Male,46,Phagwara,Tamil Nadu,Student,1866218,05-02-2025,Low
392,Sathvik Nanda,Male,51,Guntur,Telangana,Doctor,632578,30-10-2020,Low
393,Arya Chhabra,Female,59,Bathinda,Maharashtra,Farmer,212689,04-05-2025,Low
394,Ati Bhagat,Male,53,Moradabad,Himachal Pradesh,Lawyer,749808,01-09-2016,Low
395,Lavanya Mohanty,Female,54,Hosur,Assam,Lawyer,1792481,05-04-2017,Low
396,Zayan Baral,Male,34,Gopalpur,Rajasthan,Business,1406924,17-09-2019,Low
397,Warda Varkey,Female,19,Sasaram,Madhya Pradesh,Data Analyst,971891,26-12-2024,Low
398,Barkha Dewan,Female,52,Kalyan-Dombivli,Uttar Pradesh,Farmer,2260739,30-01-2022,Low
399,Abha Dey,Female,50,Hajipur,Haryana,Student,1856638,26-12-2019,Low
400,Qasim Mitra,Male,34,Rajkot,Telangana,Lawyer,2359415,03-12-2022,Low
401,Charan Chandra,Female,51,Sambalpur,Maharashtra,Doctor,741526,09-05-2024,Low
402,Faqid Kant,Male,45,Raiganj,Bihar,Teacher,574266,16-11-2021,Low
403,Fiyaz Kale,Female,47,Etawah,Uttarakhand,Lawyer,1320730,25-06-2020,High
404,Aahana Suresh,Male,24,Katihar,Uttar Pradesh,Sales Executive,1196418,27-09-2019,Low
405,Simon Raju,Female,31,Saharsa,Tripura,Data Analyst,361458,16-12-2019,Low
406,Tarak Gulati,Female,44,Berhampore,Uttarakhand,Sales Executive,1904920,29-10-2020,Medium
407,Ekantika Sheth,Female,23,Bardhaman,Madhya Pradesh,Farmer,1014795,28-03-2018,Medium
408,Oscar Balakrishnan,Female,45,Ambattur,Manipur,Teacher,2457895,28-06-2022,Low
409,Atharv Madan,Female,46,Uluberia,Gujarat,Accountant,1715070,01-11-2025,Low
410,Amara Misra,Female,45,Ajmer,Telangana,Farmer,1485825,07-08-2018,Medium
411,Bishakha Walia,Female,56,Satara,Sikkim,Lawyer,364634,27-07-2022,Low
412,Naksh Bala,Female,63,Kolhapur,Bihar,Data Analyst,931463,23-06-2024,Low
413,Dominic More,Male,19,Sri Ganganagar,Sikkim,Lawyer,301639,29-07-2017,Low
414,Devansh Suresh,Male,22,Amravati,Sikkim,Teacher,446091,08-05-2025,Low
415,Meera Sarraf,Female,57,Anantapuram,Gujarat,Lawyer,1949866,25-11-2018,Low
416,Charles Mane,Male,23,Mysore,Nagaland,Teacher,1204978,10-06-2019,Low
417,Anthony Karnik,Male,47,Ozhukarai,Assam,Teacher,1710766,15-09-2020,Medium
418,Tejas Dalal,Female,59,Proddatur,Punjab,Software Engineer,1748446,25-10-2024,Low
419,Raghav Kanda,Male,38,Ludhiana,Assam,Accountant,2094843,10-01-2018,Low
420,Aashi Shukla,Female,26,Pondicherry,Goa,Doctor,566194,09-01-2025,Low
421,Lila Amble,Female,28,Pondicherry,Madhya Pradesh,Sales Executive,2319288,02-09-2023,Low
422,Faras Dhaliwal,Male,61,Mira-Bhayandar,Madhya Pradesh,Data Analyst,1827446,18-11-2016,High
423,Jeet Edwin,Female,25,Secunderabad,Telangana,Teacher,2114886,30-09-2021,Low
424,Ayaan Bala,Male,59,Maheshtala,Goa,Student,2290263,06-04-2017,Low
425,Vihaan Bahri,Male,65,Rohtak,Telangana,Doctor,1612624,29-04-2021,Low
426,Ladli Apte,Female,28,Bhopal,Goa,Software Engineer,412806,07-04-2026,Low
427,Meghana Khosla,Female,49,Hospet,Tripura,Data Analyst,1179341,20-06-2020,Low
428,Nathan Dey,Male,68,Tinsukia,Karnataka,Lawyer,1954126,12-12-2025,Low
429,Vasana Patil,Female,23,Erode,Kerala,Data Analyst,2463194,16-02-2017,Medium
430,Urmi Sibal,Male,22,Kulti,Haryana,Accountant,956968,02-01-2026,Medium
431,Henry Vaidya,Male,33,Panvel,Chhattisgarh,Farmer,731391,25-11-2017,Medium
432,Nitara Gola,Male,54,Moradabad,Goa,Doctor,1157577,12-04-2023,Low
433,Nitara Arya,Female,30,Patna,Assam,Business,517046,04-05-2020,Medium
434,Barkha Kata,Female,67,Tadepalligudem,Manipur,Farmer,2147991,11-01-2021,Medium
435,Ayush Chokshi,Female,70,Gandhidham,Tripura,Doctor,1133102,24-03-2025,Low
436,Zehaan Raghavan,Male,34,Jaunpur,Odisha,Doctor,1202245,09-05-2026,Medium
437,Siya Bir,Male,31,Nagercoil,Chhattisgarh,Business,2239545,25-12-2023,Low
438,Hemangini Mander,Male,56,Chandrapur,Chhattisgarh,Business,1581586,29-05-2018,Low
439,Gaurav Tandon,Male,67,Khandwa,Manipur,Lawyer,1702442,25-07-2020,High
440,Rohan Sha,Male,41,Kanpur,Sikkim,Data Analyst,818265,29-09-2022,Low
441,Yashodhara Yogi,Female,35,Rohtak,Punjab,Data Analyst,806712,18-06-2024,High
442,Ethan Mutti,Male,51,Dehri,Chhattisgarh,Student,2147134,25-04-2022,Low
443,Raghav Natarajan,Female,63,Saharanpur,Chhattisgarh,Teacher,723776,20-04-2026,Low
444,Matthew Ramesh,Female,55,Bidar,Meghalaya,Farmer,1615644,07-05-2018,Medium
445,Raagini Sundaram,Male,70,Bangalore,Sikkim,Accountant,707034,08-12-2025,Low
446,Warjas Saha,Female,28,Naihati,Haryana,Software Engineer,2105232,21-06-2021,Low
447,Ira Das,Female,41,Lucknow,Odisha,Business,1547531,03-01-2017,Low
448,Lopa Chaudry,Female,47,Fatehpur,Meghalaya,Student,730530,23-07-2023,Medium
449,Aarini Bal,Male,20,Malegaon,Uttarakhand,Student,903280,24-06-2018,Low
450,Urvashi Kanda,Male,68,Jammu,Uttarakhand,Data Analyst,1314003,24-01-2023,Low
451,Liam Ram,Male,50,Mango,Andhra Pradesh,Lawyer,687384,19-12-2018,Low
452,Aishani Batra,Male,22,Siliguri,Telangana,Student,1586102,24-09-2016,Low
453,Sai Chacko,Male,68,Jalandhar,Tripura,Lawyer,1481969,22-05-2026,Medium
454,Balvan Solanki,Male,41,Moradabad,Mizoram,Doctor,1211672,08-08-2016,Low
455,Anthony Shetty,Male,35,Rajahmundry,Tripura,Sales Executive,1081943,16-05-2025,Low
456,Vrinda Bhatnagar,Male,22,Jhansi,Goa,Sales Executive,538262,16-08-2020,Medium
457,Utkarsh Sachdev,Male,48,Jalandhar,Himachal Pradesh,Lawyer,2221293,26-04-2018,Low
458,Luke Boase,Male,48,Tirupati,Uttar Pradesh,Business,2116256,04-08-2019,Medium
459,Qarin Johal,Female,42,Thiruvananthapuram,Tamil Nadu,Business,2120564,20-11-2019,Medium
460,Radhika Divan,Female,68,Dehri,Arunachal Pradesh,Doctor,1038134,13-05-2017,High
461,Patrick Setty,Female,64,Gandhinagar,Andhra Pradesh,Lawyer,2307682,01-12-2016,Low
462,Abhiram Nath,Male,59,Shivpuri,Rajasthan,Teacher,1450579,21-08-2018,Low
463,Shravya Sodhi,Female,49,Hospet,Kerala,Sales Executive,1710171,28-10-2022,Low
464,Xavier Chokshi,Female,44,Dharmavaram,Nagaland,Sales Executive,820492,02-01-2023,Low
465,Aarna Ravi,Female,61,Alwar,Punjab,Farmer,2324328,16-08-2020,Medium
466,Laksh Apte,Male,54,Silchar,Uttarakhand,Farmer,761861,21-01-2022,High
467,Maya Narain,Female,24,Jhansi,Telangana,Doctor,1551655,29-11-2018,Low
468,Aadhya Nair,Female,36,Muzaffarpur,Meghalaya,Lawyer,911703,08-11-2024,Low
469,Kevin Sabharwal,Female,66,Kottayam,Uttarakhand,Sales Executive,2444052,08-04-2025,High
470,Vritti Mallick,Male,23,Munger,Tamil Nadu,Business,1466972,15-05-2023,High
471,Oeshi Randhawa,Male,23,Hospet,Tripura,Student,691645,14-03-2021,Low
472,Arjun Kumer,Male,56,Bilaspur,West Bengal,Lawyer,636680,30-03-2025,Medium
473,Rishi Shenoy,Female,56,Gudivada,Manipur,Farmer,1302149,07-04-2020,Low
474,Ishani Rajagopal,Male,18,Hosur,West Bengal,Farmer,521393,11-03-2021,Low
475,Meera Borah,Female,55,Sri Ganganagar,Assam,Teacher,408399,20-03-2025,Low
476,Isha De,Female,44,Berhampur,Manipur,Business,896794,11-01-2025,Medium
477,Udant Bandi,Male,56,Raipur,Uttar Pradesh,Lawyer,800840,03-08-2022,Low
478,Kalpit Naidu,Female,61,Meerut,Gujarat,Student,1437210,14-03-2023,Low
479,Irya Mishra,Male,24,Kota,Odisha,Data Analyst,975661,26-09-2020,Low
480,Amruta Pingle,Male,39,Sambhal,Uttarakhand,Teacher,2271919,31-07-2018,Low
481,Vasatika Ganguly,Female,63,Bijapur,Haryana,Farmer,643192,16-06-2021,Medium
482,Ladli Shankar,Male,25,Ludhiana,West Bengal,Lawyer,484920,15-01-2019,Low
483,Nicholas Korpal,Female,69,Cuttack,Assam,Lawyer,1149656,08-04-2021,Low
484,Divya Ahuja,Male,44,Kirari Suleman Nagar,Gujarat,Software Engineer,943556,23-09-2016,Medium
485,Yoshita Dhawan,Male,61,Dehri,Mizoram,Sales Executive,640353,29-08-2018,High
486,Mohammed Sant,Female,20,Karawal Nagar,Goa,Software Engineer,687173,28-01-2017,High
487,Dhriti Om,Female,50,Durg,Sikkim,Accountant,1789214,14-05-2024,Low
488,Amrita Gaba,Female,58,Rajpur Sonarpur,Tamil Nadu,Doctor,223811,02-03-2023,Low
489,Kiaan Baria,Female,44,Kurnool,Nagaland,Student,447989,04-02-2021,Low
490,Mason Sangha,Male,23,Cuttack,Sikkim,Sales Executive,1842741,17-06-2024,Low
491,Vedika Dave,Male,19,Mango,Nagaland,Data Analyst,1199229,28-08-2020,Low
492,William Nath,Female,58,Berhampore,Meghalaya,Business,1570246,03-10-2020,Low
493,Jeevika Sachdev,Female,65,Mysore,Kerala,Student,772827,05-09-2016,Low
494,Bachittar Sule,Male,30,Ulhasnagar,West Bengal,Software Engineer,1213273,31-03-2020,Low
495,Amara Kale,Male,34,Karawal Nagar,Himachal Pradesh,Data Analyst,1371904,19-05-2017,Low
496,Ishanvi Datta,Male,47,Mysore,Telangana,Software Engineer,1735748,19-03-2019,Low
497,Advay Lalla,Female,60,Ajmer,Nagaland,Business,1976493,26-08-2016,Low
498,Akshay Munshi,Male,56,Mumbai,Arunachal Pradesh,Data Analyst,1294122,17-10-2025,Low
499,Jhalak Das,Female,33,Bangalore,Goa,Student,1498262,10-08-2021,Low
500,Rohan Kalla,Female,24,Rajahmundry,Meghalaya,Business,1610243,02-06-2023,Low
501,Zilmil Bahl,Male,25,Barasat,Andhra Pradesh,Student,971994,26-06-2026,Low
502,Warinder Shukla,Male,18,Vellore,Nagaland,Teacher,1767207,21-10-2020,Low
503,Kalpit Zachariah,Female,51,Giridih,Himachal Pradesh,Lawyer,1617599,12-10-2021,Low
504,Robert Reddy,Female,43,Nellore,Kerala,Teacher,414516,04-01-2025,Low
505,Nikita Yogi,Female,40,Bhiwandi,Tripura,Farmer,1406311,14-07-2018,Low
506,Qasim Randhawa,Female,27,Jalgaon,Maharashtra,Software Engineer,1422633,16-06-2020,Low
507,Sanya Ganesan,Male,22,Ambattur,Rajasthan,Business,1963057,26-07-2017,Medium
508,Fitan Nigam,Male,47,Thane,Maharashtra,Teacher,2073047,23-01-2019,Medium
509,Bhavna Chaudhari,Male,18,Sri Ganganagar,Arunachal Pradesh,Lawyer,763473,07-06-2017,Medium
510,Gauri Viswanathan,Female,24,Sikar,Maharashtra,Business,2008409,02-08-2024,Low
511,Daniel Oza,Female,65,Gudivada,Haryana,Farmer,2448700,23-01-2025,Medium
512,Ekantika Sarkar,Female,31,Ichalkaranji,Uttar Pradesh,Data Analyst,1355783,30-03-2018,Low
513,Keya Apte,Female,59,Vijayanagaram,Arunachal Pradesh,Accountant,1555283,08-03-2021,Low
514,Dipta Dhawan,Female,52,Tiruppur,Jharkhand,Accountant,1847866,18-05-2025,Low
515,Gautam Puri,Female,35,Surendranagar Dudhrej,Himachal Pradesh,Software Engineer,604156,19-01-2019,Low
516,Kritika Devan,Female,38,Tiruchirappalli,Andhra Pradesh,Teacher,2370105,21-06-2017,Low
517,Ubika Char,Male,59,Mau,Haryana,Business,811030,25-03-2021,Low
518,Urvashi Konda,Female,45,Bidhannagar,Gujarat,Sales Executive,2398598,13-01-2026,Low
519,Alka Sankaran,Male,23,Sangli-Miraj & Kupwad,Meghalaya,Farmer,256164,07-05-2021,Low
520,Chaman Barad,Male,25,Sikar,Tripura,Doctor,848032,08-09-2025,Low
521,Wridesh Raman,Male,58,Katni,Punjab,Sales Executive,1519508,09-06-2020,Low
522,Qushi Sanghvi,Female,20,Maheshtala,Uttar Pradesh,Business,328405,15-07-2017,Medium
523,Bhavani Sandhu,Female,62,Anantapur,Assam,Business,2395959,02-09-2023,Low
524,Ronith Kalita,Female,30,Uluberia,Tamil Nadu,Lawyer,954688,02-06-2023,Medium
525,Oeshi Varty,Female,23,Bidar,Haryana,Doctor,2197791,18-01-2026,Low
526,Varsha Patel,Female,65,Naihati,Haryana,Lawyer,2269009,15-03-2022,Medium
527,Samesh Gaba,Female,20,Tinsukia,Nagaland,Lawyer,1920816,08-07-2025,Low
528,Eta Chad,Female,43,Adoni,Manipur,Business,1818896,26-06-2017,Low
529,Yashasvi Kaur,Male,43,Kakinada,Tamil Nadu,Business,710358,09-04-2025,Medium
530,Nandini Barman,Male,27,Hosur,Chhattisgarh,Business,236808,15-08-2016,Low
531,Vaishnavi Kale,Male,60,Raiganj,Chhattisgarh,Business,1457237,22-10-2024,Low
532,Kevin Bahri,Male,25,Ratlam,Meghalaya,Software Engineer,254489,30-05-2018,Low
533,Bachittar Sehgal,Female,56,Belgaum,Manipur,Business,1479146,30-01-2020,Low
534,Tripti Mody,Female,21,Jamnagar,Sikkim,Student,212951,09-08-2018,Medium
535,Laban Nadkarni,Male,41,Jalna,Haryana,Sales Executive,1430968,02-09-2024,Low
536,Harita Tak,Male,68,Vijayanagaram,Chhattisgarh,Lawyer,243696,15-02-2026,Medium
537,Janaki Bora,Male,54,Bhavnagar,Jharkhand,Student,1589259,26-04-2017,Low
538,Vinaya Kapoor,Female,26,Dibrugarh,Punjab,Sales Executive,469467,24-10-2016,Low
539,Sanaya Saran,Female,67,Shimla,Jharkhand,Data Analyst,2364454,29-06-2023,Low
540,Qarin Tiwari,Male,70,Surendranagar Dudhrej,Rajasthan,Business,1393759,17-09-2023,Low
541,Shaurya Devi,Female,21,Khandwa,Mizoram,Farmer,485321,08-03-2018,Medium
542,Aishani Sabharwal,Male,48,Bhatpara,Jharkhand,Data Analyst,2333419,13-10-2025,Low
543,Nimrat Tripathi,Female,33,Thanjavur,Maharashtra,Accountant,2397141,22-03-2017,Low
544,Fiyaz Kashyap,Male,62,Kirari Suleman Nagar,Bihar,Software Engineer,2110909,30-04-2021,Low
545,Finn Bakshi,Male,21,Burhanpur,Madhya Pradesh,Sales Executive,207147,04-07-2018,Low
546,Unni Gopal,Female,64,Delhi,Nagaland,Doctor,1018603,28-11-2016,Low
547,Anirudh Sodhi,Female,31,Pimpri-Chinchwad,Rajasthan,Sales Executive,1482102,17-10-2020,Medium
548,Urishilla Dhaliwal,Female,25,Munger,Tamil Nadu,Teacher,942231,14-05-2021,Low
549,Zinal Acharya,Male,24,Nangloi Jat,Gujarat,Business,1058509,27-02-2025,High
550,Diya Jani,Male,53,Ahmednagar,Haryana,Data Analyst,427062,10-02-2024,Low
551,Oscar Tak,Female,43,Ujjain,Jharkhand,Data Analyst,1577219,14-01-2023,Low
552,Abhiram Chopra,Male,59,Thoothukudi,Kerala,Student,2158413,23-04-2022,Medium
553,Girindra Loyal,Female,18,Bhopal,Tripura,Teacher,1502020,15-09-2019,High
554,Kavya Sani,Female,53,Bareilly,Mizoram,Student,265130,25-02-2025,Medium
555,Keya Anand,Female,21,Katihar,Madhya Pradesh,Accountant,2360509,20-06-2020,Low
556,Onkar Ahuja,Male,52,Tumkur,Nagaland,Farmer,1025298,09-07-2017,Low
557,Kashish Patla,Male,54,Hubli–Dharwad,Maharashtra,Student,633619,24-08-2021,Medium
558,Pavani Bava,Female,34,Bettiah,Kerala,Accountant,944398,08-10-2016,Low
559,Onveer Gour,Male,39,Visakhapatnam,Madhya Pradesh,Accountant,2192769,30-09-2024,Low
560,Panini Ganesh,Female,26,Machilipatnam,West Bengal,Lawyer,1495904,15-12-2019,Low
561,Pushti Gala,Male,39,Alappuzha,Rajasthan,Student,1550745,26-01-2018,Low
562,Ishani Sethi,Female,62,Shivpuri,Sikkim,Data Analyst,1404449,28-06-2024,Low
563,Anirudh Chaudhary,Male,65,Ahmedabad,Himachal Pradesh,Doctor,638081,18-09-2021,Low
564,Warjas Biswas,Female,39,Rajahmundry,Assam,Business,1627642,16-04-2021,High
565,Harish Tank,Female,20,Alappuzha,Arunachal Pradesh,Student,1853099,19-09-2017,Medium
566,Jatin Chandran,Female,60,Hubli–Dharwad,Bihar,Student,2376010,05-06-2024,Low
567,Zaid Ray,Female,51,Guna,Karnataka,Student,1375308,29-06-2021,Low
568,Hema Ramaswamy,Male,46,Delhi,Meghalaya,Accountant,1349241,29-09-2022,Medium
569,Damini Ravi,Male,22,Sultan Pur Majra,Mizoram,Doctor,1863566,16-07-2021,Low
570,Nikita Hayre,Female,40,Nashik,Nagaland,Data Analyst,1094071,05-11-2016,High
571,Noah Rege,Male,42,Surendranagar Dudhrej,Meghalaya,Accountant,1245456,29-07-2018,Low
572,Upma Om,Female,56,Raurkela Industrial Township,Nagaland,Sales Executive,2319101,18-02-2026,Low
573,Harini Krishnan,Male,19,Barasat,Karnataka,Lawyer,307803,19-05-2025,Low
574,Raghav Anand,Male,29,Pune,Manipur,Data Analyst,1920148,22-01-2018,Low
575,Vrishti Bhattacharyya,Female,41,Burhanpur,Madhya Pradesh,Software Engineer,492658,12-08-2025,Low
576,Libni Dutt,Female,59,Belgaum,Himachal Pradesh,Business,737733,13-11-2016,Low
577,Gaurav Warrior,Female,27,Fatehpur,Haryana,Sales Executive,1064822,15-08-2025,Low
578,Falguni Bora,Female,30,New Delhi,Sikkim,Teacher,1944005,02-09-2022,Medium
579,Waida Bansal,Female,44,Thanjavur,Goa,Accountant,1964750,08-02-2020,High
580,Elijah Choudhry,Female,25,Moradabad,Meghalaya,Student,2048738,21-04-2018,Low
581,Rachit Karpe,Female,67,Korba,Telangana,Teacher,690406,04-03-2019,Medium
582,Patrick Rai,Female,48,Hazaribagh,Maharashtra,Student,2295782,03-01-2020,High
583,Agastya Jain,Male,56,Akola,Goa,Lawyer,1934360,24-12-2016,Low
584,Nicholas Thaman,Female,34,Jaunpur,Manipur,Sales Executive,1786289,08-10-2024,Low
585,Yashawini Sandal,Female,68,Gorakhpur,Kerala,Accountant,543032,08-11-2018,Low
586,Theodore Bhat,Male,20,Kakinada,Maharashtra,Business,2242404,23-03-2017,Low
587,Gopal Lalla,Male,26,Bhubaneswar,Meghalaya,Business,721697,27-11-2025,High
588,Vansha Sandal,Female,43,Delhi,Manipur,Student,1375529,01-01-2026,Low
589,Pahal Cherian,Female,35,Mau,Assam,Accountant,1307946,04-12-2017,Low
590,Hamsini Dass,Male,18,Chennai,Tripura,Lawyer,630295,27-12-2016,Medium
591,Aayush Dhawan,Male,19,Ulhasnagar,Goa,Software Engineer,1731316,11-08-2019,Medium
592,Jonathan Varkey,Female,63,Dehri,Maharashtra,Accountant,2225385,19-05-2025,Low
593,Ranbir Raval,Female,36,Bongaigaon,Karnataka,Business,1954276,21-04-2017,Low
594,Isaiah Chawla,Male,70,Dharmavaram,Himachal Pradesh,Farmer,1087709,02-04-2019,High
595,Omisha Rao,Male,42,Raurkela Industrial Township,Uttarakhand,Student,1034376,04-09-2022,Medium
596,Balendra Bajaj,Male,48,Vellore,Nagaland,Data Analyst,2059142,09-05-2021,Low
597,Liam Gala,Female,61,Karawal Nagar,Odisha,Software Engineer,2061541,18-09-2017,Medium
598,Advaith Pathak,Female,48,Bhagalpur,Rajasthan,Data Analyst,564235,12-01-2020,Low
599,Rayaan Shere,Male,23,Bhatpara,Tamil Nadu,Teacher,1629768,29-01-2023,Medium
600,Naveen Purohit,Female,63,Warangal,Himachal Pradesh,Doctor,2127971,12-09-2017,High
601,Pooja Kala,Male,23,Chandrapur,Rajasthan,Data Analyst,675401,01-01-2023,Low
602,Vivaan Issac,Male,59,Saharsa,Rajasthan,Farmer,2362228,05-01-2022,Low
603,Prisha Desai,Female,57,Nandyal,Telangana,Doctor,2194203,05-08-2023,Low
604,Fariq Memon,Male,43,Madhyamgram,Goa,Student,1333865,06-03-2022,Medium
605,Banjeet Sem,Male,46,Nizamabad,West Bengal,Sales Executive,1098457,07-03-2018,Low
606,Henry Cherian,Female,42,Gudivada,Karnataka,Software Engineer,2342661,18-02-2017,Low
607,Sudiksha Chandra,Female,62,Pudukkottai,Telangana,Accountant,486112,20-12-2017,Low
608,Dhriti Chaudhuri,Female,18,Jabalpur,Manipur,Software Engineer,2355198,10-02-2019,High
609,Rohan Chokshi,Female,28,Bijapur,Odisha,Business,2146733,17-06-2024,Medium
610,Tanay Nagy,Male,61,Karaikudi,West Bengal,Doctor,483722,22-08-2016,Medium
611,Nidra Naik,Female,45,Bhilwara,Himachal Pradesh,Farmer,1464806,23-04-2018,Low
612,Sneha Goel,Female,35,Panvel,Bihar,Software Engineer,2326472,12-11-2025,Low
613,Krisha Sami,Male,32,Orai,Haryana,Doctor,226835,03-08-2022,Low
614,Bahadurjit Yohannan,Female,41,Gaya,Odisha,Data Analyst,268037,24-12-2019,Low
615,Gauri Vig,Female,32,Mahbubnagar,Rajasthan,Software Engineer,1436179,06-09-2018,Low
616,Aarini Mittal,Male,42,Barasat,Tripura,Accountant,2146572,03-03-2023,Low
617,Suhani Basu,Male,58,Mangalore,Goa,Doctor,767634,09-03-2024,Low
618,Daksha Kalla,Male,39,Baranagar,Odisha,Data Analyst,1142151,01-01-2024,Low
619,Avi Mammen,Male,23,Siwan,Tripura,Lawyer,849884,23-03-2025,Low
620,Lucky Bhatnagar,Female,52,Tezpur,Kerala,Farmer,1303695,10-06-2025,Low
621,Mohini Pau,Female,30,Latur,Kerala,Accountant,1597599,11-09-2020,Low
622,Qadim Shah,Male,32,Raiganj,Assam,Software Engineer,1003331,27-05-2021,Low
623,Vihaan Raman,Male,60,Adoni,Nagaland,Farmer,2280179,22-08-2017,Low
624,Siddharth Chhabra,Female,39,Ghaziabad,Kerala,Student,689879,29-07-2020,Low
625,Idika Chhabra,Female,35,Berhampore,Chhattisgarh,Software Engineer,461360,01-03-2022,Low
626,Yauvani Pradhan,Female,29,Mehsana,Assam,Accountant,2370420,28-03-2025,Low
627,Bhavini Swamy,Male,38,Pimpri-Chinchwad,Uttarakhand,Student,1414470,04-04-2020,Medium
628,Adweta Mani,Female,34,Gorakhpur,Rajasthan,Sales Executive,1277364,19-09-2020,Low
629,Yashica Vig,Female,20,Bijapur,Mizoram,Sales Executive,323574,06-04-2024,Low
630,Manya Sur,Male,67,Mirzapur,Goa,Doctor,1550885,05-02-2020,Low
631,Chandresh Munshi,Male,44,Madhyamgram,Rajasthan,Farmer,2172169,05-04-2020,Medium
632,Anita Chaudhuri,Male,52,Nagpur,Odisha,Data Analyst,2183365,13-08-2021,Medium
633,Chatresh Kala,Male,65,Gandhinagar,Assam,Sales Executive,1902395,25-06-2020,Low
634,Tanish Chander,Female,69,Kalyan-Dombivli,Haryana,Business,1566641,04-10-2017,Low
635,Kala Chopra,Male,28,Anantapuram,Maharashtra,Lawyer,2191951,27-09-2023,Low
636,Vedika Sathe,Female,50,Davanagere,Arunachal Pradesh,Lawyer,2149385,17-06-2024,Low
637,Zinal Gulati,Female,49,Ghaziabad,Rajasthan,Software Engineer,2162729,02-07-2025,Low
638,Daksh Badami,Female,30,Chandigarh,Gujarat,Lawyer,374655,16-09-2019,Low
639,Veer Nagarajan,Female,58,Imphal,Telangana,Sales Executive,993350,11-12-2025,Low
640,Chandresh Lal,Female,49,Satna,Assam,Teacher,1951899,17-08-2019,Low
641,Janya Naidu,Male,66,Raiganj,Bihar,Business,1664534,18-11-2020,Medium
642,Onkar Narang,Female,58,Gopalpur,Madhya Pradesh,Software Engineer,448715,23-05-2017,Low
643,Harish Sarkar,Male,44,Madhyamgram,Goa,Sales Executive,1386908,20-02-2020,Low
644,Pavani Kumer,Male,27,Nandyal,Goa,Student,560417,11-10-2018,Low
645,Yoshita Talwar,Female,54,Bhusawal,Andhra Pradesh,Accountant,1038810,27-06-2021,High
646,Nihal Dewan,Female,55,Patna,Sikkim,Data Analyst,2049530,16-08-2021,Low
647,Sudiksha Ben,Female,19,Rajkot,Telangana,Data Analyst,2393153,16-12-2017,Low
648,Chasmum Bedi,Female,30,Uluberia,Karnataka,Software Engineer,1240331,05-11-2016,Low
649,Sanya Shetty,Male,34,Unnao,Telangana,Data Analyst,1044538,10-02-2023,Low
650,Jagat Chand,Male,42,Imphal,Uttar Pradesh,Student,1693547,27-04-2024,Low
651,Advay Kunda,Male,69,Mirzapur,Odisha,Software Engineer,2194387,28-11-2023,Medium
652,Amrita Shetty,Female,59,Anantapur,Bihar,Business,781596,11-02-2025,Low
653,Vyanjana Dass,Male,44,Kota,Odisha,Doctor,1379011,01-04-2018,Low
654,Akshay Chopra,Female,65,Ulhasnagar,Arunachal Pradesh,Data Analyst,1758914,14-04-2024,Low
655,Harsh Bhatt,Male,20,Panihati,Karnataka,Teacher,501460,24-08-2024,Low
656,Harrison Lata,Female,23,Ludhiana,Uttarakhand,Farmer,1072781,18-08-2025,Medium
657,Jackson Dara,Female,33,Patiala,Arunachal Pradesh,Doctor,1173044,26-12-2021,Low
658,Daksh Bandi,Male,33,Nadiad,Punjab,Sales Executive,2219764,06-10-2020,Low
659,Zaid Pingle,Male,19,Korba,Madhya Pradesh,Accountant,993927,16-01-2023,Medium
660,Faqid Dada,Female,69,Varanasi,Assam,Software Engineer,2222019,24-07-2022,Low
661,Samaksh Vyas,Female,18,Kalyan-Dombivli,Kerala,Accountant,1919202,09-09-2020,Medium
662,Faris Pant,Female,49,Durg,Andhra Pradesh,Software Engineer,1877983,13-01-2021,Low
663,Abhiram Dayal,Male,25,Hospet,Jharkhand,Business,1809204,13-09-2019,Low
664,Ekta Chanda,Female,56,Tiruvottiyur,Karnataka,Sales Executive,260682,08-04-2024,Medium
665,Oni Nori,Male,40,North Dumdum,Tripura,Business,245119,01-09-2023,High
666,Hredhaan Kulkarni,Male,68,Guna,Jharkhand,Student,1431953,05-09-2022,Low
667,Daksha Johal,Female,43,Danapur,Madhya Pradesh,Software Engineer,1550953,20-03-2018,Low
668,Odika Pillai,Male,52,Dehradun,Uttarakhand,Sales Executive,981363,18-02-2025,Low
669,Anay Wason,Female,56,Buxar,Mizoram,Data Analyst,283750,26-11-2018,Low
670,Bina Soman,Female,46,Pali,Nagaland,Accountant,1607878,21-05-2019,Low
671,Shaurya Sekhon,Female,18,Bhubaneswar,Haryana,Accountant,1965638,30-12-2016,Medium
672,Jeevika Pingle,Male,24,Mau,Madhya Pradesh,Data Analyst,2259137,01-03-2024,Low
673,Harini Chana,Female,32,Aurangabad,Haryana,Data Analyst,804513,06-03-2019,Low
674,Peter Wali,Female,38,Mira-Bhayandar,Mizoram,Software Engineer,928452,26-05-2017,Low
675,Ekiya Madan,Male,38,Guna,Bihar,Accountant,1387800,02-06-2019,Low
676,Rishi Sood,Female,31,Anantapur,Rajasthan,Software Engineer,2028489,02-11-2016,Low
677,Nachiket Kohli,Female,67,Tiruppur,Manipur,Business,570747,05-06-2021,Low
678,Kabir Sarin,Male,45,Asansol,Goa,Data Analyst,247890,12-02-2018,Low
679,Advika Dewan,Female,70,Yamunanagar,Madhya Pradesh,Sales Executive,1888137,03-12-2019,Low
680,Omaja Dara,Female,46,Sambalpur,Kerala,Sales Executive,1001369,05-07-2022,Low
681,Kamya Murty,Male,49,Phusro,Manipur,Accountant,1168801,01-03-2022,High
682,Tanay Kannan,Male,32,Howrah,Meghalaya,Student,2376012,01-02-2026,Medium
683,Warhi Rajagopal,Male,64,Tadipatri,Gujarat,Student,2454392,13-05-2020,Low
684,Hitesh Rai,Female,32,Mehsana,West Bengal,Accountant,2007710,17-05-2017,Low
685,Ishani Peri,Female,70,Jhansi,Haryana,Sales Executive,253943,15-08-2025,Low
686,Yashawini Saxena,Male,36,Jamnagar,Himachal Pradesh,Student,1942825,14-01-2026,Medium
687,Victor Parikh,Female,30,Howrah,Goa,Data Analyst,1337167,15-02-2023,Low
688,Jairaj Bir,Male,35,Secunderabad,Mizoram,Lawyer,1285650,11-08-2020,Medium
689,Advay Bhat,Male,48,Sangli-Miraj & Kupwad,Karnataka,Data Analyst,2267879,26-08-2019,High
690,Darpan Bhardwaj,Female,32,Sagar,Jharkhand,Farmer,663477,08-08-2025,Low
691,Gavin Puri,Male,30,Ghaziabad,Meghalaya,Software Engineer,1921323,17-12-2020,Low
692,Chatura Dhar,Male,54,Phusro,Goa,Software Engineer,504055,30-10-2018,High
693,Idika Wason,Male,37,Jammu,Bihar,Data Analyst,361176,21-06-2021,Medium
694,Triya Ghose,Male,28,Belgaum,Gujarat,Student,1603392,17-04-2017,Low
695,Adya Bhat,Male,55,Agra,Karnataka,Data Analyst,732257,25-06-2026,Low
696,Xiti Kapadia,Female,21,Bhopal,Tamil Nadu,Student,459812,28-08-2025,Medium
697,Girindra Morar,Female,39,Kumbakonam,Madhya Pradesh,Software Engineer,588962,17-07-2025,High
698,Pooja Bhatti,Female,28,Chennai,Telangana,Data Analyst,290180,01-06-2021,Low
699,Naksh Char,Male,70,Orai,Jharkhand,Lawyer,1515395,22-02-2023,Low
700,Laksh Devan,Female,39,Korba,Odisha,Doctor,1958615,14-08-2021,Low
701,Timothy Ravel,Female,61,Satara,Haryana,Student,269286,15-02-2018,Low
702,Chavvi Aurora,Male,35,Bharatpur,Manipur,Software Engineer,546146,11-11-2024,Low
703,Faris Balay,Male,51,Mau,Uttar Pradesh,Accountant,334377,17-10-2022,Low
704,Bhavani Sachdev,Male,54,Udaipur,Telangana,Data Analyst,907231,08-04-2021,Medium
705,Veda Rattan,Male,26,Saharsa,Chhattisgarh,Sales Executive,524880,18-04-2020,Low
706,Ranbir Sabharwal,Male,45,Guwahati,Jharkhand,Software Engineer,1778818,31-12-2022,High
707,Mitali Randhawa,Female,41,Bareilly,Uttarakhand,Farmer,248326,26-04-2017,Low
708,Alka Gour,Female,60,Gaya,Andhra Pradesh,Student,2187716,23-02-2019,Low
709,Darika Sem,Male,66,Anand,Kerala,Business,1815238,16-07-2018,Low
710,Imaran Bhandari,Female,51,Ghaziabad,Uttarakhand,Doctor,2333585,09-10-2019,Low
711,Mitesh Sarkar,Male,30,Serampore,Kerala,Sales Executive,2123902,15-05-2018,High
712,Victor Khare,Female,55,Srikakulam,Uttarakhand,Software Engineer,584028,13-08-2019,Low
713,Chakrika Manda,Male,18,Kadapa,Mizoram,Sales Executive,1039131,11-07-2017,Low
714,Harsh Jayaraman,Female,61,Ichalkaranji,Odisha,Data Analyst,1268964,30-12-2019,Low
715,Jai Bala,Female,26,Kavali,Manipur,Lawyer,1610382,27-08-2017,Medium
716,Aahana Sanghvi,Female,50,Mumbai,Rajasthan,Lawyer,1656376,30-07-2026,Low
717,Hemangini Singhal,Female,25,Ludhiana,Tripura,Software Engineer,1849147,10-02-2022,Low
718,Leela Mangal,Male,27,Kozhikode,Tripura,Student,1593142,31-08-2025,Low
719,Rudra Nagar,Female,18,Khammam,Tripura,Teacher,1554368,17-05-2019,Low
720,Mekhala Nath,Female,34,Muzaffarnagar,Himachal Pradesh,Sales Executive,1392738,13-03-2019,Medium
721,Chavvi Jani,Male,47,Tezpur,Kerala,Data Analyst,1238372,01-08-2022,Low
722,Karan Dash,Female,43,Begusarai,Haryana,Data Analyst,516548,28-07-2025,Medium
723,Ekapad Das,Male,45,Ajmer,Jharkhand,Software Engineer,1726662,15-08-2023,High
724,Geetika Wali,Female,52,Gaya,Uttar Pradesh,Teacher,1027553,26-07-2026,Medium
725,Arya Joshi,Female,42,Dhule,Karnataka,Lawyer,914264,28-04-2023,Medium
726,Isha Kalita,Female,66,Bhavnagar,Maharashtra,Business,1695456,27-10-2023,High
727,Thomas Sarkar,Female,44,Patna,Uttarakhand,Student,1715418,21-02-2021,Medium
728,Jack Seth,Female,40,Panihati,Arunachal Pradesh,Teacher,1593519,17-03-2022,Low
729,Vasatika Ratta,Female,46,Narasaraopet,Maharashtra,Accountant,2235323,07-12-2021,Medium
730,Akshay Dass,Female,44,Loni,Himachal Pradesh,Accountant,260058,16-10-2024,Medium
731,Vasudha Dhar,Female,31,Nagpur,Himachal Pradesh,Doctor,2145243,11-08-2018,Low
732,Tripti Narasimhan,Female,52,Mangalore,Chhattisgarh,Sales Executive,2458264,23-06-2025,Low
733,Mohammed Rajan,Male,31,Srinagar,Punjab,Software Engineer,2191318,20-07-2025,Low
734,Ethan Chaudhuri,Female,18,Meerut,West Bengal,Accountant,1536525,15-03-2019,Low
735,Ucchal Cherian,Female,48,Naihati,Jharkhand,Farmer,1140623,02-09-2025,Low
736,Lavanya Dube,Male,30,Bilaspur,Uttar Pradesh,Lawyer,1276175,17-10-2020,Low
737,Chakrika Brar,Female,47,Jammu,Uttarakhand,Software Engineer,1902653,27-09-2024,Low
738,Shivani Kapadia,Male,47,Amroha,Karnataka,Student,2487296,02-02-2019,Medium
739,Omisha Karpe,Female,30,Jaunpur,Odisha,Sales Executive,250255,28-11-2018,Medium
740,Rajeshri Sha,Male,64,Mira-Bhayandar,Assam,Teacher,515706,11-10-2020,Medium
741,Omkaar Mody,Female,67,Motihari,Jharkhand,Business,1799504,05-07-2019,Low
742,Bhavika Som,Male,43,Tirunelveli,Uttarakhand,Software Engineer,317182,24-10-2017,Medium
743,Harsh Palla,Female,53,Bhind,Maharashtra,Farmer,1943016,07-11-2024,Low
744,Jai Srivastava,Male,41,Raebareli,Karnataka,Accountant,2292798,23-03-2019,Low
745,Vinaya Lalla,Female,61,Raiganj,Mizoram,Business,1014766,21-11-2018,High
746,Advaith Grewal,Male,70,Nadiad,Chhattisgarh,Teacher,1596397,16-07-2021,Low
747,Sarthak Chauhan,Female,32,Tinsukia,Kerala,Teacher,383794,12-05-2025,Low
748,Wazir Swaminathan,Male,43,Panihati,Arunachal Pradesh,Teacher,2348808,14-06-2017,High
749,Radha Muni,Female,51,Morbi,Punjab,Student,1776058,30-01-2024,Low
750,Patrick Nori,Male,53,Panihati,Maharashtra,Data Analyst,2453252,11-11-2018,Low
751,Anusha Kota,Female,40,Sambalpur,Goa,Doctor,2089935,20-02-2020,Low
752,Ubika Rout,Female,27,Saharanpur,Mizoram,Data Analyst,974824,19-12-2019,Medium
753,Anamika Raj,Female,36,Mangalore,Chhattisgarh,Business,1800582,04-11-2025,Low
754,Saksham Bhatti,Female,51,Tiruchirappalli,Rajasthan,Doctor,1289279,19-04-2023,Low
755,Arunima Deol,Male,27,Sultan Pur Majra,Kerala,Teacher,2220278,11-04-2022,Low
756,Vasatika Narasimhan,Male,43,Serampore,Meghalaya,Software Engineer,533208,12-02-2018,Medium
757,Sara Desai,Male,36,Pudukkottai,Madhya Pradesh,Teacher,1402519,24-05-2025,Medium
758,Rehaan Doshi,Female,19,Ramgarh,Nagaland,Teacher,2117525,08-08-2016,Low
759,Mugdha Iyengar,Female,36,Surendranagar Dudhrej,Rajasthan,Data Analyst,1155217,07-10-2023,Low
760,Warda Das,Male,57,Tiruppur,Kerala,Sales Executive,2259177,18-05-2021,Low
761,Jacob Lalla,Male,29,Aligarh,Goa,Sales Executive,838564,22-10-2017,Low
762,Kalpit Dhillon,Female,65,Noida,Himachal Pradesh,Sales Executive,1015019,22-12-2020,Low
763,Chakradev Contractor,Female,42,Kota,Maharashtra,Data Analyst,1353855,24-02-2020,Medium
764,Ansh Doctor,Female,62,Mira-Bhayandar,Sikkim,Teacher,1151920,30-12-2019,Medium
765,Nathan Kapur,Male,27,Kirari Suleman Nagar,Manipur,Business,1094798,17-02-2026,High
766,Vinaya Chander,Male,64,Gudivada,Madhya Pradesh,Student,841914,25-06-2026,Low
767,Nitesh Salvi,Male,43,Sasaram,Gujarat,Teacher,518992,14-05-2017,Low
768,Ishita Balasubramanian,Male,69,Thanjavur,West Bengal,Accountant,433027,24-10-2024,Low
769,Nitesh Thaman,Male,20,Coimbatore,Assam,Software Engineer,492038,16-08-2025,Medium
770,Kabir Mand,Male,22,Bhalswa Jahangir Pur,Mizoram,Accountant,1963736,27-10-2021,Medium
771,Upasna Khurana,Male,20,Hosur,Uttar Pradesh,Business,2292043,01-01-2025,Low
772,Triveni Sagar,Female,56,Mumbai,Punjab,Data Analyst,808939,28-05-2018,Low
773,Mohammed Ratti,Male,29,Yamunanagar,Rajasthan,Student,462334,09-03-2019,Medium
774,Xiti Purohit,Male,20,Mau,Meghalaya,Software Engineer,2109573,07-07-2024,Medium
775,Yashasvi Lanka,Male,66,New Delhi,Meghalaya,Doctor,1867491,08-10-2024,Low
776,Laban Sathe,Male,31,Agra,West Bengal,Farmer,1931708,15-02-2020,Low
777,Chakradhar Wali,Female,20,Malda,Maharashtra,Data Analyst,1297384,24-02-2024,High
778,Amol Gandhi,Female,22,Lucknow,Haryana,Farmer,370071,13-09-2019,Low
779,Gautami Gandhi,Male,31,Bellary,Assam,Lawyer,222810,17-01-2018,Low
780,Ishaan Viswanathan,Male,67,Udaipur,Bihar,Lawyer,2100280,30-12-2020,Low
781,Harinakshi Parmer,Female,29,Kolhapur,Sikkim,Sales Executive,1380384,03-07-2019,Low
782,Bhavani Krishnamurthy,Male,69,Haldia,Goa,Data Analyst,624760,28-07-2023,High
783,Anusha Raju,Female,26,Proddatur,Himachal Pradesh,Doctor,1821304,19-05-2019,Low
784,Vasudha Pandya,Female,32,Jamshedpur,Telangana,Student,695594,30-08-2017,Low
785,Jeremiah Atwal,Male,33,Hazaribagh,Mizoram,Farmer,2079538,03-02-2017,Low
786,Vrishti Nazareth,Male,65,Ambarnath,Meghalaya,Accountant,756502,12-01-2021,Medium
787,Odika Kurian,Male,55,Burhanpur,Uttarakhand,Teacher,1314063,28-09-2024,Low
788,Hemani Sankar,Male,56,Malda,Mizoram,Data Analyst,1984752,07-10-2021,Medium
789,Vrinda Borra,Male,53,Gangtok,Maharashtra,Business,1648860,17-12-2016,Low
790,Chanchal Oza,Male,56,Aurangabad,Gujarat,Data Analyst,2365586,23-02-2022,Medium
791,Divya Kanda,Female,34,Darbhanga,Manipur,Data Analyst,1517648,02-02-2023,Low
792,Chakradev Sharma,Female,41,Kottayam,West Bengal,Doctor,439006,25-07-2021,Low
793,Jagat Guha,Male,56,Pondicherry,Mizoram,Software Engineer,437690,25-11-2022,Low
794,Naksh Deep,Male,54,Amritsar,Uttarakhand,Student,531492,29-07-2018,Low
795,Michael Sen,Female,70,Amravati,Assam,Software Engineer,727475,13-10-2025,High
796,Bishakha Borde,Female,45,Varanasi,Punjab,Accountant,1808602,28-11-2023,Low
797,Vasatika Dutta,Male,60,Karaikudi,Uttarakhand,Farmer,1856487,15-01-2023,Low
798,Zilmil Sharaf,Female,41,Guntakal,West Bengal,Sales Executive,210753,18-07-2025,Low
799,Praneel Gulati,Female,60,Shimla,Goa,Farmer,1903589,05-07-2023,Medium
800,Maanas Ravel,Female,57,Phagwara,Arunachal Pradesh,Data Analyst,1569590,15-11-2021,Medium
801,Daksh Talwar,Female,54,Jalna,Tamil Nadu,Accountant,1021979,21-07-2020,Low
802,Mekhala Swamy,Female,50,Kumbakonam,Goa,Business,1817933,21-08-2024,Low
803,Manbir Kibe,Female,41,Aurangabad,Sikkim,Business,1540923,22-03-2023,Low
804,Eta Vig,Male,49,Sasaram,Mizoram,Data Analyst,2445205,30-03-2023,Low
805,Krish Issac,Male,42,Nanded,Maharashtra,Teacher,363873,06-07-2019,Low
806,Indali Mani,Male,53,Rohtak,Punjab,Doctor,2284093,06-10-2019,Low
807,Om Loke,Male,54,Hajipur,Chhattisgarh,Software Engineer,238812,13-08-2022,High
808,Arin Jayaraman,Female,23,Chittoor,Tamil Nadu,Business,1854915,07-12-2017,Low
809,Hamsini Mani,Male,40,Imphal,Bihar,Lawyer,1287460,16-04-2021,Low
810,Netra Gola,Female,69,Secunderabad,Andhra Pradesh,Sales Executive,375608,14-05-2019,Low
811,Idika Ahluwalia,Female,44,Bhalswa Jahangir Pur,Jharkhand,Farmer,407207,31-03-2018,Low
812,Hemani Goswami,Female,59,Vijayawada,Uttarakhand,Farmer,609274,06-09-2019,Low
813,Damyanti Datta,Male,28,Udupi,Himachal Pradesh,Sales Executive,1363312,12-08-2024,Low
814,Vihaan Toor,Male,22,Warangal,Karnataka,Accountant,365938,23-04-2021,Low
815,Zehaan Raj,Male,18,Aurangabad,Tripura,Doctor,1728666,12-10-2019,Low
816,Harish Sarraf,Male,56,Gorakhpur,Arunachal Pradesh,Lawyer,802417,10-05-2017,High
817,Lavanya Kade,Female,43,Bhilwara,Kerala,Doctor,884904,21-09-2016,Medium
818,Geetika Murty,Male,40,Karawal Nagar,Uttarakhand,Lawyer,1501371,28-12-2025,Medium
819,Ishaan Jain,Male,70,Pondicherry,Maharashtra,Farmer,1165569,30-01-2023,Medium
820,Pranav Lanka,Male,47,Raurkela Industrial Township,Himachal Pradesh,Accountant,627321,09-05-2026,High
821,Tarak Lala,Female,37,Agartala,Kerala,Doctor,414086,20-02-2022,Low
822,Jeremiah Srinivas,Male,49,Patiala,Madhya Pradesh,Software Engineer,2083584,09-11-2017,Low
823,Falan Ganesan,Female,28,Bhiwandi,Andhra Pradesh,Accountant,1380427,07-01-2017,Medium
824,Ethan Kala,Male,29,Surendranagar Dudhrej,Meghalaya,Accountant,2155709,10-07-2023,Low
825,Quincy Malhotra,Female,41,Ballia,Rajasthan,Teacher,2039569,15-12-2025,Low
826,Jonathan Grover,Male,41,Silchar,Uttar Pradesh,Teacher,766854,08-01-2022,Low
827,Chatresh Raman,Male,39,Firozabad,Telangana,Software Engineer,1774017,15-09-2024,Medium
828,Zansi Zachariah,Male,19,Hapur,Andhra Pradesh,Doctor,604294,28-06-2019,Low
829,Yasti Kamdar,Male,70,Mira-Bhayandar,Karnataka,Accountant,1980007,18-01-2023,Medium
830,Atharv Bansal,Male,64,Rajkot,Telangana,Business,1619495,26-08-2025,Low
831,Lipika Anand,Male,69,Guntur,Himachal Pradesh,Accountant,1123686,16-08-2018,Medium
832,Aryan Hora,Female,64,Dehri,Bihar,Student,2183207,22-08-2017,Low
833,Ekani Upadhyay,Female,62,Bardhaman,Kerala,Teacher,858753,27-09-2020,Medium
834,Praneel Anand,Male,65,Bidhannagar,Kerala,Software Engineer,1491696,26-09-2017,Low
835,Chakradev Kamdar,Male,33,Farrukhabad,Haryana,Sales Executive,1490699,02-11-2021,Medium
836,Liam Varughese,Male,28,Nellore,Gujarat,Accountant,1638641,01-04-2022,Medium
837,Shravya Dara,Female,53,Mau,Maharashtra,Accountant,422448,27-10-2023,Medium
838,Imaran Pingle,Male,39,Belgaum,Punjab,Doctor,644684,22-12-2019,Low
839,Damini Varty,Male,19,Bidar,Himachal Pradesh,Farmer,1347460,24-09-2017,Low
840,Ojas Mahajan,Male,18,Sasaram,Gujarat,Teacher,300317,30-10-2020,Low
841,Diya Joshi,Male,59,Agartala,Goa,Lawyer,236629,21-12-2017,Medium
842,Dayita Deshpande,Male,55,Panchkula,Goa,Lawyer,1036435,14-09-2022,Low
843,Bimala Choudhary,Male,38,Sambhal,Telangana,Business,1511373,28-05-2024,Medium
844,Omaja Kade,Female,32,Etawah,Rajasthan,Farmer,1799247,15-03-2026,Low
845,Vaishnavi Dani,Male,24,Siwan,Gujarat,Software Engineer,583129,05-12-2024,Low
846,Vihaan Sha,Male,54,Thane,Odisha,Teacher,578161,11-07-2019,Medium
847,Siddharth Deshmukh,Female,41,Kozhikode,Goa,Accountant,1026722,25-08-2020,Low
848,Viraj Sem,Female,54,Tadipatri,West Bengal,Teacher,603764,25-02-2019,Low
849,Advay Keer,Female,33,Alappuzha,Jharkhand,Software Engineer,1976808,24-08-2023,Low
850,Yasti Bassi,Male,67,Jammu,Andhra Pradesh,Student,1644002,18-12-2020,Low
851,Oeshi Kari,Female,67,Satna,Maharashtra,Business,1885431,20-05-2025,Low
852,Falan Sunder,Female,69,Ajmer,Himachal Pradesh,Sales Executive,2168776,19-11-2025,High
853,Elijah Sahni,Male,43,Aizawl,Sikkim,Doctor,1423344,30-11-2023,Low
854,Urmi Dass,Female,69,Eluru,Sikkim,Sales Executive,962554,05-11-2018,Low
855,Aashi Bhasin,Male,31,Panvel,Haryana,Business,614909,18-11-2022,Low
856,Mitali Chaudhuri,Male,46,Berhampore,Odisha,Teacher,2463277,21-05-2023,High
857,Urmi Pathak,Male,58,Ozhukarai,Arunachal Pradesh,Business,1176252,27-06-2018,Low
858,Urishilla Gulati,Male,61,Serampore,Bihar,Student,725309,05-09-2017,Low
859,Avi Vaidya,Male,21,Giridih,West Bengal,Sales Executive,1998563,07-03-2018,Low
860,Ekapad Bhagat,Female,65,Shahjahanpur,Rajasthan,Software Engineer,649633,20-06-2018,Low
861,Anusha Menon,Male,28,Shimla,West Bengal,Accountant,2419548,12-04-2022,Low
862,Bhanumati Balakrishnan,Female,44,Jaipur,Goa,Business,2155813,19-03-2018,Low
863,Christopher Banik,Female,55,Salem,Uttar Pradesh,Software Engineer,919256,31-08-2021,Low
864,Harshil Issac,Male,50,Pondicherry,Tripura,Teacher,1531932,24-07-2026,Medium
865,Brinda Prakash,Male,67,Belgaum,Arunachal Pradesh,Data Analyst,2418355,28-07-2021,Low
866,Chaitaly Comar,Male,33,Dhule,Haryana,Student,2157396,03-05-2023,Low
867,Upasna Sethi,Female,66,Erode,Tamil Nadu,Software Engineer,251445,19-12-2021,Low
868,Nirja Kumar,Male,52,Jaipur,Rajasthan,Software Engineer,1022911,02-08-2022,Low
869,Amruta Varma,Female,25,Thanjavur,Haryana,Teacher,556015,28-01-2024,Low
870,Anthony Dara,Male,52,Buxar,Kerala,Lawyer,2041437,21-03-2022,Low
871,George Sachar,Female,20,Jamshedpur,Madhya Pradesh,Accountant,448312,28-03-2021,Low
872,Sai Randhawa,Male,63,Chandigarh,Telangana,Accountant,1279468,16-10-2018,Low
873,Darpan Padmanabhan,Male,38,Delhi,Tripura,Teacher,1837896,28-07-2025,Low
874,Wriddhish Kapur,Male,28,Proddatur,Assam,Software Engineer,1739325,03-03-2019,Low
875,Chaitaly Kulkarni,Female,62,Jammu,Punjab,Sales Executive,2357818,19-04-2023,Low
876,Ekaraj Rau,Male,55,Aizawl,Mizoram,Business,2222460,24-10-2020,Medium
877,Vasudha Manda,Female,49,Ahmedabad,Himachal Pradesh,Doctor,1821877,03-04-2020,Low
878,Onkar Kant,Male,66,Amaravati,Odisha,Business,1073057,30-07-2019,Low
879,Keya Shetty,Male,22,Pudukkottai,Nagaland,Lawyer,1094855,25-12-2025,Low
880,Qasim Varkey,Female,49,Bhubaneswar,Telangana,Lawyer,1567170,17-11-2023,Medium
881,Zinal Dubey,Male,37,Haridwar,Maharashtra,Sales Executive,2040432,03-03-2021,Low
882,Jacob Sampath,Male,36,Tiruchirappalli,Goa,Sales Executive,755545,22-10-2022,Low
883,David Chokshi,Male,68,Orai,Odisha,Student,1481768,16-08-2021,Low
884,Wyatt Mistry,Male,59,Sonipat,Meghalaya,Data Analyst,243201,26-12-2019,High
885,Neelima Gokhale,Male,37,Morbi,Uttar Pradesh,Accountant,2218079,18-11-2020,Medium
886,Pranit Sawhney,Male,70,Bhilwara,Assam,Sales Executive,1774850,10-08-2018,Low
887,Girindra Bhattacharyya,Male,22,Katihar,Kerala,Farmer,1301588,02-09-2017,Low
888,Abeer Butala,Male,45,Belgaum,Karnataka,Teacher,1324044,10-08-2022,Medium
889,Jeevika Swaminathan,Female,53,Bahraich,Manipur,Data Analyst,350085,06-06-2025,Low
890,Shivansh Taneja,Female,27,Haridwar,Haryana,Student,1130043,07-03-2024,High
891,Vaishnavi Dass,Female,48,Udaipur,Manipur,Doctor,2120554,28-10-2025,Medium
892,Zaitra Bhardwaj,Female,53,Burhanpur,Andhra Pradesh,Accountant,2203631,06-04-2022,High
893,Pallavi Sagar,Female,35,Patiala,Goa,Software Engineer,690334,12-11-2020,Low
894,Ekaraj Khatri,Male,46,Kurnool,Odisha,Farmer,679190,03-12-2021,Low
895,Ekansh Chaudhuri,Female,28,Bihar Sharif,Chhattisgarh,Student,950006,27-10-2016,Low
896,Ekaraj Chaudry,Female,37,Suryapet,Rajasthan,Accountant,295963,12-11-2023,High
897,Vidhi Natarajan,Male,59,Avadi,Gujarat,Student,1144203,31-08-2025,Low
898,Lajita Sane,Female,25,Gandhidham,Bihar,Accountant,835280,04-07-2024,Medium
899,Laban Dugar,Male,34,Anantapuram,Kerala,Business,2259140,28-05-2025,Low
900,Rachita Mander,Female,64,Jammu,Meghalaya,Accountant,1358710,13-05-2019,Low
901,Meghana Sarma,Male,54,Bhavnagar,Kerala,Lawyer,1810969,06-08-2025,Low
902,Abeer Subramanian,Female,48,Bikaner,West Bengal,Farmer,1238849,03-04-2022,Low
903,Baghyawati Sule,Male,18,Ballia,Rajasthan,Teacher,973436,17-07-2026,Medium
904,Zansi Gaba,Female,69,Thanjavur,Punjab,Software Engineer,2097329,12-07-2024,Low
905,Widisha Lala,Male,39,Junagadh,Odisha,Software Engineer,2001104,08-10-2021,Low
906,Robert Butala,Female,54,Kakinada,Haryana,Software Engineer,967746,18-12-2017,Low
907,Thomas Raval,Female,33,Gwalior,Madhya Pradesh,Sales Executive,1242869,08-05-2025,Low
908,Onkar Parsa,Female,62,Tezpur,Haryana,Student,2047051,22-08-2018,Medium
909,Oscar Dewan,Female,66,Dharmavaram,Odisha,Teacher,1988635,19-06-2026,High
910,Abdul Dutt,Female,55,Sagar,Rajasthan,Farmer,773613,23-08-2025,Low
911,Naksh Dugar,Female,50,Visakhapatnam,Sikkim,Business,1835177,03-02-2017,Medium
912,Panini Nanda,Male,39,Rajahmundry,Assam,Data Analyst,2431780,06-05-2025,Low
913,Aadi Yadav,Female,54,Pimpri-Chinchwad,Kerala,Business,1492319,29-07-2017,High
914,Ekaja Parmer,Female,49,Satara,Manipur,Business,1563047,29-03-2017,Low
915,Christopher Muni,Female,38,Thoothukudi,Odisha,Doctor,1231592,18-03-2018,Low
916,Sai Chander,Female,55,Baranagar,Madhya Pradesh,Doctor,804273,22-04-2024,Low
917,Pushti Bobal,Female,53,Tirupati,Manipur,Lawyer,2123263,11-05-2024,High
918,Chakradhar Ravel,Female,65,Silchar,Bihar,Data Analyst,506930,04-06-2022,Low
919,Hemani Viswanathan,Male,26,Nagpur,Telangana,Data Analyst,522438,31-12-2019,High
920,Hemangini Dhaliwal,Male,18,Thrissur,Himachal Pradesh,Student,862540,01-09-2022,Low
921,Kai Varghese,Male,39,Allahabad,Assam,Data Analyst,312627,31-12-2016,Low
922,Rohan Kamdar,Male,37,Korba,Goa,Software Engineer,1184945,09-09-2017,Low
923,Vasana Raval,Male,56,Gangtok,Karnataka,Accountant,1184200,28-02-2018,Low
924,Aarini Mital,Male,67,Kolhapur,Sikkim,Teacher,1226235,15-05-2026,Medium
925,Faras Bora,Female,57,Gwalior,Sikkim,Sales Executive,1206501,15-01-2021,Low
926,Onveer Arora,Male,69,Panipat,Arunachal Pradesh,Teacher,1462271,12-08-2022,Low
927,Kashvi Mitra,Male,67,Panihati,Manipur,Student,2032857,14-02-2018,Low
928,Geetika Dyal,Male,39,Mira-Bhayandar,Nagaland,Software Engineer,2101849,22-02-2021,Low
929,Upasna Dar,Male,52,Maheshtala,Uttarakhand,Data Analyst,1869821,29-06-2018,High
930,Ranbir Bal,Male,19,Ichalkaranji,Gujarat,Doctor,240748,28-08-2019,Low
931,Yashvi Arya,Male,49,Lucknow,Kerala,Student,2133661,31-07-2026,Low
932,Lila Parekh,Male,34,Ludhiana,Jharkhand,Software Engineer,1133781,16-04-2024,Low
933,Gauri Wagle,Female,21,Bhalswa Jahangir Pur,Maharashtra,Lawyer,1809783,04-01-2024,Low
934,Eiravati Nath,Male,30,Kumbakonam,Madhya Pradesh,Sales Executive,337621,22-12-2017,High
935,Chavvi Sule,Female,66,Gopalpur,Sikkim,Student,1440998,03-02-2023,Low
936,Radhika Dutt,Male,21,Bardhaman,Chhattisgarh,Software Engineer,1920651,28-07-2018,Low
937,Gautami Lad,Male,35,Nagaon,Chhattisgarh,Accountant,238944,23-10-2019,Low
938,Nitesh Raghavan,Female,68,Khora ,Bihar,Doctor,2259370,05-11-2019,Low
939,Aashi Baral,Male,30,Durg,Gujarat,Data Analyst,1385071,01-10-2019,High
940,Jagvi Tiwari,Male,62,Chittoor,Goa,Data Analyst,576152,22-08-2021,Medium
941,Divya Butala,Male,52,Darbhanga,Sikkim,Business,759897,20-08-2022,Low
942,Xiti Kale,Female,39,Ghaziabad,Manipur,Doctor,1337667,08-06-2023,Low
943,Yug Sehgal,Male,36,Raurkela Industrial Township,Karnataka,Software Engineer,2180596,26-03-2017,Low
944,Caleb Sagar,Female,64,Raurkela Industrial Township,Meghalaya,Business,575539,22-05-2024,Medium
945,Ekalinga Balasubramanian,Male,20,Berhampur,Nagaland,Doctor,2349928,14-05-2019,Low
946,Eta Narula,Male,68,Kavali,Tripura,Farmer,1358157,23-11-2019,Medium
947,Samuel Dasgupta,Female,60,Shimla,Meghalaya,Lawyer,2377144,11-05-2022,High
948,Nikita Dasgupta,Male,37,Kulti,Sikkim,Software Engineer,844448,10-09-2020,Low
949,Riya Chakraborty,Female,20,Kamarhati,Tripura,Student,762582,05-04-2023,Medium
950,Chaaya Ratti,Male,30,Jammu,Nagaland,Lawyer,2001696,02-02-2025,Low
951,Bishakha Sarna,Male,58,Ramagundam,Madhya Pradesh,Software Engineer,204214,22-05-2022,Low
952,Darsh Chanda,Female,70,Rourkela,Karnataka,Student,416547,18-02-2023,Low
953,Yashoda Pant,Male,19,Lucknow,Karnataka,Accountant,1218722,26-06-2024,Medium
954,Ishanvi Chaudhuri,Female,31,Panihati,Chhattisgarh,Sales Executive,490700,06-09-2025,Low
955,Reva Vaidya,Female,62,Ahmednagar,Uttarakhand,Teacher,1470329,22-01-2024,High
956,Kritika Uppal,Male,18,Jehanabad,Maharashtra,Business,2151387,21-03-2022,Medium
957,Theodore Ganesh,Female,62,Dhanbad,Tripura,Software Engineer,1596883,23-11-2017,Medium
958,Leena Nori,Female,21,Faridabad,Goa,Data Analyst,2133389,18-01-2022,Low
959,Rayaan Thaker,Female,31,Purnia,Chhattisgarh,Sales Executive,891401,02-02-2017,Low
960,Meghana Rajagopalan,Male,48,Morena,Uttar Pradesh,Business,1777622,18-05-2024,Low
961,Om Srinivas,Male,42,Ghaziabad,Assam,Doctor,381209,11-10-2022,Low
962,Jackson Balasubramanian,Female,22,Satna,Manipur,Lawyer,1985931,06-07-2021,High
963,Chaaya Barman,Female,29,Bhiwandi,Maharashtra,Software Engineer,1070934,08-03-2021,Low
964,Jason Bal,Female,45,Panihati,Maharashtra,Farmer,1437756,29-11-2018,High
965,Unnati Chopra,Female,34,Ambala,Bihar,Data Analyst,417798,01-10-2020,Low
966,Farhan Kapur,Male,29,Aligarh,Mizoram,Sales Executive,1947127,26-05-2025,Low
967,Amaira Chana,Male,37,Dhule,Karnataka,Software Engineer,2140740,05-04-2022,Low
968,Lohit Loke,Male,34,Karnal,Nagaland,Data Analyst,482529,09-07-2018,Low
969,Aditya Kant,Male,59,Dehri,Karnataka,Doctor,1728811,16-07-2024,Low
970,Umang D’Alia,Female,24,Dehri,Maharashtra,Teacher,1363399,24-04-2018,Low
971,Neel Sathe,Female,21,Tirupati,Assam,Sales Executive,335790,01-06-2022,Low
972,Matthew Kari,Female,52,Bhilwara,Tamil Nadu,Accountant,1366007,17-06-2019,Low
973,Aahana Khosla,Male,63,Eluru,Andhra Pradesh,Doctor,1768613,22-02-2018,Low
974,Ria Master,Female,38,Gulbarga,Uttar Pradesh,Student,582683,08-05-2022,Low
975,Qushi Krishnan,Female,46,Bhalswa Jahangir Pur,Andhra Pradesh,Farmer,528063,30-05-2021,Medium
976,Chatresh Dhillon,Female,67,Dindigul,Karnataka,Teacher,380528,26-04-2020,Low
977,Naveen Ramakrishnan,Male,29,Sasaram,Uttar Pradesh,Farmer,462166,17-09-2019,Low
978,Teerth Dora,Male,36,Guntur,West Bengal,Sales Executive,511470,24-01-2019,Medium
979,Diya Bandi,Female,69,Navi Mumbai,Andhra Pradesh,Data Analyst,304819,16-02-2026,Medium
980,Anjali Basak,Female,35,Durg,Himachal Pradesh,Lawyer,348178,13-06-2018,Low
981,Anmol Verma,Male,61,Vijayawada,Arunachal Pradesh,Business,1565340,04-05-2018,High
982,Pavani Rajagopalan,Female,44,Vijayanagaram,Assam,Data Analyst,2463093,29-04-2022,Low
983,Hema Prabhakar,Male,32,Miryalaguda,Odisha,Data Analyst,1222617,10-04-2020,Medium
984,Abhimanyu Parmer,Female,41,Tirunelveli,Odisha,Student,1623766,26-03-2023,Low
985,Anvi Hayer,Female,69,Ahmedabad,West Bengal,Farmer,1583984,25-03-2017,Low
986,Aachal Sachdeva,Female,51,Tiruvottiyur,Uttarakhand,Teacher,1689764,23-03-2017,Low
987,Aadi Suresh,Male,32,Karnal,Uttarakhand,Doctor,1040019,28-01-2024,Low
988,Brijesh Johal,Female,32,South Dumdum,Madhya Pradesh,Farmer,820578,19-06-2026,Low
989,Janani Kata,Female,61,Tinsukia,Mizoram,Accountant,897930,22-01-2026,Medium
990,Ikshita Sathe,Male,31,South Dumdum,Mizoram,Sales Executive,504674,24-11-2017,Low
991,Jacob Lala,Female,24,Kamarhati,Meghalaya,Data Analyst,2498347,12-08-2017,Medium
992,Parth Luthra,Female,45,Sangli-Miraj & Kupwad,Arunachal Pradesh,Farmer,834391,13-02-2026,Medium
993,Daksh Rajagopal,Female,57,Gandhinagar,Goa,Doctor,2298039,15-10-2025,Low
994,Alexander Pandya,Female,43,Aligarh,Meghalaya,Student,1824988,05-03-2017,Medium
995,Ikshita Mand,Male,40,Nizamabad,Jharkhand,Student,1913972,05-07-2021,Medium
996,Falan Sule,Female,37,Surendranagar Dudhrej,Madhya Pradesh,Lawyer,2200462,26-07-2021,Medium
997,Faraj Bumb,Female,36,Jodhpur,Nagaland,Lawyer,2436202,12-10-2017,Low
998,Ekantika Bhargava,Female,51,Srinagar,West Bengal,Accountant,1461306,28-10-2022,Low
999,Zansi Raval,Female,53,Madanapalle,Sikkim,Teacher,1326070,10-12-2024,Low
1000,Megha Rastogi,Male,46,Kalyan-Dombivli,Tripura,Software Engineer,319030,05-04-2024,Low
1001,Girik Konda,Female,44,Etawah,Goa,Sales Executive,1068244,06-07-2017,Low
1002,Arunima Wadhwa,Male,24,Machilipatnam,Gujarat,Farmer,1298384,03-11-2019,Low
1003,Ekaja Sandal,Female,35,Gangtok,Sikkim,Business,1866239,19-06-2023,Low
1004,Ladli Sengupta,Male,57,Darbhanga,Uttar Pradesh,Sales Executive,1698101,01-03-2018,Medium
1005,Rehaan Vig,Female,18,Hyderabad,Goa,Lawyer,674162,18-11-2016,Medium
1006,Wridesh Grover,Male,52,Raipur,Punjab,Sales Executive,1807756,29-06-2025,Medium
1007,Sanya Sheth,Male,65,Jaunpur,Mizoram,Farmer,247754,28-03-2025,Low
1008,Jack Kuruvilla,Male,34,Tenali,Maharashtra,Sales Executive,1425029,26-10-2020,Medium
1009,Nidhi Barad,Female,18,Madanapalle,Uttarakhand,Sales Executive,1247885,21-12-2022,Low
1010,Tarak Manne,Male,20,Mathura,Tamil Nadu,Farmer,2249205,13-05-2026,Medium
1011,Om Pradhan,Female,54,Jabalpur,West Bengal,Business,1898772,14-06-2018,Low
1012,Forum Doshi,Female,23,Motihari,Chhattisgarh,Farmer,952322,18-04-2019,Low
1013,Anusha Kata,Female,31,Ambarnath,Chhattisgarh,Student,1301500,05-02-2019,Low
1014,Christopher Bhakta,Female,41,Noida,Tamil Nadu,Data Analyst,2235324,22-10-2021,Medium
1015,Quincy Chander,Male,20,Panihati,Bihar,Doctor,2344364,14-11-2018,Medium
1016,Vanya Ramanathan,Female,25,Panihati,Himachal Pradesh,Teacher,1218897,16-09-2016,Low
1017,Onveer Bhatti,Male,39,Hindupur,Rajasthan,Data Analyst,1352867,05-06-2021,Low
1018,Nisha Vasa,Male,20,Nagercoil,Karnataka,Data Analyst,1041974,30-09-2022,Medium
1019,Lila Thaker,Male,20,Ahmednagar,Arunachal Pradesh,Doctor,1351738,27-12-2020,Low
1020,Lakshmi Gulati,Male,18,Narasaraopet,Madhya Pradesh,Software Engineer,591649,27-01-2026,Medium
1021,Farhan Mital,Female,41,Rourkela,Mizoram,Teacher,906604,07-06-2024,Medium
1022,Max Grewal,Male,59,Ambala,Odisha,Lawyer,2350639,23-10-2022,High
1023,Reyansh Padmanabhan,Male,61,Tirunelveli,Manipur,Student,1346475,07-11-2023,Low
1024,Udyati Uppal,Female,35,Bijapur,Arunachal Pradesh,Lawyer,1965516,15-07-2020,Low
1025,Harinakshi Bajwa,Male,21,Ranchi,Punjab,Business,278294,04-10-2019,Low
1026,Zansi Aurora,Female,35,Bhopal,Kerala,Doctor,1868185,06-04-2023,Low
1027,Shivansh Sampath,Male,38,Surat,Gujarat,Teacher,427455,21-03-2026,Low
1028,Karan Divan,Female,63,Silchar,Haryana,Teacher,1518531,29-10-2019,Low
1029,Warda Naik,Female,63,Chittoor,Sikkim,Software Engineer,900274,12-04-2020,Medium
1030,Xalak Prabhu,Female,22,Salem,Sikkim,Business,1626200,25-07-2024,Low
1031,Manbir Loyal,Male,19,Gurgaon,Haryana,Accountant,2100502,01-05-2022,Medium
1032,Parth Hayer,Female,67,Tadipatri,Odisha,Student,316116,20-08-2018,Low
1033,Radhika Agate,Female,20,Patiala,Gujarat,Data Analyst,273031,26-02-2021,Low
1034,Ekanta Wason,Female,39,Nagercoil,Tripura,Business,1541595,22-01-2018,Low
1035,Bahadurjit Mishra,Male,30,Secunderabad,Rajasthan,Farmer,1192595,01-03-2020,Medium
1036,Qadim Banik,Male,60,Ujjain,Telangana,Sales Executive,330255,24-12-2018,Medium
1037,Qasim Barman,Male,21,Bally,Telangana,Farmer,539754,25-08-2020,Low
1038,Chandani Ramanathan,Male,44,Raebareli,Manipur,Business,2173194,23-03-2025,Low
1039,Rushil Padmanabhan,Male,64,Tinsukia,Bihar,Doctor,1316833,28-03-2017,Low
1040,Vasana Master,Male,65,Berhampore,Karnataka,Doctor,2449782,18-12-2019,Medium
1041,Adya Nagar,Male,27,Gorakhpur,Nagaland,Doctor,1153875,23-12-2018,Low
1042,Hema Keer,Female,52,Singrauli,Arunachal Pradesh,Software Engineer,323600,20-09-2022,Medium
1043,Saksham Peri,Female,52,Tadepalligudem,Gujarat,Data Analyst,588829,22-04-2019,Low
1044,Yagnesh Varghese,Male,19,Chapra,Tamil Nadu,Lawyer,823731,29-06-2018,Low
1045,Chaitaly Golla,Male,25,Rewa,Punjab,Student,2495303,31-10-2022,Low
1046,Kalpit Mohan,Female,69,Gurgaon,Punjab,Lawyer,2434695,07-10-2025,Medium
1047,Laksh Om,Male,34,Morena,Sikkim,Farmer,411697,25-03-2019,High
1048,Champak Krishna,Female,21,Panihati,Kerala,Student,866528,05-06-2021,Low
1049,Aahana Karnik,Male,45,Amravati,Odisha,Farmer,2198764,16-09-2020,Low
1050,Nandini Som,Male,41,Kulti,Arunachal Pradesh,Lawyer,2170460,04-08-2024,Low
1051,Advika Contractor,Male,45,Jorhat,Arunachal Pradesh,Sales Executive,1442091,09-01-2024,Low
1052,Ati Kumer,Female,66,Jamalpur,Punjab,Teacher,384123,10-12-2023,Medium
1053,Eiravati Biswas,Male,22,Ozhukarai,Bihar,Accountant,2399991,27-04-2022,Low
1054,Indali Mandal,Male,56,Avadi,Odisha,Accountant,634729,29-11-2024,Medium
1055,Banjeet Muni,Male,48,Gorakhpur,Tripura,Farmer,786128,01-06-2024,Low
1056,Timothy Pingle,Male,70,Gwalior,Tamil Nadu,Business,1707059,20-10-2016,Low
1057,Abhimanyu Deo,Female,60,Yamunanagar,Punjab,Student,1798411,08-06-2017,Low
1058,Upasna Nagar,Female,20,Amritsar,Jharkhand,Software Engineer,883825,25-11-2024,Low
1059,Chaitaly Bhat,Female,51,Thoothukudi,Sikkim,Accountant,1108852,01-04-2017,Low
1060,Banjeet Sarraf,Male,28,Rewa,Gujarat,Farmer,1247027,15-08-2023,Low
1061,Jatin Patel,Female,38,Suryapet,West Bengal,Business,2434044,03-07-2020,Medium
1062,Arya Goel,Female,22,Salem,Himachal Pradesh,Student,1956375,15-02-2025,High
1063,Nakul Menon,Male,31,Sasaram,Madhya Pradesh,Farmer,2110665,03-10-2016,Low
1064,Hardik Sengupta,Male,62,Firozabad,Odisha,Accountant,714245,11-04-2023,Medium
1065,Darsh Ramaswamy,Female,49,Panvel,Punjab,Doctor,1978267,24-12-2021,Low
1066,Noah Kale,Male,19,Tenali,Karnataka,Lawyer,1469865,12-12-2023,Low
1067,Matthew Bumb,Male,21,Danapur,Sikkim,Student,1385254,13-10-2017,Low
1068,Bimala Jha,Female,44,Kumbakonam,Tripura,Lawyer,1091551,31-12-2022,High
1069,Jagvi Sama,Female,53,Maheshtala,Bihar,Sales Executive,2426772,27-09-2024,Low
1070,Diya Anand,Female,37,Aligarh,Jharkhand,Doctor,2017278,05-11-2021,High
1071,Lopa Hayre,Female,38,Kolkata,Madhya Pradesh,Student,2239250,11-11-2022,Low
1072,Edhitha Kulkarni,Male,26,Vasai-Virar,Sikkim,Software Engineer,1333850,20-07-2020,High
1073,Tara Malhotra,Female,42,Visakhapatnam,Manipur,Lawyer,1306102,11-10-2020,High
1074,Jalsa Mall,Male,21,Panihati,Nagaland,Sales Executive,448082,06-06-2022,Low
1075,Hemangini Pradhan,Male,31,Medininagar,Sikkim,Sales Executive,2043089,08-03-2022,Low
1076,Darpan Shukla,Female,19,Karimnagar,Telangana,Student,1105980,02-06-2026,Low
1077,Kala Suresh,Female,23,Belgaum,Rajasthan,Student,2047549,17-04-2024,High
1078,Bahadurjit Virk,Male,39,Haldia,Bihar,Doctor,1063596,07-04-2026,Low
1079,Fariq Mitter,Female,37,Hazaribagh,Nagaland,Farmer,1060808,08-12-2017,Low
1080,Finn Nagar,Female,32,Udaipur,Arunachal Pradesh,Lawyer,2265752,03-01-2017,Low
1081,Baljiwan Dixit,Female,40,Gorakhpur,Arunachal Pradesh,Farmer,2489462,18-01-2017,Low
1082,Ladli Bawa,Female,18,Jodhpur,Odisha,Accountant,2311920,01-01-2017,Low
1083,Meera Golla,Female,40,Korba,Assam,Accountant,2001117,21-10-2023,Medium
1084,Samesh Ranganathan,Male,38,Muzaffarpur,Karnataka,Data Analyst,1481567,07-10-2021,Low
1085,Ekiya Karnik,Male,35,Karaikudi,West Bengal,Data Analyst,1731291,20-05-2023,Low
1086,Jason Chaudhari,Male,29,Bhavnagar,Meghalaya,Accountant,1258131,28-12-2025,Medium
1087,Ekani Keer,Male,21,Kadapa,Karnataka,Software Engineer,474918,26-03-2017,Low
1088,Vedhika Sandhu,Male,46,Guna,Meghalaya,Doctor,931877,16-06-2018,Low
1089,Kavya Mitra,Male,32,Phagwara,Madhya Pradesh,Data Analyst,2065967,23-09-2025,Low
1090,Rachit Mahajan,Female,55,Erode,Tripura,Farmer,1834915,01-03-2024,Low
1091,Sathvik Lala,Female,52,Kharagpur,Bihar,Software Engineer,354028,16-11-2023,Low
1092,Inaya Saran,Female,53,Darbhanga,Andhra Pradesh,Doctor,1802487,30-01-2017,Medium
1093,Raksha Devi,Female,49,Sonipat,Assam,Accountant,2463947,16-07-2026,Low
1094,Yutika Subramanian,Male,62,Thiruvananthapuram,Manipur,Doctor,2218638,23-05-2026,Medium
1095,Reyansh Mutti,Female,40,Bhiwani,Manipur,Lawyer,1139911,17-12-2021,Low
1096,Upasna Doctor,Male,19,Coimbatore,Arunachal Pradesh,Sales Executive,472570,24-02-2025,Low
1097,Arunima Pandya,Female,47,Kota,Meghalaya,Student,1119128,23-10-2017,Low
1098,Yatan Tripathi,Female,27,Mahbubnagar,Karnataka,Doctor,1248894,28-11-2024,Low
1099,Janani Sharma,Female,36,Durg,Andhra Pradesh,Business,1013334,27-07-2023,High
1100,Kashish Edwin,Male,44,Guntur,Nagaland,Lawyer,320621,06-08-2025,Low
1101,Chakradev Parsa,Female,25,New Delhi,Uttarakhand,Doctor,1557776,27-10-2017,Low
1102,Dipta Banerjee,Female,66,Malda,Nagaland,Student,2499810,02-01-2024,Medium
1103,Lila Walia,Male,42,Ujjain,Sikkim,Sales Executive,1501609,06-06-2018,Low
1104,Kai Sane,Female,43,Kumbakonam,Punjab,Accountant,200310,15-10-2025,Low
1105,Dev Sem,Female,19,Agra,Haryana,Farmer,1290681,24-07-2018,Low
1106,Warjas Pathak,Female,62,Mysore,Chhattisgarh,Data Analyst,1885196,27-09-2024,Low
1107,Upkaar Badami,Female,60,Kumbakonam,Mizoram,Sales Executive,1427233,09-10-2016,Low
1108,Ekaja Dalal,Female,60,Hosur,Tripura,Sales Executive,2299426,26-01-2019,Medium
1109,Suhani Kohli,Female,56,Mahbubnagar,Bihar,Sales Executive,1308885,13-08-2017,Low
1110,Indrajit Pathak,Male,34,North Dumdum,Tripura,Software Engineer,986906,14-04-2020,Low
1111,Pranit Char,Male,34,Bhatpara,Maharashtra,Data Analyst,1649967,28-08-2025,Medium
1112,Farhan Varughese,Male,56,Mahbubnagar,Meghalaya,Lawyer,598937,17-05-2024,Low
1113,Ria Luthra,Male,68,Durgapur,Punjab,Sales Executive,2198076,26-11-2016,Low
1114,Mohini Upadhyay,Male,52,Ahmedabad,Mizoram,Business,1689073,14-06-2026,High
1115,Faqid Sankaran,Female,46,Bokaro,Haryana,Teacher,1797844,09-11-2021,Low
1116,Madhav Gala,Female,32,Satna,Bihar,Student,1104698,05-03-2020,High
1117,Chaaya Kumer,Female,40,Sambhal,Himachal Pradesh,Student,1180006,18-06-2026,Low
1118,Kamala Viswanathan,Male,27,Amaravati,Kerala,Lawyer,1924434,26-01-2017,Low
1119,Yashvi Bajaj,Female,29,Tumkur,Haryana,Student,801861,27-10-2016,Low
1120,Henry Magar,Female,59,Nagaon,Andhra Pradesh,Data Analyst,535541,20-05-2020,Low
1121,Rachita Pau,Female,19,Rourkela,Himachal Pradesh,Student,1456402,05-05-2023,Low
1122,Lekha Doctor,Male,19,Ramagundam,Odisha,Lawyer,431282,30-11-2016,Low
1123,Hardik Gour,Female,52,Sambhal,Odisha,Accountant,768965,06-08-2021,Low
1124,Logan Kapoor,Male,35,Durg,West Bengal,Sales Executive,616013,11-02-2022,Low
1125,Faras Kadakia,Male,52,Kishanganj,Sikkim,Sales Executive,2211965,27-10-2023,High
1126,Wazir Gopal,Female,41,Davanagere,Meghalaya,Data Analyst,1336279,05-01-2023,Medium
1127,William Mangat,Male,66,Agartala,Telangana,Lawyer,395086,29-05-2020,Low
1128,Vedika Bhasin,Male,55,Kollam,Arunachal Pradesh,Data Analyst,615094,11-11-2019,Low
1129,Faqid Srivastava,Male,50,Bathinda,Manipur,Accountant,1816996,17-11-2020,Low
1130,Shivani Loyal,Male,49,Gangtok,Telangana,Student,1805228,08-05-2021,Low
1131,Girish Gaba,Female,42,Guntur,Sikkim,Farmer,1270891,03-08-2019,Low
1132,Lopa Kata,Female,36,Chennai,Rajasthan,Business,904222,17-06-2025,Low
1133,Vanya Tara,Female,31,Dehradun,Assam,Teacher,235780,30-11-2020,Low
1134,Ishani Om,Male,70,Arrah,Haryana,Lawyer,2046843,08-11-2016,Low
1135,Samar Kumer,Male,57,Kolhapur,Rajasthan,Teacher,1011624,08-06-2018,Low
1136,Manya Butala,Female,56,Thrissur,Haryana,Student,2414558,23-07-2025,Medium
1137,Upkaar Dugal,Female,29,Adoni,Madhya Pradesh,Data Analyst,2288962,16-07-2026,Low
1138,Elijah Gour,Male,28,Kolhapur,Rajasthan,Student,1152569,11-08-2022,Medium
1139,Vamakshi Tank,Female,54,Karnal,Chhattisgarh,Farmer,983616,24-05-2017,Low
1140,Indali Rao,Male,63,Bardhaman,Kerala,Lawyer,1077312,02-11-2022,Medium
1141,Jairaj Sarkar,Male,66,Gwalior,Telangana,Lawyer,202803,16-07-2023,Low
1142,Rachit Dhawan,Female,70,Guna,Bihar,Teacher,1365264,29-12-2019,Low
1143,Vincent Pall,Male,62,Sasaram,Odisha,Doctor,2150829,14-08-2021,Low
1144,Riya Lanka,Female,26,Morena,West Bengal,Lawyer,1444658,23-12-2022,Medium
1145,Rachana Barman,Female,22,Dehradun,Maharashtra,Student,1407913,23-05-2024,Low
1146,Xalak Pall,Male,48,Ramagundam,West Bengal,Software Engineer,2193436,04-12-2019,Low
1147,Ati Korpal,Female,62,Jammu,Madhya Pradesh,Teacher,2078808,28-05-2021,Low
1148,Madhav Merchant,Female,58,Hapur,Meghalaya,Business,1353606,05-04-2025,Low
1149,Indira Das,Male,64,Sri Ganganagar,West Bengal,Teacher,564951,04-05-2022,Medium
1150,Manbir Luthra,Female,55,North Dumdum,Himachal Pradesh,Farmer,973757,30-07-2024,Low
1151,Aditya Bobal,Female,31,Asansol,Arunachal Pradesh,Student,1032929,05-09-2018,Low
1152,Azaan Jain,Female,39,Gangtok,Madhya Pradesh,Teacher,1966560,04-09-2021,Low
1153,Reva Bandi,Female,24,Ramagundam,Rajasthan,Farmer,258272,09-10-2016,Medium
1154,Sai Dugar,Male,26,Dewas,Nagaland,Business,302270,03-09-2020,Medium
1155,Christopher Mukherjee,Male,60,Jodhpur,Assam,Teacher,2205040,15-11-2017,Low
1156,Nitesh Sampath,Female,69,Mangalore,Odisha,Farmer,2427912,10-06-2026,Low
1157,Naveen Narula,Male,49,Guntur,Chhattisgarh,Lawyer,2042388,05-07-2019,Low
1158,Madhavi Comar,Male,65,Purnia,Andhra Pradesh,Teacher,1871790,08-11-2021,Low
1159,Ranbir Sundaram,Male,54,Asansol,Uttar Pradesh,Data Analyst,2199629,01-05-2023,Medium
1160,Varsha Sharaf,Female,22,Madhyamgram,Haryana,Business,2042149,20-12-2022,Low
1161,Gayathri Kata,Male,55,Coimbatore,Jharkhand,Farmer,2374165,08-11-2017,Low
1162,Bhavini Mane,Female,34,Silchar,Telangana,Student,2158048,14-09-2023,Medium
1163,Libni Badami,Female,32,Khammam,Nagaland,Doctor,1020925,17-01-2023,Low
1164,Kiaan Padmanabhan,Female,62,Bhilai,Karnataka,Software Engineer,1236270,19-11-2023,Medium
1165,Gayathri Chawla,Male,52,Allahabad,West Bengal,Software Engineer,2040146,06-07-2021,Low
1166,Samar Srivastava,Female,62,Serampore,Uttarakhand,Lawyer,1501210,04-04-2023,Low
1167,Aarush Srinivasan,Male,65,Parbhani,Manipur,Accountant,1566449,10-09-2016,Low
1168,Jagat Karpe,Female,66,Dindigul,Andhra Pradesh,Accountant,2033859,10-04-2017,Medium
1169,Rushil Bajaj,Female,31,Giridih,Tripura,Software Engineer,368662,22-09-2021,Low
1170,Samesh Hari,Male,55,Motihari,Goa,Teacher,1198098,13-03-2025,Low
1171,Anamika Tailor,Female,50,Bijapur,Maharashtra,Student,1716977,22-01-2024,Low
1172,Yagnesh Sunder,Female,42,Malegaon,Himachal Pradesh,Business,1305066,17-02-2021,Low
1173,Bachittar Sundaram,Female,20,Nagaon,Arunachal Pradesh,Doctor,1871448,18-08-2018,High
1174,Urvi Panchal,Male,31,Malda,West Bengal,Teacher,1762521,02-03-2021,Low
1175,Parth Shanker,Male,24,Shivpuri,Meghalaya,Business,1874705,26-01-2023,Low
1176,Reyansh Bera,Male,36,Jamshedpur,Tamil Nadu,Lawyer,528357,19-03-2021,Low
1177,Arjun Sami,Female,32,Kumbakonam,Arunachal Pradesh,Accountant,556591,31-08-2021,High
1178,Lila Banik,Female,34,Mahbubnagar,Uttarakhand,Student,2441796,13-03-2019,Medium
1179,Hredhaan Lala,Male,66,Bhilwara,Jharkhand,Lawyer,660069,06-12-2023,Medium
1180,Kavya Kala,Female,64,Bellary,Telangana,Business,1173538,10-07-2020,Low
1181,Aachal Sama,Male,21,Danapur,Rajasthan,Sales Executive,248126,11-04-2021,Medium
1182,Lajita Lalla,Female,33,Srinagar,Sikkim,Farmer,616575,03-10-2017,Low
1183,Rajeshri Shroff,Female,45,Navi Mumbai,Uttar Pradesh,Teacher,1551998,16-02-2018,Low
1184,Waida Pandya,Female,55,Ghaziabad,Chhattisgarh,Farmer,222244,22-11-2022,Low
1185,Rudra Mander,Male,64,Jodhpur,Odisha,Business,489458,18-02-2018,Medium
1186,Vedika Mall,Male,24,Hubli–Dharwad,Nagaland,Student,1660175,01-04-2025,Low
1187,Adya Garg,Male,41,Gaya,Tamil Nadu,Teacher,2329049,04-11-2016,Low
1188,Samaksh Balakrishnan,Female,30,Kurnool,Manipur,Software Engineer,416959,27-03-2021,Low
1189,Falguni Loke,Female,41,Bellary,Mizoram,Accountant,1184816,16-05-2021,Low
1190,Radhika Doctor,Female,55,Hajipur,Himachal Pradesh,Sales Executive,1156185,29-11-2024,Low
1191,Kabir Loke,Female,26,Malda,Maharashtra,Teacher,806565,12-02-2022,Low
1192,Omaja Nadkarni,Female,54,Bhimavaram,Tripura,Lawyer,1431514,07-02-2023,Low
1193,Wriddhish Wable,Female,52,Aligarh,Goa,Software Engineer,1510775,02-04-2025,Low
1194,Darsh Kibe,Female,68,Ghaziabad,Assam,Farmer,1592791,02-09-2022,Low
1195,Jagat Pandey,Male,40,Bijapur,Punjab,Software Engineer,1585894,14-12-2017,Low
1196,Sai Karnik,Female,44,Ghaziabad,Chhattisgarh,Data Analyst,997581,01-10-2016,Low
1197,Kashish Ben,Male,28,Chandrapur,Haryana,Teacher,1997919,11-12-2018,Low
1198,Faqid Sane,Female,19,Srinagar,Meghalaya,Accountant,1172165,14-10-2025,Medium
1199,Janaki Dora,Male,47,Ozhukarai,Himachal Pradesh,Student,634589,05-01-2022,Low
1200,Abhiram Ravi,Female,38,Udaipur,Odisha,Teacher,1738883,17-06-2019,Low
1201,Kamala Mannan,Female,46,Visakhapatnam,Himachal Pradesh,Data Analyst,1149489,20-05-2023,Low
1202,Hitesh Prashad,Male,27,Ghaziabad,Sikkim,Data Analyst,2034468,07-11-2024,Low
1203,Bhavna Jani,Female,54,Chapra,Maharashtra,Data Analyst,1437645,21-08-2019,Medium
1204,Chavvi Choudhury,Male,49,Pondicherry,Bihar,Data Analyst,852448,06-12-2023,Low
1205,Dakshesh Wali,Male,34,Mau,West Bengal,Student,2359578,10-06-2021,Low
1206,Girik Rajan,Male,29,Aizawl,Karnataka,Lawyer,858727,24-02-2025,Low
1207,Libni Ramachandran,Female,51,Aurangabad,West Bengal,Doctor,316232,16-02-2021,Medium
1208,Vanya Subramaniam,Female,67,Rajpur Sonarpur,Tripura,Farmer,1447236,13-10-2016,Medium
1209,Sai Ravel,Male,64,Pali,Haryana,Farmer,2332121,02-07-2017,Medium
1210,Peter Chakraborty,Female,40,Varanasi,Sikkim,Data Analyst,936127,22-02-2026,Low
1211,Indrajit Sarkar,Female,60,Mangalore,Arunachal Pradesh,Data Analyst,275201,11-02-2020,Low
1212,Gaurangi Pandit,Female,34,Darbhanga,Odisha,Farmer,275076,09-06-2020,Low
1213,Waida Krishnan,Male,70,Bhilwara,Andhra Pradesh,Accountant,1930886,03-10-2025,Low
1214,Qadim Shenoy,Female,24,Kalyan-Dombivli,Karnataka,Farmer,1854605,14-04-2018,Medium
1215,Zarna Dewan,Male,28,Saharanpur,Assam,Doctor,1000999,14-10-2016,Low
1216,Omkaar Suri,Female,39,Kottayam,Goa,Student,1584217,16-12-2022,Medium
1217,Ekaraj Sha,Male,20,Ulhasnagar,Sikkim,Farmer,2075550,19-05-2021,Low
1218,Qadim Shanker,Male,45,Kumbakonam,Uttar Pradesh,Lawyer,891075,13-03-2018,High
1219,Xiti Sama,Female,20,Buxar,Chhattisgarh,Business,242569,10-11-2023,Low
1220,Wridesh Agrawal,Female,53,Kollam,Chhattisgarh,Accountant,1082095,31-08-2021,Low
1221,Advaith Barad,Female,54,Ambattur,Punjab,Sales Executive,1139707,24-05-2019,Low
1222,Advay Cheema,Male,46,Tenali,Himachal Pradesh,Teacher,2305934,24-04-2023,Low
1223,Jonathan Seshadri,Female,55,Bareilly,Arunachal Pradesh,Farmer,496441,25-12-2024,Medium
1224,Januja Talwar,Male,34,Kakinada,Karnataka,Accountant,2471587,31-07-2026,Medium
1225,Odika Venkatesh,Male,62,Chittoor,Madhya Pradesh,Business,557404,07-02-2022,Medium
1226,Baljiwan Srinivas,Female,66,Patiala,Kerala,Teacher,1116751,09-09-2023,Low
1227,Bhanumati Thaman,Male,29,Sambalpur,Andhra Pradesh,Data Analyst,990858,05-11-2022,Low
1228,Akshay Kari,Female,31,Nagaon,Odisha,Accountant,1230876,02-09-2016,Medium
1229,Wishi Barman,Female,51,Nellore,Chhattisgarh,Business,585384,22-08-2021,Low
1230,Anita Tara,Male,58,Narasaraopet,Punjab,Lawyer,1190296,01-06-2017,Low
1231,Advay Sama,Female,44,Bhilai,Tripura,Data Analyst,2496533,18-01-2023,Low
1232,Indira Rajagopal,Female,66,Udaipur,Jharkhand,Business,1047135,07-05-2020,Medium
1233,Sara Sundaram,Female,27,Malda,Haryana,Sales Executive,337681,13-11-2023,Medium
1234,Rehaan Chawla,Male,19,Mysore,Punjab,Farmer,549710,19-11-2016,Low
1235,Sudiksha Roy,Female,38,Tezpur,Punjab,Accountant,1629891,15-10-2016,Medium
1236,Advaith Balan,Female,20,Durgapur,Meghalaya,Teacher,1365313,15-08-2018,Low
1237,Sanya Raju,Male,45,Jamshedpur,Punjab,Accountant,270561,12-01-2026,Low
1238,Chasmum Chaudhary,Female,21,Chandrapur,Odisha,Doctor,1240607,26-06-2026,Medium
1239,Yasti Panchal,Male,55,Dehri,Karnataka,Business,1109241,28-02-2023,Medium
1240,Bina Dutta,Female,23,Davanagere,Bihar,Lawyer,1163951,19-07-2017,Low
1241,Timothy Reddy,Female,41,Mango,Jharkhand,Data Analyst,2042159,15-01-2018,Medium
1242,Jack Chokshi,Female,27,Belgaum,West Bengal,Doctor,2377855,19-03-2022,Low
1243,Chameli Prasad,Female,32,Jaipur,Punjab,Student,2387362,09-09-2022,High
1244,Zaitra Tank,Male,29,Meerut,Nagaland,Lawyer,2214549,23-09-2023,Low
1245,Ganga Parmer,Male,43,Bidar,Madhya Pradesh,Business,2332328,27-10-2018,Low
1246,Chavvi Chaudhary,Female,50,Raichur,Andhra Pradesh,Farmer,1976540,09-06-2020,Medium
1247,Avni Behl,Male,63,Nizamabad,Arunachal Pradesh,Software Engineer,2001911,09-10-2023,Medium
1248,Yash Pingle,Male,18,Sambalpur,Mizoram,Accountant,2242763,06-04-2025,Low
1249,Ladli Rana,Female,25,Muzaffarpur,Bihar,Doctor,2071714,08-07-2017,High
1250,Dakshesh Chanda,Male,66,Delhi,Manipur,Doctor,1752148,19-10-2024,Low
1251,Zaid Hans,Female,22,Baranagar,Uttar Pradesh,Accountant,1918078,31-07-2024,Low
1252,Harsh Agate,Male,23,Avadi,Gujarat,Business,2245959,27-09-2016,Low
1253,Bakhshi Tiwari,Male,43,Ambattur,Punjab,Doctor,2155406,03-02-2025,Low
1254,Yagnesh Sehgal,Female,57,Danapur,Assam,Accountant,1496749,25-10-2022,Low
1255,Suhani Krishna,Male,66,Tiruchirappalli,Gujarat,Doctor,1686069,24-12-2022,Medium
1256,Falan Varughese,Male,36,Bellary,West Bengal,Doctor,1774080,02-10-2023,Low
1257,Urmi Dutt,Male,49,Kulti,Bihar,Software Engineer,1492410,31-01-2022,Low
1258,Keya Dutt,Female,68,Dehradun,Himachal Pradesh,Data Analyst,877402,05-11-2022,Low
1259,Laban Swaminathan,Female,59,Bharatpur,West Bengal,Accountant,961417,10-03-2020,Low
1260,Rachit Narasimhan,Female,28,Rohtak,Telangana,Lawyer,711166,06-03-2025,High
1261,Qasim Panchal,Male,46,Hindupur,Karnataka,Business,1022262,10-07-2021,Low
1262,Bhanumati Setty,Male,63,Dhanbad,Jharkhand,Sales Executive,274853,22-04-2023,Medium
1263,Jagrati Batta,Female,30,Kurnool,Nagaland,Software Engineer,238126,02-10-2023,Medium
1264,Zayan Lala,Male,20,Bulandshahr,Madhya Pradesh,Doctor,606504,12-07-2024,Low
1265,Kamya Som,Male,23,Morena,Maharashtra,Data Analyst,730240,15-02-2019,High
1266,Libni Badami,Male,39,Surendranagar Dudhrej,Haryana,Farmer,931111,01-06-2024,Low
1267,Hardik Dhawan,Female,33,Arrah,Sikkim,Sales Executive,981169,26-06-2022,Low
1268,Aarush Ganguly,Male,53,Korba,Maharashtra,Teacher,2252473,23-01-2018,Low
1269,Zehaan Dani,Female,44,Rewa,Uttar Pradesh,Accountant,2375475,19-12-2016,Medium
1270,Arunima Roy,Female,62,Gandhidham,Uttar Pradesh,Software Engineer,1696360,20-04-2023,High
1271,Chameli Pai,Male,67,Nangloi Jat,Telangana,Student,539283,10-05-2017,Low
1272,Devika Raju,Male,57,Thanjavur,Haryana,Teacher,673174,28-06-2020,Low
1273,Gaurika Dyal,Female,18,Gangtok,Jharkhand,Accountant,1345063,22-10-2019,Low
1274,Jagat Pandit,Female,67,Sasaram,Uttarakhand,Business,2113768,23-09-2020,High
1275,Anamika Parekh,Female,37,Mahbubnagar,Jharkhand,Student,1872438,29-10-2024,Low
1276,Vaishnavi Gala,Female,18,Secunderabad,Gujarat,Student,538054,11-07-2022,High
1277,Varsha Contractor,Female,19,Ulhasnagar,Goa,Business,1305545,21-10-2021,Low
1278,Gautam Viswanathan,Female,67,Karaikudi,Uttar Pradesh,Accountant,758631,05-07-2024,Low
1279,Atharv Grover,Male,61,Surat,West Bengal,Accountant,989429,29-10-2025,Low
1280,Jai Ravel,Male,67,Solapur,Chhattisgarh,Business,245674,31-07-2023,High
1281,Chandresh Padmanabhan,Female,33,Sagar,Madhya Pradesh,Data Analyst,2393345,16-10-2025,Low
1282,Sanaya Butala,Male,60,Medininagar,West Bengal,Accountant,1764388,01-10-2018,Low
1283,Chaman Chacko,Female,32,Pudukkottai,Kerala,Teacher,2376383,14-02-2017,Low
1284,Xalak Anne,Male,19,Surat,Odisha,Doctor,1617454,12-06-2020,Low
1285,Nitara Tella,Female,55,Akola,Uttar Pradesh,Teacher,2408688,25-07-2024,Medium
1286,Lakshmi Korpal,Female,57,Rajpur Sonarpur,Odisha,Software Engineer,1932666,10-07-2017,High
1287,Wriddhish Pradhan,Male,33,Korba,Chhattisgarh,Lawyer,412643,07-02-2026,Low
1288,Vansha Lal,Female,69,Panipat,Arunachal Pradesh,Software Engineer,1254282,06-10-2018,Low
1289,Hardik Behl,Female,52,Coimbatore,Madhya Pradesh,Business,2156571,25-02-2018,Low
1290,Urvi Kala,Female,39,Tumkur,Assam,Software Engineer,220139,09-12-2016,Low
1291,Upma Bawa,Female,48,Tumkur,West Bengal,Teacher,1296018,13-01-2026,Low
1292,Yashasvi Dugal,Female,58,Ajmer,Bihar,Teacher,1796416,18-08-2019,Medium
1293,Vincent Parmer,Male,51,Bulandshahr,Karnataka,Student,1287177,05-01-2023,Low
1294,Jatin Oza,Female,25,Hajipur,Nagaland,Accountant,1830483,11-04-2025,Low
1295,William Dyal,Female,29,Karnal,Himachal Pradesh,Lawyer,639150,10-05-2024,Low
1296,Ojas Bajwa,Male,49,Khammam,Himachal Pradesh,Student,1441403,16-10-2018,Low
1297,Adya Chatterjee,Female,49,Chandrapur,Goa,Business,1522664,06-03-2024,Low
1298,Alka Mall,Female,33,Hindupur,Nagaland,Teacher,1798801,03-12-2021,Low
1299,Qabil Chokshi,Female,62,Aurangabad,Kerala,Doctor,911027,06-03-2025,Low
1300,Eesha Modi,Male,53,Ambarnath,Rajasthan,Business,2010312,04-08-2018,Low
1301,Kritika Roy,Male,57,Ramagundam,Haryana,Student,729564,13-10-2025,Low
1302,Indali Chaudry,Female,59,Rampur,Sikkim,Software Engineer,339232,02-03-2020,Low
1303,Nathaniel Ratti,Male,50,Chittoor,Andhra Pradesh,Business,2492699,10-09-2023,Low
1304,Ekani Iyengar,Female,29,Arrah,Jharkhand,Business,216936,15-12-2023,Medium
1305,Eiravati Luthra,Female,26,Pali,Punjab,Teacher,810054,22-02-2022,Medium
1306,Balendra Agrawal,Male,31,Bhusawal,Uttarakhand,Business,2493692,28-04-2021,Low
1307,Yashica Sagar,Female,33,Buxar,Haryana,Sales Executive,2214112,10-08-2022,Low
1308,Aarini Rajagopalan,Female,37,Adoni,Gujarat,Farmer,697440,20-10-2021,Low
1309,Karan Malhotra,Female,32,Medininagar,Assam,Student,832728,25-12-2018,Low
1310,Ishanvi Manne,Female,45,Nangloi Jat,Kerala,Data Analyst,1654014,16-02-2024,High
1311,Yagnesh Manne,Male,37,Shahjahanpur,Rajasthan,Data Analyst,2210744,30-12-2020,Medium
1312,Ganga Jha,Male,67,Sultan Pur Majra,Assam,Farmer,770950,07-05-2023,Low
1313,Timothy Ramanathan,Male,31,Ulhasnagar,Andhra Pradesh,Student,2449529,16-12-2016,Low
1314,Falguni Chanda,Female,42,Junagadh,Mizoram,Teacher,1980064,06-10-2016,Medium
1315,Advay Natt,Male,48,Bihar Sharif,Andhra Pradesh,Software Engineer,622797,07-08-2021,Low
1316,Kamya Dugal,Male,22,Tiruvottiyur,Maharashtra,Accountant,1962608,26-05-2025,Low
1317,Vyanjana Batra,Female,53,Pondicherry,Rajasthan,Business,809202,23-10-2017,Low
1318,Om Sathe,Male,28,Nagaon,Andhra Pradesh,Teacher,2285594,08-03-2023,Low
1319,Janya Bassi,Male,69,Madanapalle,Himachal Pradesh,Software Engineer,1354262,08-04-2019,Medium
1320,Ekiya Boase,Female,58,Dehri,Uttar Pradesh,Doctor,1386248,21-01-2020,Low
1321,Onveer Deep,Male,51,Jaunpur,Sikkim,Data Analyst,404970,02-08-2024,Low
1322,Anthony Solanki,Female,42,Guntakal,Tamil Nadu,Accountant,1295311,08-11-2021,Low
1323,Bhavini Basu,Female,54,Bikaner,Tripura,Software Engineer,2428531,23-07-2026,Low
1324,Rayaan Parsa,Female,62,Kulti,Maharashtra,Business,2033706,28-09-2018,Low
1325,Falak Chokshi,Male,45,Mau,Gujarat,Business,1679504,01-05-2020,Low
1326,Darpan Ravel,Female,42,Bettiah,Jharkhand,Farmer,1294520,17-10-2024,Medium
1327,Chandani Mital,Female,57,Kozhikode,Himachal Pradesh,Lawyer,452085,06-05-2020,Low
1328,Ryan Chhabra,Female,18,Jalandhar,Tamil Nadu,Student,1253009,28-07-2025,Medium
1329,Dakshesh Gole,Female,43,North Dumdum,Odisha,Business,760877,06-09-2017,Low
1330,Warinder Palla,Male,37,Chandigarh,Haryana,Sales Executive,1153526,25-09-2020,Medium
1331,Upkaar Sankar,Male,58,Tezpur,Uttar Pradesh,Farmer,2143953,24-03-2021,Medium
1332,Wakeeta Buch,Female,23,Nanded,Bihar,Farmer,2305010,03-06-2022,Low
1333,Lohit Shankar,Male,41,Ghaziabad,Haryana,Student,1117295,21-02-2019,Low
1334,Sanya Thakur,Female,64,Bidar,Tripura,Accountant,1860438,26-05-2019,Low
1335,Michael Singh,Male,35,Salem,Kerala,Student,1477666,31-01-2018,Medium
1336,Siya Cheema,Female,34,Nanded,Sikkim,Sales Executive,1837975,17-01-2018,High
1337,Harini Chacko,Male,34,Jabalpur,Goa,Sales Executive,2079593,27-01-2020,Low
1338,Veer Balay,Female,32,Baranagar,Rajasthan,Accountant,2238174,22-07-2020,Low
1339,Vansha Keer,Female,30,Kharagpur,Odisha,Student,754700,28-12-2025,Medium
1340,Qadim Vaidya,Male,66,Kollam,Nagaland,Software Engineer,2143741,18-10-2016,Low
1341,Joshua Muni,Male,61,Jodhpur,Bihar,Lawyer,1305531,08-09-2023,Low
1342,Chatresh Sundaram,Male,44,Sultan Pur Majra,Nagaland,Business,1678523,22-03-2019,Low
1343,Qarin Kulkarni,Male,47,Kakinada,Arunachal Pradesh,Software Engineer,1229608,03-06-2022,Low
1344,Rohan Nayak,Female,21,Vijayawada,Karnataka,Doctor,2264931,30-10-2021,Medium
1345,Nidra Varkey,Male,63,Bikaner,Madhya Pradesh,Accountant,1327166,08-01-2019,Low
1346,Azaan Behl,Female,32,Nandyal,Sikkim,Accountant,747445,26-10-2021,Medium
1347,Turvi Pai,Female,27,Kumbakonam,Uttar Pradesh,Accountant,961878,15-04-2025,Medium
1348,Ishwar Contractor,Male,55,Ichalkaranji,Telangana,Lawyer,1711735,18-02-2018,Low
1349,Zansi Sibal,Male,70,Maheshtala,Mizoram,Doctor,283790,09-08-2025,High
1350,Aarav Garde,Male,43,Deoghar,Goa,Farmer,679651,11-08-2025,Low
1351,Jasmit Sami,Male,60,Morbi,Karnataka,Data Analyst,2348589,20-11-2018,Low
1352,Xalak Doshi,Male,31,Bijapur,Assam,Software Engineer,1599836,10-02-2021,Low
1353,Jeet Suri,Male,42,Begusarai,Manipur,Accountant,767565,11-04-2019,Low
1354,Ishwar Kaur,Female,55,Phagwara,Andhra Pradesh,Software Engineer,1268797,28-03-2023,High
1355,Peter Luthra,Male,20,Bhilwara,Punjab,Farmer,1298462,19-12-2020,Low
1356,Devika Sethi,Female,60,Aizawl,Kerala,Sales Executive,1653772,06-08-2024,Low
1357,Omkaar Garde,Male,58,Surat,Gujarat,Accountant,2272042,15-02-2020,High
1358,Jason Narasimhan,Male,43,Dewas,Mizoram,Sales Executive,285804,17-07-2019,High
1359,Chaaya Gade,Female,30,Yamunanagar,Tamil Nadu,Business,1650317,14-06-2026,Low
1360,Siddharth Narayan,Male,30,Baranagar,West Bengal,Farmer,1181668,02-07-2019,Low
1361,Dayamai Wali,Female,64,Mahbubnagar,Assam,Sales Executive,1198613,03-08-2022,Low
1362,Aarush Badal,Male,58,Bettiah,Telangana,Farmer,1546226,04-02-2023,Medium
1363,Gopal Merchant,Female,43,Jabalpur,Goa,Data Analyst,702747,27-09-2019,Low
1364,Libni Bhasin,Female,57,Raichur,Odisha,Doctor,831013,21-09-2021,Low
1365,Aarini Bhasin,Male,27,Nizamabad,Bihar,Lawyer,686492,23-06-2021,Low
1366,Samarth Raman,Male,26,Hospet,Sikkim,Business,1440537,14-05-2026,High
1367,Rayaan Ray,Male,38,Alappuzha,Rajasthan,Student,1244175,10-04-2018,Low
1368,Xalak Dara,Male,36,Sambhal,Himachal Pradesh,Business,2343611,21-07-2018,High
1369,Vasudha Sanghvi,Male,28,Ongole,Jharkhand,Software Engineer,2162791,12-05-2024,Medium
1370,Anirudh Sankar,Male,28,Maheshtala,Haryana,Student,1071935,22-02-2020,Low
1371,Nirja Mohanty,Female,28,Saharanpur,West Bengal,Student,2094531,29-11-2025,Low
1372,Lekha Contractor,Male,44,Morena,Odisha,Student,1552328,14-12-2019,Low
1373,Kiaan Doctor,Female,18,Cuttack,Tamil Nadu,Farmer,457302,19-04-2025,Low
1374,Rachita Gupta,Female,62,Ghaziabad,Odisha,Software Engineer,2018909,10-10-2024,Low
1375,Rohan Bail,Male,57,Ahmedabad,Himachal Pradesh,Student,1465325,21-09-2023,Low
1376,Nidhi Chandra,Female,70,North Dumdum,Kerala,Data Analyst,2083025,04-11-2019,Low
1377,Omkaar Shere,Male,50,Durg,Meghalaya,Student,824518,14-02-2018,Medium
1378,Kashish Wali,Male,50,Kadapa,Assam,Software Engineer,1855024,24-07-2024,Low
1379,Ijaya Edwin,Male,60,Meerut,Goa,Software Engineer,2133390,17-02-2020,Low
1380,Odika Bhatia,Female,36,Kota,Mizoram,Lawyer,2277112,22-06-2024,Low
1381,Aarnav Ram,Male,63,Rajpur Sonarpur,Mizoram,Farmer,1001459,03-11-2018,Medium
1382,Ekantika Bhandari,Female,66,Dharmavaram,Tripura,Teacher,2483311,06-09-2025,Low
1383,Tejas Subramaniam,Male,21,Mysore,Gujarat,Business,1371560,22-07-2017,Medium
1384,Tanmayi Dora,Male,25,Korba,Odisha,Teacher,2221051,04-08-2025,Low
1385,Nidra Kaul,Male,52,Ghaziabad,Manipur,Sales Executive,2402210,04-08-2017,Low
1386,Krisha Konda,Female,37,Ichalkaranji,Uttar Pradesh,Lawyer,793921,20-05-2024,Low
1387,Shravya Gaba,Female,40,Karimnagar,Chhattisgarh,Accountant,382070,28-11-2021,Medium
1388,Warjas Issac,Female,36,Madanapalle,Sikkim,Software Engineer,528404,30-06-2023,Medium
1389,Ira Chandra,Female,42,Ramagundam,Madhya Pradesh,Lawyer,2040620,03-08-2021,Low
1390,Bishakha Barman,Male,69,Gandhinagar,Arunachal Pradesh,Student,1351327,30-11-2018,Low
1391,Nathaniel Walia,Female,66,Lucknow,Uttar Pradesh,Farmer,1090120,04-05-2018,Low
1392,Eiravati Sengupta,Male,60,Bathinda,Tamil Nadu,Data Analyst,2015004,20-12-2016,Low
1393,Isha Raj,Female,50,Kharagpur,Punjab,Farmer,1180213,24-06-2022,Low
1394,Yug Samra,Male,53,Baranagar,Jharkhand,Teacher,1018553,20-08-2016,Low
1395,Advik Ganesan,Female,53,Bidar,Sikkim,Business,833949,27-05-2026,Medium
1396,Vivaan Chaudry,Female,52,Parbhani,Goa,Student,939032,03-12-2017,Low
1397,Zayan Narula,Female,54,Jabalpur,Kerala,Sales Executive,1406210,15-08-2020,Low
1398,Wriddhish Nagarajan,Female,42,Chapra,Odisha,Data Analyst,1544761,30-04-2025,Low
1399,Damyanti Sunder,Male,28,Hosur,Nagaland,Business,1046182,09-11-2016,Low
1400,Guneet Menon,Female,53,Kamarhati,Maharashtra,Student,1685796,15-07-2026,Low
1401,Karan Manda,Female,24,Salem,Himachal Pradesh,Software Engineer,976069,16-09-2017,Low
1402,Anvi Khosla,Female,67,Avadi,Tripura,Accountant,931783,02-10-2020,Low
1403,Dipta Talwar,Male,66,Thrissur,Tripura,Data Analyst,2360777,12-04-2019,Low
1404,Tanmayi Murty,Female,60,Bikaner,Uttar Pradesh,Teacher,401406,02-08-2017,High
1405,Anay Baria,Female,38,Rohtak,Madhya Pradesh,Student,1379887,02-02-2021,Low
1406,Fariq Sane,Male,43,Mirzapur,Manipur,Farmer,876644,09-08-2016,Low
1407,Vrishti Madan,Female,30,Naihati,Goa,Accountant,360631,01-05-2017,High
1408,Urvi Bawa,Male,61,Tirunelveli,Nagaland,Data Analyst,1639594,25-09-2017,Medium
1409,Omisha Taneja,Male,40,Asansol,Himachal Pradesh,Business,270598,12-09-2020,Medium
1410,Yashawini Kale,Female,64,Gudivada,Uttar Pradesh,Accountant,467758,22-03-2017,Low
1411,Pratyush Kibe,Male,26,Morena,Bihar,Teacher,2121631,13-01-2023,Low
1412,Chanakya Amble,Male,55,Solapur,Jharkhand,Sales Executive,2062332,19-02-2017,Low
1413,Xalak Kumer,Female,25,Mango,Tripura,Business,367522,10-12-2025,Low
1414,Sara Oommen,Female,30,Coimbatore,Uttar Pradesh,Accountant,2209318,29-11-2017,Low
1415,Charan Divan,Female,62,Raebareli,Meghalaya,Software Engineer,410863,30-12-2018,Low
1416,Jeremiah Malhotra,Male,36,Rohtak,Meghalaya,Student,1026634,22-01-2022,Medium
1417,Siya Goel,Male,62,Dhule,Odisha,Accountant,329069,26-10-2024,Medium
1418,Dayita Chanda,Male,56,Bidhannagar,Karnataka,Business,425952,08-04-2021,Low
1419,Unni Viswanathan,Male,67,Katni,Odisha,Lawyer,1116027,02-10-2025,Low
1420,Gopal Bandi,Female,67,Thiruvananthapuram,Arunachal Pradesh,Farmer,927056,12-11-2021,Low
1421,Falak Halder,Male,65,Ramgarh,Arunachal Pradesh,Student,1410072,09-06-2017,Low
1422,Nikita Kale,Female,19,Bhiwandi,Chhattisgarh,Accountant,2120127,26-08-2022,Low
1423,Samesh Mohanty,Male,37,Kalyan-Dombivli,Tripura,Farmer,859909,26-07-2020,Low
1424,Bishakha Narayanan,Male,30,Arrah,Andhra Pradesh,Lawyer,1880911,01-01-2018,Medium
1425,Varenya Bhardwaj,Female,31,Chennai,Punjab,Sales Executive,2412299,21-08-2017,Low
1426,Idika Dass,Female,48,Bahraich,Madhya Pradesh,Lawyer,1959909,11-12-2022,Low
1427,Dev Deshpande,Female,61,South Dumdum,Haryana,Software Engineer,950269,16-08-2021,Low
1428,Bhavna Comar,Female,55,Faridabad,Haryana,Doctor,1909993,01-06-2020,Low
1429,Aarush Varkey,Female,28,Guwahati,Meghalaya,Lawyer,1677400,24-01-2022,Medium
1430,Tejas Bains,Male,56,Vadodara,Chhattisgarh,Data Analyst,1807848,30-06-2020,Low
1431,Harrison Dada,Female,62,Satara,Andhra Pradesh,Sales Executive,1063074,05-09-2024,Low
1432,Nandini Grewal,Male,29,Phagwara,Madhya Pradesh,Teacher,1612521,01-08-2025,Low
1433,Udarsh Thakur,Female,56,Erode,Arunachal Pradesh,Farmer,630548,14-03-2020,High
1434,Charita Nagi,Female,20,Raebareli,Andhra Pradesh,Teacher,2050352,23-06-2020,Low
1435,Ethan Devan,Male,29,Lucknow,Madhya Pradesh,Software Engineer,848488,09-12-2021,Medium
1436,Deepa Din,Female,18,Bathinda,Rajasthan,Lawyer,1878177,12-07-2023,Low
1437,Nidra Bath,Male,48,Sirsa,Sikkim,Student,2153107,31-01-2025,Low
1438,Dayita Chad,Male,22,Guna,Himachal Pradesh,Accountant,2404686,08-05-2021,Low
1439,Vihaan Gill,Female,37,Bathinda,Haryana,Farmer,1764636,09-09-2023,Low
1440,Frederick Kalita,Male,62,Aligarh,Madhya Pradesh,Teacher,688541,09-09-2022,High
1441,Sudiksha Aurora,Male,23,Guntakal,Uttar Pradesh,Student,1224240,27-11-2019,Low
1442,Tarak Naik,Male,22,Guntur,Manipur,Teacher,2160120,26-06-2021,High
1443,Yashvi Sachdev,Male,53,Barasat,Uttarakhand,Accountant,909608,29-09-2017,Low
1444,Oliver Dora,Female,40,Hindupur,Meghalaya,Data Analyst,1923099,24-04-2026,Low
1445,Gaurav Ramachandran,Female,65,Madurai,Maharashtra,Software Engineer,1038812,24-07-2019,Medium
1446,Ikshita Solanki,Male,37,Indore,Madhya Pradesh,Teacher,224104,29-07-2022,Medium
1447,Urvi Thakkar,Male,62,Kadapa,Chhattisgarh,Business,1498440,16-12-2021,Low
1448,Charita Singh,Female,37,Khammam,Punjab,Accountant,663413,18-04-2026,Low
1449,Manthan Mittal,Female,60,Tenali,Uttarakhand,Business,451162,16-06-2018,Medium
1450,Diya Lad,Female,26,Kharagpur,Himachal Pradesh,Data Analyst,1600145,26-03-2026,Low
1451,Aayush Murthy,Female,51,Ambala,Karnataka,Software Engineer,1722996,17-09-2020,Low
1452,Geetika Mukherjee,Male,28,Nizamabad,West Bengal,Lawyer,1441280,10-02-2017,Medium
1453,Yashica Nayak,Female,20,New Delhi,West Bengal,Farmer,859284,05-01-2020,Low
1454,Yashodhara Uppal,Female,27,Hapur,Karnataka,Accountant,641977,31-01-2020,Low
1455,Netra Menon,Male,46,Lucknow,Uttarakhand,Data Analyst,255287,09-07-2023,High
1456,Daniel Chacko,Female,42,Alappuzha,Punjab,Teacher,417259,22-01-2021,Medium
1457,Falan Patil,Male,53,Muzaffarnagar,Madhya Pradesh,Teacher,1817782,16-01-2025,Low
1458,Wridesh Iyengar,Female,29,Bally,Uttar Pradesh,Software Engineer,1762941,17-04-2025,Low
1459,Kritika Varghese,Male,48,Jamshedpur,Jharkhand,Business,519093,18-01-2022,Low
1460,Arya Grover,Female,42,Mysore,Mizoram,Teacher,1940452,17-03-2023,Low
1461,Sanya Malhotra,Female,58,Karawal Nagar,Uttarakhand,Sales Executive,874514,25-12-2018,Low
1462,Tanish Muni,Female,39,Muzaffarnagar,Punjab,Data Analyst,2085439,16-06-2019,Low
1463,Ronith Garg,Female,55,Nizamabad,Arunachal Pradesh,Business,1033774,16-03-2018,Low
1464,Tara Sama,Male,22,Mumbai,Meghalaya,Doctor,932168,12-08-2023,Low
1465,Udyati Sarraf,Female,30,Gandhidham,Rajasthan,Lawyer,206108,09-02-2026,Low
1466,Lavanya Kothari,Female,35,Rewa,Telangana,Data Analyst,1714273,09-11-2020,Low
1467,Turvi Pau,Female,52,Jamalpur,Assam,Farmer,1029109,17-07-2019,Medium
1468,Madhavi Prakash,Male,28,Aizawl,Jharkhand,Accountant,246936,19-10-2023,Medium
1469,Chandran Contractor,Female,56,Machilipatnam,Andhra Pradesh,Sales Executive,998106,08-10-2016,Medium
1470,Tanveer Ramakrishnan,Male,70,Ahmednagar,Kerala,Sales Executive,777064,26-11-2016,Low
1471,Aishani Pall,Female,24,Loni,Odisha,Teacher,2232523,17-02-2021,Low
1472,Harrison Sinha,Male,38,Madanapalle,Sikkim,Teacher,1555337,26-05-2023,Low
1473,Dalaja Jain,Female,43,Thrissur,Kerala,Farmer,1835268,05-04-2024,Low
1474,Wridesh Palan,Female,25,Baranagar,Himachal Pradesh,Teacher,1921461,18-06-2018,Low
1475,Thomas Agrawal,Male,56,Katni,Meghalaya,Lawyer,460513,12-06-2024,Low
1476,Bakhshi Roy,Female,60,Ambarnath,Uttar Pradesh,Student,2042527,19-06-2022,Low
1477,Yashoda Bobal,Male,25,Ulhasnagar,Chhattisgarh,Farmer,297088,27-03-2024,Low
1478,Abeer Raval,Female,48,Ambarnath,Chhattisgarh,Student,1689738,23-07-2019,Low
1479,Jason Savant,Female,46,North Dumdum,Jharkhand,Accountant,490593,16-12-2022,Medium
1480,Dominic Sibal,Female,22,Mehsana,Gujarat,Farmer,1488204,19-07-2023,Low
1481,Simon Patel,Female,23,Kollam,Manipur,Lawyer,499939,14-06-2022,Low
1482,Gopal Ram,Male,22,Ahmednagar,Nagaland,Accountant,2094301,24-12-2022,Low
1483,Inaya Bhakta,Male,67,Tirupati,Gujarat,Accountant,1938788,22-09-2023,Medium
1484,Pushti Bhattacharyya,Male,56,Korba,Telangana,Lawyer,1597319,05-03-2025,Low
1485,Farhan Gala,Female,42,Bally,Chhattisgarh,Student,885130,17-03-2017,High
1486,Darika Nazareth,Male,43,Srinagar,Nagaland,Doctor,1329099,10-01-2026,Low
1487,Yashodhara Gaba,Male,58,Gandhidham,Nagaland,Accountant,757662,09-06-2017,Low
1488,Nidhi Sur,Male,19,Ozhukarai,Maharashtra,Software Engineer,1911092,06-10-2020,Medium
1489,Faqid Anne,Female,36,Gandhidham,Nagaland,Sales Executive,1864932,31-08-2023,Low
1490,Pooja Kala,Male,35,Chennai,Meghalaya,Teacher,588914,20-12-2017,Medium
1491,Upasna Hari,Male,54,Ghaziabad,Chhattisgarh,Student,1250990,01-02-2019,Medium
1492,Qarin Baria,Male,29,Latur,Telangana,Sales Executive,1948104,09-01-2023,Low
1493,Oviya Muni,Female,40,Coimbatore,Bihar,Accountant,201292,29-06-2025,Medium
1494,Dakshesh Sood,Female,32,Bhubaneswar,Mizoram,Business,1406804,02-09-2022,Low
1495,Maya Buch,Male,48,Satara,Maharashtra,Student,675442,04-04-2020,Low
1496,Harish Prasad,Male,25,Ranchi,Andhra Pradesh,Doctor,735426,18-01-2025,Low
1497,Hemani Nagi,Female,23,Bettiah,Kerala,Lawyer,540787,20-12-2016,Low
1498,Lipika Chahal,Female,49,Loni,Jharkhand,Accountant,1475002,17-06-2025,Low
1499,Yuvraj Mital,Male,60,Pudukkottai,Madhya Pradesh,Software Engineer,1470420,22-01-2019,Low
1500,Noah Gaba,Male,27,Howrah,Chhattisgarh,Business,1157945,25-11-2024,High
1501,Zehaan Srinivasan,Female,49,Akola,Telangana,Sales Executive,2426690,14-02-2019,Low
1502,Triya Pandya,Male,23,Cuttack,Mizoram,Business,334874,03-11-2024,Low
1503,Fitan Bir,Female,68,Jhansi,Nagaland,Sales Executive,1091908,22-01-2022,Low
1504,Oliver Bakshi,Male,68,Mysore,Tamil Nadu,Doctor,2482889,16-04-2021,Low
1505,Finn Toor,Male,61,Surat,Karnataka,Teacher,2166655,27-12-2020,Low
1506,Noah Palan,Male,19,Ghaziabad,Uttarakhand,Farmer,1494232,10-12-2019,Low
1507,Mahika Kari,Female,43,Gandhidham,Manipur,Sales Executive,1691352,24-11-2024,Low
1508,Anya Kashyap,Female,41,Hazaribagh,Andhra Pradesh,Lawyer,790416,29-08-2022,Low
1509,Girik Varkey,Female,45,Sambalpur,Nagaland,Farmer,1548223,12-05-2025,Medium
1510,Lavanya Nath,Male,36,Nashik,Madhya Pradesh,Data Analyst,1382808,07-05-2018,Low
1511,Eshana Sani,Female,53,Kalyan-Dombivli,Sikkim,Student,2193160,17-03-2025,Low
1512,Ishita Kaur,Male,56,Barasat,Maharashtra,Teacher,1399596,27-10-2020,Low
1513,Jatin Mallick,Female,60,Kumbakonam,Chhattisgarh,Teacher,680505,01-01-2018,High
1514,Chandran Chadha,Female,67,Eluru,Meghalaya,Business,1845862,17-04-2025,Low
1515,Elijah Sampath,Female,43,Siliguri,Telangana,Student,1092078,20-04-2024,Medium
1516,Tanvi Lata,Male,65,Sonipat,Uttarakhand,Software Engineer,327024,31-03-2018,Medium
1517,Neelima Sibal,Male,47,Karnal,Maharashtra,Accountant,1166882,04-09-2016,Low
1518,Christopher Chad,Female,57,Silchar,Karnataka,Farmer,2344990,07-01-2025,Low
1519,Arunima Balay,Female,46,Purnia,Odisha,Accountant,2186925,19-01-2025,Medium
1520,Vincent Sampath,Male,34,Pimpri-Chinchwad,Sikkim,Student,789475,07-01-2018,Medium
1521,Irya Guha,Female,41,Kolhapur,Jharkhand,Lawyer,753087,02-07-2018,Medium
1522,Urmi Chandran,Male,56,Naihati,Tamil Nadu,Lawyer,1195309,04-07-2019,Low
1523,Warinder Choudhury,Female,47,Bongaigaon,Nagaland,Farmer,1482163,14-07-2023,Low
1524,Netra Hayer,Male,69,Kolkata,Himachal Pradesh,Teacher,1372871,11-09-2017,Low
1525,Abhiram Narain,Female,20,Meerut,Goa,Student,578937,27-05-2020,Low
1526,Sai Chauhan,Male,54,Phagwara,Haryana,Farmer,2436118,20-09-2019,Medium
1527,Triya Hari,Male,67,Shimla,Haryana,Business,496757,04-11-2017,Medium
1528,Amrita Bhardwaj,Female,28,Morena,Uttarakhand,Accountant,208594,01-11-2020,Low
1529,Zayan Shankar,Female,33,Barasat,Nagaland,Doctor,340779,27-08-2017,Medium
1530,Orinder Rao,Female,46,Pune,Karnataka,Sales Executive,841740,23-06-2022,Medium
1531,Krishna Basu,Female,56,Warangal,Gujarat,Data Analyst,817916,14-05-2019,Low
1532,Gagan Purohit,Male,34,Cuttack,Punjab,Sales Executive,1103924,02-08-2026,High
1533,Indira Nagarajan,Female,39,Hospet,Mizoram,Sales Executive,827723,01-05-2022,Medium
1534,Ikshita Chadha,Female,52,Morbi,Rajasthan,Sales Executive,222022,08-12-2019,Medium
1535,Chakradev Narang,Male,32,Nangloi Jat,Uttarakhand,Teacher,1928869,13-01-2023,Low
1536,Yatan Bajwa,Female,32,Aurangabad,Mizoram,Lawyer,678965,14-03-2024,Low
1537,Girish Ray,Female,48,Kumbakonam,Bihar,Accountant,1478953,16-08-2016,Low
1538,Udyati Contractor,Male,24,Pondicherry,Sikkim,Lawyer,333881,24-06-2019,Medium
1539,Lohit Kumar,Female,32,Salem,Bihar,Accountant,698387,29-10-2018,Low
1540,Shaurya Hari,Female,59,Chennai,Telangana,Lawyer,225645,10-09-2019,Low
1541,Nathaniel Varghese,Male,54,Raiganj,Goa,Doctor,842199,19-04-2023,Low
1542,Ira Varma,Female,56,Mehsana,Meghalaya,Farmer,806000,10-01-2018,Low
1543,Omya Mane,Female,62,Bhilwara,Nagaland,Student,1093219,24-03-2021,High
1544,Krish Kaur,Male,65,Guna,Telangana,Teacher,1516644,14-09-2018,Low
1545,Yutika Suresh,Male,38,Shimla,Telangana,Software Engineer,303170,15-01-2022,Medium
1546,Anya Gala,Female,47,Kurnool,Odisha,Software Engineer,1417491,26-02-2020,Low
1547,Lavanya Patil,Male,36,Katni,Arunachal Pradesh,Teacher,1891800,27-11-2024,Low
1548,Harish Munshi,Male,60,Karaikudi,Goa,Teacher,1784421,06-08-2025,Low
1549,Sarthak Dugar,Female,64,Sambhal,Sikkim,Doctor,2481479,07-03-2019,Low
1550,Adya Swamy,Male,46,Jammu,Assam,Student,2381688,01-04-2018,Low
1551,Siya Merchant,Male,27,Gandhidham,Odisha,Accountant,1013697,05-11-2018,Low
1552,Warda Contractor,Male,40,Amravati,Arunachal Pradesh,Software Engineer,1046554,22-02-2024,Low
1553,Reyansh Yogi,Male,43,Ambala,Maharashtra,Lawyer,1508052,30-06-2019,Low
1554,Charvi Venkataraman,Female,53,Ambarnath,Manipur,Student,2177754,29-07-2018,Low
1555,Urmi Lad,Male,39,Dewas,Telangana,Student,1673550,21-04-2023,Low
1556,Bhavya Krishna,Female,63,Saharsa,Andhra Pradesh,Teacher,2492390,08-12-2020,Low
1557,Idika Kaul,Female,66,Jabalpur,Uttar Pradesh,Doctor,2313353,25-10-2022,Medium
1558,Jeet Pau,Male,38,Nagercoil,Jharkhand,Teacher,1626134,14-10-2016,Medium
1559,Ikshita Sawhney,Female,36,Panihati,Nagaland,Doctor,2178031,27-09-2016,Low
1560,Rachit Chawla,Female,48,Kochi,Chhattisgarh,Business,1555917,28-07-2021,Low
1561,Faras Sarna,Male,19,Bongaigaon,Odisha,Software Engineer,1556022,10-10-2017,Medium
1562,Jeevika Dewan,Male,65,Jodhpur,Madhya Pradesh,Software Engineer,1564935,03-09-2017,High
1563,Vamakshi Mahal,Female,52,Vijayawada,Sikkim,Data Analyst,1877188,17-06-2023,Low
1564,Ishani Pau,Male,41,Hubli–Dharwad,Andhra Pradesh,Student,2159974,27-11-2025,Low
1565,Sathvik Bose,Female,67,Madurai,West Bengal,Farmer,2457552,14-02-2021,Low
1566,Ishanvi Johal,Female,45,Jodhpur,Uttar Pradesh,Accountant,586374,15-11-2023,Medium
1567,Falguni Randhawa,Female,35,Morena,Kerala,Student,2410614,17-05-2020,Low
1568,Kamya Chanda,Male,58,Kozhikode,Telangana,Business,1471678,18-11-2024,Low
1569,Sudiksha Swamy,Male,38,Kottayam,Tripura,Student,2456240,03-02-2017,Low
1570,Ati Bhargava,Male,18,Tirupati,Mizoram,Teacher,2351069,23-08-2016,Low
1571,Vasatika Dora,Male,37,Rajpur Sonarpur,Uttarakhand,Data Analyst,1879473,29-04-2021,Medium
1572,Rayaan Balasubramanian,Male,38,Vasai-Virar,Assam,Business,2105864,08-10-2024,Low
1573,Bhavna Suri,Male,21,Faridabad,Bihar,Data Analyst,2446451,20-12-2022,High
1574,Maanav Kibe,Male,41,Aligarh,Chhattisgarh,Lawyer,1997330,13-06-2024,Low
1575,Jhalak Nagi,Male,23,Sangli-Miraj & Kupwad,Punjab,Software Engineer,2066160,15-03-2017,Low
1576,Nachiket Maharaj,Male,34,Parbhani,Kerala,Accountant,304782,29-06-2022,High
1577,Anvi Anand,Female,40,Nellore,Uttar Pradesh,Data Analyst,1037276,14-08-2022,Low
1578,Xavier Pant,Female,21,Aurangabad,Himachal Pradesh,Doctor,1450716,18-07-2018,Low
1579,Ira Dugal,Female,63,Gangtok,Sikkim,Business,985708,03-08-2025,Low
1580,Dominic Lad,Male,39,Mumbai,Kerala,Accountant,1081902,23-11-2018,Low
1581,Amaira Kar,Male,39,Imphal,Bihar,Sales Executive,2004203,12-11-2023,Medium
1582,Udyati Deol,Female,23,Thiruvananthapuram,Kerala,Lawyer,622388,16-10-2016,Medium
1583,Harish Dua,Female,35,Thane,Maharashtra,Accountant,953991,26-07-2020,Low
1584,Baljiwan Barman,Female,64,Ranchi,Odisha,Data Analyst,1157781,12-08-2018,Low
1585,Libni Oommen,Male,32,Karawal Nagar,Punjab,Student,223374,16-01-2017,Low
1586,Warda Khare,Female,28,Bidhannagar,Tripura,Business,267246,30-04-2026,Low
1587,Umang Chowdhury,Male,64,Aligarh,Sikkim,Teacher,749301,23-08-2019,Low
1588,Avi Oza,Male,57,Pondicherry,Jharkhand,Accountant,1831743,29-09-2019,Low
1589,Luke Kale,Male,54,Phusro,Arunachal Pradesh,Student,965973,17-03-2017,Low
1590,Bhavika Prabhakar,Female,27,Khora ,Jharkhand,Business,1951070,25-04-2023,Low
1591,Vritti Shanker,Female,54,Alappuzha,Bihar,Data Analyst,1711822,25-02-2022,Medium
1592,Ijaya Mitra,Male,34,Srinagar,Odisha,Software Engineer,1872261,06-01-2017,Low
1593,Gaurangi Ram,Female,61,Panvel,Bihar,Teacher,589983,24-10-2025,Medium
1594,Edhitha Raghavan,Female,18,Ambattur,Punjab,Data Analyst,1102348,24-04-2024,Low
1595,Abha Walia,Male,56,Kozhikode,Karnataka,Software Engineer,1544121,15-05-2019,Medium
1596,Dayamai Kala,Female,28,Hazaribagh,Maharashtra,Doctor,961830,20-09-2017,Medium
1597,Reyansh Nagar,Female,32,Gaya,Odisha,Student,1293066,21-10-2023,Low
1598,Prisha Om,Female,28,Lucknow,West Bengal,Lawyer,899078,22-11-2019,Low
1599,Henry Rai,Female,67,Muzaffarpur,Nagaland,Data Analyst,707279,25-12-2020,Low
1600,Edhitha Kata,Female,27,Mathura,Jharkhand,Teacher,2327343,15-06-2021,Low
1601,Chaman Oak,Male,30,Kakinada,Rajasthan,Student,1909500,08-05-2019,Medium
1602,Fiyaz Agarwal,Male,42,Secunderabad,Bihar,Teacher,2343920,25-02-2025,Medium
1603,Chavvi Varghese,Female,64,Imphal,West Bengal,Student,884907,08-05-2022,Low
1604,Ranbir Sampath,Female,56,Faridabad,Madhya Pradesh,Lawyer,1782708,22-06-2020,Low
1605,Shivansh Sathe,Male,20,Firozabad,Goa,Lawyer,2050164,01-01-2018,Low
1606,Laksh Tak,Female,65,Dhule,Maharashtra,Business,1781816,02-01-2026,Low
1607,Balhaar Ahluwalia,Male,56,Ajmer,Himachal Pradesh,Sales Executive,831518,01-11-2018,Low
1608,Suhani Cherian,Female,25,Solapur,Chhattisgarh,Doctor,2479509,03-04-2022,Low
1609,Nisha Suri,Female,26,Guntakal,Tripura,Lawyer,277026,26-11-2023,Low
1610,Rachita Dhillon,Female,42,Erode,Rajasthan,Lawyer,1437240,01-02-2018,Low
1611,Sanaya Desai,Male,50,Malda,Assam,Sales Executive,1186297,03-12-2023,Low
1612,Forum Behl,Male,58,Thoothukudi,Karnataka,Student,762001,11-06-2018,Low
1613,Eiravati Rai,Female,46,Eluru,Tripura,Doctor,1976049,05-03-2024,Low
1614,Dayita Tank,Male,68,Hapur,Kerala,Farmer,433004,12-04-2025,Low
1615,Tarak Chakrabarti,Male,20,Akola,Odisha,Software Engineer,2356864,21-01-2020,High
1616,Varsha Kumar,Male,26,Naihati,Madhya Pradesh,Sales Executive,1231821,28-01-2024,High
1617,Yasti Sandhu,Female,57,Firozabad,Meghalaya,Data Analyst,470082,21-02-2018,Low
1618,Aadhya Bir,Male,54,Alwar,Uttarakhand,Student,1079861,28-12-2019,Medium
1619,Bhavini Singhal,Male,24,Ozhukarai,Mizoram,Accountant,1205714,02-02-2017,Medium
1620,Hardik Char,Male,36,Begusarai,Jharkhand,Sales Executive,683264,13-03-2020,Medium
1621,Janani Nagarajan,Male,24,Dhanbad,Meghalaya,Sales Executive,398609,16-05-2023,Low
1622,Rehaan Soni,Male,35,Aurangabad,Uttarakhand,Sales Executive,2436711,24-12-2022,Low
1623,Niharika Mital,Female,60,Vasai-Virar,Himachal Pradesh,Farmer,2420562,13-03-2024,Low
1624,Dipta Sahota,Female,48,Sagar,Madhya Pradesh,Business,518896,26-03-2018,Low
1625,Saksham Gola,Male,66,Saharsa,Himachal Pradesh,Lawyer,795315,01-01-2024,Low
1626,Ishaan Yohannan,Female,59,Rourkela,Tamil Nadu,Software Engineer,1858530,16-11-2023,Low
1627,Indrajit Mallick,Female,22,Mathura,Madhya Pradesh,Doctor,987145,20-06-2018,Low
1628,Ekani Bajwa,Female,33,Bhusawal,Meghalaya,Data Analyst,1330139,09-01-2022,Medium
1629,Tanay Agarwal,Female,22,Guna,Odisha,Farmer,712068,21-12-2025,Medium
1630,Hritik Tak,Male,27,Faridabad,Assam,Lawyer,1074327,15-02-2018,Low
1631,Unnati Amble,Male,35,Sonipat,Haryana,Accountant,2453828,09-05-2021,Low
1632,Nihal Chaudhary,Female,55,Bhusawal,Bihar,Teacher,213711,02-05-2021,Low
1633,Nidhi Seth,Male,61,Shahjahanpur,Punjab,Doctor,1559105,05-02-2023,Low
1634,Adweta Ganesh,Female,48,Nashik,Madhya Pradesh,Data Analyst,1133155,07-10-2021,Low
1635,Falak Badal,Female,29,Sonipat,Sikkim,Software Engineer,617482,15-05-2023,Low
1636,Viraj Kaul,Male,56,Pondicherry,Chhattisgarh,Doctor,1848496,26-02-2018,High
1637,Turvi Patla,Male,25,Anand,Gujarat,Farmer,214047,29-09-2020,Low
1638,Qasim Menon,Female,44,Hosur,West Bengal,Software Engineer,1358200,19-07-2017,Low
1639,Inaya Nagy,Male,65,Kalyan-Dombivli,Assam,Lawyer,484486,01-12-2022,Low
1640,Balhaar Sathe,Male,32,Gudivada,Kerala,Data Analyst,1055651,19-06-2026,Medium
1641,Oni Bhatia,Male,53,Nashik,Mizoram,Data Analyst,504534,20-10-2023,Low
1642,Dhruv Vaidya,Male,68,Tiruchirappalli,Nagaland,Teacher,1389066,28-04-2019,Medium
1643,Oeshi Prabhakar,Male,49,Sonipat,Arunachal Pradesh,Lawyer,519932,05-05-2023,Low
1644,Saumya Chana,Female,28,Adoni,Assam,Doctor,417829,11-04-2023,Low
1645,Neelima Maharaj,Female,54,Jaipur,Madhya Pradesh,Business,2253930,29-05-2026,Low
1646,Pushti Goda,Male,28,Tiruppur,Bihar,Lawyer,1930637,13-07-2023,Low
1647,Adweta Narain,Male,45,Delhi,Uttarakhand,Accountant,1106716,29-06-2017,Medium
1648,Mitali Oza,Male,40,Kurnool,Haryana,Software Engineer,1493591,24-01-2021,Low
1649,Balvan Swamy,Female,24,Thiruvananthapuram,Maharashtra,Sales Executive,986719,04-01-2018,Low
1650,Mohini Om,Female,18,Motihari,Tripura,Sales Executive,211743,17-12-2020,Low
1651,Girindra Soman,Male,21,Karaikudi,West Bengal,Accountant,496521,16-08-2020,Low
1652,Girindra Tank,Female,50,Bihar Sharif,Haryana,Accountant,656365,10-06-2025,Medium
1653,Anita Gole,Male,49,Jodhpur,Kerala,Teacher,1567286,23-01-2025,Medium
1654,Gaurangi Ravel,Female,55,Patiala,Haryana,Farmer,1773583,28-05-2022,Low
1655,Chameli Dhawan,Male,18,Kozhikode,Kerala,Lawyer,1065029,24-08-2024,Low
1656,Mitesh Sehgal,Female,61,Dharmavaram,Kerala,Sales Executive,337431,15-05-2025,Low
1657,Chameli Tata,Male,19,Dehradun,Assam,Farmer,1945860,25-08-2018,Low
1658,Bakhshi Natarajan,Male,33,Bally,Meghalaya,Farmer,648353,15-03-2020,Low
1659,Maanas Sarin,Female,69,Rohtak,Andhra Pradesh,Student,2326459,05-02-2023,Low
1660,Irya Taneja,Male,33,Bally,Karnataka,Sales Executive,788720,19-03-2022,Low
1661,Samar Parmar,Female,42,Bhilai,Assam,Teacher,729546,06-06-2025,Low
1662,Qabil Hayre,Female,68,Allahabad,Uttarakhand,Farmer,1720410,26-07-2023,Low
1663,Azad Baral,Female,19,Nanded,Meghalaya,Software Engineer,1218561,12-04-2021,Low
1664,Waida Balay,Female,63,Bidar,Andhra Pradesh,Doctor,2455668,28-05-2025,Low
1665,Rishi Kalita,Male,70,Anantapur,Sikkim,Teacher,1024762,30-10-2020,Low
1666,Dhruv Kaul,Female,52,Serampore,Sikkim,Doctor,810804,17-11-2018,Low
1667,Vrishti Kadakia,Female,43,Jalgaon,Maharashtra,Student,384451,02-05-2019,Medium
1668,Christopher Grover,Female,35,Madhyamgram,Odisha,Lawyer,1157895,23-07-2018,Low
1669,Keya Joshi,Male,19,Sangli-Miraj & Kupwad,Uttar Pradesh,Farmer,1633250,31-01-2024,Low
1670,Maanas Bajwa,Female,56,Kavali,Maharashtra,Teacher,2464147,23-02-2019,Low
1671,Frederick Solanki,Female,35,Medininagar,Telangana,Doctor,1148879,27-11-2022,Medium
1672,Sai Bhatti,Female,23,Amravati,Telangana,Doctor,681300,04-01-2023,Low
1673,Yash Mand,Female,36,Srikakulam,Odisha,Teacher,993808,29-06-2025,Low
1674,Indrajit Handa,Male,63,Mango,Madhya Pradesh,Doctor,1206339,26-12-2017,High
1675,Ikshita Puri,Female,23,Dibrugarh,Himachal Pradesh,Teacher,565715,10-12-2017,Medium
1676,Dalbir Sanghvi,Female,37,Machilipatnam,Telangana,Farmer,2364406,16-04-2025,Low
1677,Xalak Basu,Female,32,Bhatpara,Chhattisgarh,Lawyer,244121,04-04-2018,Low
1678,Bakhshi Sekhon,Female,70,Madurai,Bihar,Lawyer,1864126,28-01-2021,Medium
1679,Tejas Malhotra,Female,31,Amritsar,Maharashtra,Business,1221916,30-01-2024,Low
1680,Amol Warrior,Male,55,Thanjavur,Madhya Pradesh,Teacher,1488952,06-04-2020,High
1681,Veer Singh,Male,44,Avadi,Manipur,Accountant,1922796,12-09-2022,Low
1682,Aditya Chaudry,Male,49,Rajkot,Meghalaya,Accountant,1683466,20-04-2024,Low
1683,Chameli Murthy,Female,25,Bhagalpur,Assam,Farmer,1439568,01-11-2022,Low
1684,Niharika Chacko,Female,29,Naihati,Goa,Accountant,1960476,11-09-2025,Low
1685,Jagrati Rout,Female,18,Nadiad,Telangana,Data Analyst,356761,05-09-2025,Low
1686,Dayita Bala,Male,56,Bareilly,Gujarat,Farmer,468712,01-10-2025,Low
1687,Qadim Buch,Male,40,Loni,Kerala,Accountant,770284,23-01-2023,Medium
1688,Mahika Goda,Female,43,Farrukhabad,Tamil Nadu,Doctor,1885682,14-12-2021,Low
1689,Chanakya Kota,Female,32,Bhatpara,Haryana,Student,1752783,03-12-2018,Medium
1690,Zaid Tak,Female,42,Nellore,Punjab,Sales Executive,1771882,12-09-2025,High
1691,Falan Sethi,Female,66,Kishanganj,Assam,Student,1041173,29-06-2022,Medium
1692,Bahadurjit Yohannan,Male,48,Shimoga,Karnataka,Farmer,976312,16-03-2018,Low
1693,Ronith Joshi,Female,44,Berhampur,Karnataka,Sales Executive,702351,18-01-2025,High
1694,William Puri,Female,29,Arrah,Nagaland,Teacher,1017105,26-08-2021,Medium
1695,Parth Anne,Female,59,Bellary,Himachal Pradesh,Teacher,1930496,18-05-2019,High
1696,Eiravati Trivedi,Male,26,Vijayawada,Karnataka,Sales Executive,2265281,28-03-2024,Low
1697,Robert Garg,Male,32,Serampore,Karnataka,Accountant,1757435,11-03-2018,Low
1698,Ronith Kota,Female,65,Saharanpur,Uttarakhand,Data Analyst,2210545,05-11-2020,Low
1699,Pranit Issac,Female,40,Dehradun,Uttar Pradesh,Doctor,1846626,07-09-2016,Medium
1700,Nathan Rama,Male,55,Madurai,Madhya Pradesh,Doctor,1079690,10-04-2018,Medium
1701,Qarin Sibal,Male,28,Unnao,Kerala,Farmer,922658,10-02-2025,Low
1702,Yashoda Basak,Female,69,Bokaro,Himachal Pradesh,Data Analyst,817460,26-07-2021,Low
1703,Victor Samra,Male,58,Gaya,Sikkim,Farmer,2443803,14-04-2025,Low
1704,Yasti Vohra,Female,23,Ambala,Karnataka,Doctor,1413057,11-07-2017,Low
1705,Nidhi Ravel,Female,21,Pallavaram,Gujarat,Farmer,2408225,22-10-2019,Low
1706,Ikbal Yogi,Female,23,Kolkata,Himachal Pradesh,Software Engineer,1937835,27-10-2018,Low
1707,Aryan Sharma,Male,30,Chandrapur,Mizoram,Teacher,1206402,23-12-2018,Low
1708,Aryan Hayer,Male,40,Srinagar,Arunachal Pradesh,Software Engineer,992783,25-07-2018,Low
1709,Megha Badal,Male,44,Varanasi,Mizoram,Student,533602,23-11-2022,Low
1710,Timothy Mahal,Female,18,Berhampur,Punjab,Lawyer,228366,07-01-2022,High
1711,Reyansh Cherian,Female,70,Jammu,Madhya Pradesh,Software Engineer,1099029,20-01-2021,Low
1712,Nitara Parikh,Female,57,Malegaon,Goa,Sales Executive,542466,23-02-2021,Low
1713,Eiravati Sekhon,Male,18,Aurangabad,Telangana,Farmer,2234078,26-05-2017,Medium
1714,Jagrati Ravi,Male,57,Kolhapur,West Bengal,Accountant,1374954,27-01-2025,Low
1715,Harsh Venkataraman,Female,62,Aurangabad,Telangana,Farmer,559649,27-10-2023,Low
1716,Pahal Sandhu,Male,44,Chandigarh,Chhattisgarh,Lawyer,2428268,25-03-2019,Low
1717,Lipika Nigam,Male,27,Kalyan-Dombivli,Goa,Accountant,690322,08-07-2025,Medium
1718,Henry Nigam,Female,70,Bhagalpur,Tripura,Student,257621,26-07-2026,Medium
1719,Ati Jaggi,Male,61,Tenali,Odisha,Data Analyst,1283947,16-11-2022,Low
1720,Oni Sidhu,Male,43,Hajipur,Manipur,Lawyer,1803739,13-01-2020,Low
1721,Yashvi Sodhi,Female,37,Malda,Uttar Pradesh,Accountant,1780481,11-04-2018,Low
1722,Indrajit Saini,Male,30,Vijayawada,Assam,Teacher,2074400,20-07-2022,Low
1723,Ijaya Babu,Male,41,Chennai,Maharashtra,Sales Executive,1150020,07-04-2023,Low
1724,Rachit Krish,Male,30,Proddatur,Manipur,Student,795669,01-01-2026,Low
1725,Hemangini Palan,Male,39,North Dumdum,Sikkim,Student,2288346,02-09-2019,Low
1726,Bhavya Ganesan,Male,70,Burhanpur,Uttar Pradesh,Student,2287524,09-02-2021,Low
1727,Mekhala Loyal,Male,60,Berhampur,Haryana,Doctor,2102260,02-04-2018,Medium
1728,Aachal Sarma,Female,20,Korba,Arunachal Pradesh,Student,1880267,14-07-2017,Low
1729,Ati Sehgal,Male,34,Aligarh,Maharashtra,Student,1967491,21-10-2019,Medium
1730,Mason Setty,Male,24,Dindigul,Nagaland,Accountant,1942593,10-07-2024,Low
1731,Deepa Srinivasan,Female,60,Kochi,Sikkim,Doctor,1734619,26-07-2023,High
1732,Waida Panchal,Female,53,Dewas,Nagaland,Student,1813938,29-05-2018,Low
1733,Nisha Mand,Male,19,Katihar,Arunachal Pradesh,Lawyer,1486172,16-05-2021,Low
1734,Saanvi Lad,Female,56,Howrah,Odisha,Teacher,857587,29-05-2018,Medium
1735,Yahvi Malhotra,Female,30,Dindigul,Jharkhand,Doctor,1431619,10-05-2017,Medium
1736,Idika Kar,Female,45,Satara,Nagaland,Sales Executive,995223,05-10-2023,Low
1737,Aradhana Devi,Male,22,Vijayawada,Uttarakhand,Lawyer,281445,06-11-2022,Low
1738,Urvashi Ahuja,Male,35,Satna,Sikkim,Data Analyst,2387536,07-03-2026,Low
1739,Agastya Korpal,Female,20,Shimoga,Punjab,Teacher,434235,21-05-2020,Low
1740,Leena Ahluwalia,Male,50,Kirari Suleman Nagar,Haryana,Student,1468231,09-03-2019,Medium
1741,Pavani Barad,Female,53,Tezpur,Odisha,Data Analyst,1480268,13-04-2025,Low
1742,Lucky Mittal,Female,21,Bihar Sharif,Gujarat,Business,1948420,01-09-2025,Medium
1743,Kritika Mohanty,Male,23,Kollam,Uttarakhand,Data Analyst,975229,20-07-2017,Low
1744,Aarna Butala,Female,70,Coimbatore,Assam,Software Engineer,1499988,03-02-2023,Low
1745,Kalpit Loke,Female,21,Machilipatnam,Manipur,Sales Executive,2410756,06-11-2025,Low
1746,Elijah Swamy,Female,30,Singrauli,Rajasthan,Data Analyst,573963,25-04-2022,Low
1747,Zansi Mukhopadhyay,Male,66,Haldia,Sikkim,Accountant,1102361,06-03-2024,High
1748,Arjun Sani,Male,32,Gandhidham,Uttarakhand,Software Engineer,948151,29-05-2026,Medium
1749,Nitara Ganguly,Female,42,Hosur,Madhya Pradesh,Data Analyst,2403022,13-10-2018,Low
1750,Wridesh Deshmukh,Female,27,Moradabad,Jharkhand,Farmer,1938777,02-12-2020,High
1751,Manthan Kanda,Female,24,Pallavaram,Sikkim,Teacher,687883,18-10-2020,Medium
1752,Wakeeta Gulati,Male,31,Jabalpur,Uttar Pradesh,Farmer,1852876,25-08-2017,Low
1753,Yahvi Anand,Female,53,Mau,Rajasthan,Farmer,709381,03-10-2020,Low
1754,Anamika Murthy,Male,23,Udupi,Gujarat,Software Engineer,2194681,16-04-2026,Low
1755,Liam Ganesan,Male,26,Dhanbad,Jharkhand,Software Engineer,1615988,25-12-2019,Low
1756,Aarini Kaur,Male,25,Kadapa,Madhya Pradesh,Student,2123398,13-03-2019,Low
1757,Utkarsh Bahri,Female,53,Bathinda,Punjab,Lawyer,231645,08-02-2024,High
1758,Avi Kohli,Female,24,Rampur,Meghalaya,Teacher,664473,07-08-2016,Low
1759,Damini Goel,Male,24,Bidar,West Bengal,Teacher,2062015,14-03-2026,Low
1760,Qadim Bhatnagar,Female,33,Bhiwani,Punjab,Farmer,1106621,08-10-2016,Low
1761,Hema Dutta,Male,33,Nanded,Haryana,Accountant,1499183,24-02-2023,Low
1762,Wyatt Deep,Male,38,Bettiah,Tripura,Sales Executive,1087932,19-04-2026,Low
1763,Rachita Murty,Female,34,Ludhiana,Tamil Nadu,Teacher,1969595,01-02-2025,Low
1764,Guneet Sule,Female,68,Gandhinagar,Sikkim,Student,612932,10-01-2026,Low
1765,Sara Basu,Male,38,Erode,Maharashtra,Business,1346350,16-07-2026,Low
1766,Orinder Rau,Male,30,Yamunanagar,Tripura,Farmer,571912,25-12-2025,Medium
1767,Upadhriti Chatterjee,Male,35,Pondicherry,Arunachal Pradesh,Data Analyst,1678829,14-06-2023,Low
1768,Oni Vala,Male,44,Khandwa,Chhattisgarh,Software Engineer,1568005,14-07-2018,High
1769,Darika Behl,Male,58,Cuttack,Karnataka,Business,657907,24-03-2017,Medium
1770,Veer Subramanian,Female,36,Agartala,Assam,Student,1804744,06-05-2020,Medium
1771,Vasatika Chokshi,Female,27,Tinsukia,Mizoram,Accountant,2268591,11-05-2026,Low
1772,Charles Purohit,Male,63,Mira-Bhayandar,Karnataka,Doctor,2209262,24-04-2024,Medium
1773,Aarav Bains,Female,26,Ramagundam,Telangana,Data Analyst,2442544,05-12-2023,Low
1774,Harshil Chadha,Female,18,Mathura,Rajasthan,Doctor,409823,16-06-2019,Low
1775,Ekansh Mishra,Female,62,Hazaribagh,Bihar,Sales Executive,517918,20-05-2018,Low
1776,Nidra Rajan,Female,47,Davanagere,Himachal Pradesh,Lawyer,1229943,30-07-2026,Low
1777,Dalaja Wason,Female,46,Khammam,Himachal Pradesh,Sales Executive,2184745,10-11-2016,Low
1778,Agastya Handa,Female,45,Alappuzha,Gujarat,Business,1167700,17-01-2022,Low
1779,Falan Kunda,Male,27,Tirunelveli,Tamil Nadu,Teacher,1205135,18-07-2025,Low
1780,Azad Randhawa,Female,27,Malegaon,Jharkhand,Sales Executive,2095673,09-03-2026,Low
1781,Lekha Sekhon,Female,58,Surat,Jharkhand,Accountant,2102525,26-04-2023,Low
1782,Yashawini Kapoor,Female,44,Erode,Tamil Nadu,Data Analyst,2321696,03-05-2026,Low
1783,Vasana Shankar,Male,42,Munger,Andhra Pradesh,Sales Executive,1360259,14-05-2017,High
1784,Geetika Soni,Female,36,Shimoga,Uttarakhand,Doctor,2060031,10-01-2023,Low
1785,Timothy Mann,Male,24,Bhilwara,Tripura,Software Engineer,651798,25-04-2025,Low
1786,Hema Dua,Female,52,Tenali,Arunachal Pradesh,Student,754540,28-04-2025,Low
1787,Ria Chatterjee,Male,23,Udupi,Andhra Pradesh,Accountant,2219881,06-11-2025,Low
1788,Logan Chandran,Female,19,Jorhat,Karnataka,Doctor,1973726,14-06-2025,Low
1789,Maya Narayan,Female,19,Chandigarh,Karnataka,Software Engineer,1266821,15-03-2017,Low
1790,Tanay Dhawan,Female,21,Sultan Pur Majra,Maharashtra,Sales Executive,748333,17-08-2017,Low
1791,Manthan Pandya,Male,58,Guntakal,Manipur,Teacher,1215194,03-09-2025,Medium
1792,Yashawini Dhawan,Male,44,Durgapur,Mizoram,Doctor,1105763,04-11-2016,Low
1793,Rehaan Jayaraman,Male,51,Gulbarga,Telangana,Sales Executive,1693492,07-04-2026,High
1794,Eesha Lalla,Male,51,Sagar,Goa,Software Engineer,616247,08-10-2017,Medium
1795,Naveen Parikh,Female,40,Gaya,Mizoram,Sales Executive,211238,27-11-2023,Medium
1796,Yashica Kalla,Female,58,Vijayanagaram,Meghalaya,Data Analyst,1648108,22-11-2024,Low
1797,Ansh Gokhale,Female,39,Mira-Bhayandar,Assam,Business,1528955,25-08-2024,Low
1798,Jack Hayre,Female,40,Morbi,Uttarakhand,Teacher,1677559,22-11-2017,Low
1799,Kiaan Sethi,Female,26,Nandyal,Odisha,Lawyer,1521488,17-11-2022,Low
1800,Kalpit Karpe,Male,29,Bharatpur,Arunachal Pradesh,Doctor,1638321,23-02-2021,Low
1801,Mohammed Loyal,Male,59,Nizamabad,Goa,Student,250056,02-05-2025,Low
1802,Vedika Bora,Female,41,Madhyamgram,Madhya Pradesh,Teacher,780824,12-03-2023,Low
1803,Aahana Nagi,Female,49,Khandwa,Goa,Student,767690,10-07-2020,Low
1804,Lipika Narang,Male,37,Kanpur,Odisha,Software Engineer,1523118,09-05-2024,Low
1805,Warda Cheema,Female,35,Jaipur,Mizoram,Teacher,2106541,29-08-2021,High
1806,Shravya Bhakta,Male,53,Vadodara,Andhra Pradesh,Software Engineer,1151719,12-02-2017,Low
1807,Zansi Chada,Female,53,Firozabad,Himachal Pradesh,Software Engineer,1471606,31-01-2020,Low
1808,Krishna Bhakta,Male,66,Mangalore,Gujarat,Sales Executive,2231738,20-09-2022,Low
1809,Faraj Zacharia,Male,46,Eluru,Tamil Nadu,Sales Executive,1201501,30-12-2020,Low
1810,Samesh Cherian,Female,55,Kumbakonam,Karnataka,Doctor,1806315,08-11-2016,Low
1811,Champak Basu,Female,22,Sagar,Jharkhand,Student,1277661,13-09-2022,Low
1812,Kavya Kohli,Female,21,Muzaffarnagar,Tamil Nadu,Sales Executive,376455,17-05-2026,Low
1813,Imaran Bora,Male,30,Sultan Pur Majra,Himachal Pradesh,Lawyer,1525814,30-10-2022,Low
1814,Ladli Dada,Male,50,Eluru,Maharashtra,Software Engineer,1522822,06-05-2025,Low
1815,Chandresh Prabhakar,Female,22,Kadapa,Chhattisgarh,Accountant,862812,27-01-2020,Low
1816,Hemani Balan,Female,68,Khandwa,Haryana,Lawyer,1424050,13-02-2021,Medium
1817,Victor Dayal,Male,70,Vasai-Virar,Odisha,Accountant,1876715,13-10-2024,Low
1818,Jacob Datta,Female,61,Parbhani,Maharashtra,Teacher,1194323,28-06-2020,Low
1819,Ryan Sankaran,Male,46,Singrauli,West Bengal,Business,2464486,18-09-2025,Low
1820,Maanav Zachariah,Female,67,Burhanpur,Uttarakhand,Teacher,999835,29-03-2026,Low
1821,Bhavini Peri,Female,30,Bhimavaram,Jharkhand,Farmer,1129405,17-09-2021,Low
1822,Suhani Baria,Male,47,Hubli–Dharwad,Chhattisgarh,Doctor,2345471,22-11-2017,Medium
1823,Garima Dani,Male,37,Tumkur,Jharkhand,Accountant,201548,10-03-2021,High
1824,Chatresh Tella,Female,36,Bardhaman,Chhattisgarh,Doctor,225607,07-05-2022,Medium
1825,Lila Batta,Male,20,Moradabad,Haryana,Sales Executive,1740413,18-02-2019,Low
1826,Nathaniel Lata,Female,69,Jalna,Punjab,Software Engineer,1714577,08-01-2018,Low
1827,Nimrat Patil,Male,66,Aizawl,Chhattisgarh,Lawyer,559305,29-12-2022,Medium
1828,Laban Bakshi,Female,54,Jaipur,Arunachal Pradesh,Sales Executive,1220455,12-02-2022,Low
1829,Quincy Badal,Female,60,Bijapur,Punjab,Sales Executive,326339,04-03-2020,Low
1830,Vivaan Garg,Female,28,Jammu,Karnataka,Business,834132,13-06-2019,Low
1831,Naksh Varughese,Female,38,Vijayanagaram,Uttar Pradesh,Sales Executive,1810010,07-12-2020,Low
1832,Caleb Mital,Male,20,Hosur,Sikkim,Business,1125328,11-04-2021,Low
1833,Ubika Nadig,Female,43,Mehsana,Punjab,Lawyer,1116634,17-04-2023,Low
1834,Ishwar Dhar,Female,69,Purnia,Tripura,Teacher,1823135,22-02-2023,Low
1835,Nirja Ratti,Female,58,Bongaigaon,Tripura,Lawyer,981418,23-02-2022,Low
1836,Ekaraj Nagy,Female,31,Miryalaguda,Maharashtra,Teacher,2014271,07-04-2025,Low
1837,Upasna Bhargava,Female,37,Kishanganj,Goa,Data Analyst,1070288,11-03-2018,Low
1838,Maya Krishnamurthy,Female,62,Jaipur,Maharashtra,Software Engineer,850225,22-06-2023,Low
1839,Benjamin Peri,Female,49,Dindigul,Himachal Pradesh,Data Analyst,766390,22-11-2018,Low
1840,Nimrat Kibe,Female,51,Ballia,Mizoram,Sales Executive,1819927,04-07-2022,Low
1841,Mohammed Sama,Female,54,Raurkela Industrial Township,Rajasthan,Student,406383,15-10-2022,Low
1842,Madhavi Biswas,Female,60,Srinagar,Chhattisgarh,Teacher,988180,15-08-2018,Medium
1843,Charvi Kakar,Female,36,Khora ,Madhya Pradesh,Accountant,896111,24-06-2020,Medium
1844,Lipika Deol,Male,37,Jalna,Uttarakhand,Farmer,262112,23-07-2018,Medium
1845,Tanmayi Kari,Male,38,Yamunanagar,Telangana,Student,1709115,21-04-2019,Low
1846,Chaitanya Sood,Male,56,Indore,Meghalaya,Farmer,1362043,01-06-2020,Low
1847,Elijah Prasad,Male,37,Kollam,Assam,Student,1685587,17-01-2023,Low
1848,Janani Singhal,Male,52,Indore,Madhya Pradesh,Accountant,2330823,17-03-2025,Low
1849,Kashvi Luthra,Male,31,Morbi,Bihar,Software Engineer,2312378,28-06-2018,Low
1850,Maanav Padmanabhan,Male,48,Hindupur,Rajasthan,Doctor,1518304,07-05-2020,Low
1851,Chandran Palla,Male,41,Tiruppur,Maharashtra,Farmer,1435282,24-11-2023,Low
1852,Reyansh Wagle,Male,37,Shahjahanpur,Assam,Data Analyst,730135,13-09-2025,Low
1853,Harshil Nagarajan,Female,34,Bhusawal,Rajasthan,Teacher,604881,24-10-2017,Low
1854,Ekaraj Garde,Male,19,Bhimavaram,Madhya Pradesh,Doctor,522503,17-01-2022,High
1855,Ridhi Ganguly,Female,48,Thane,Andhra Pradesh,Software Engineer,2089182,07-02-2025,Low
1856,Chanakya Dutt,Female,67,Delhi,Sikkim,Business,1643980,25-07-2025,Low
1857,Bhavika Sem,Female,37,Howrah,West Bengal,Accountant,1558324,03-02-2022,Medium
1858,Rachana Murthy,Male,58,Gudivada,Andhra Pradesh,Doctor,905774,09-12-2016,Low
1859,Ekbal Sankaran,Female,68,Mehsana,Tripura,Doctor,1885386,12-04-2022,Low
1860,Gayathri Garde,Male,34,Ballia,Goa,Lawyer,457573,07-01-2021,Low
1861,Mason Samra,Female,49,Sirsa,Gujarat,Teacher,992323,18-12-2022,Low
1862,Diya Shankar,Female,52,Vadodara,Gujarat,Accountant,2177490,07-03-2018,Low
1863,Jagdish Roy,Male,59,Jalna,Bihar,Sales Executive,1757280,14-05-2021,Low
1864,Baghyawati Chakrabarti,Female,59,Bareilly,Gujarat,Lawyer,799775,26-12-2019,Low
1865,Tanish Korpal,Female,56,Haldia,Uttar Pradesh,Accountant,685036,04-12-2016,Low
1866,Arya Lalla,Female,48,Moradabad,Tamil Nadu,Teacher,510784,08-01-2018,Low
1867,Bachittar Bawa,Male,63,Jorhat,Bihar,Software Engineer,276440,13-01-2020,Low
1868,Anirudh Nori,Male,31,Loni,Maharashtra,Accountant,633831,01-09-2025,Low
1869,Veer Malhotra,Female,66,Surendranagar Dudhrej,Uttar Pradesh,Lawyer,2193612,29-09-2019,Low
1870,Triveni Mandal,Male,49,Bhusawal,Haryana,Teacher,2386950,25-05-2017,Low
1871,Ekaja Bora,Male,40,Rampur,Uttarakhand,Farmer,1050870,16-10-2019,Low
1872,Yashasvi Mohanty,Male,18,Mathura,West Bengal,Business,219954,27-06-2022,Medium
1873,Ekaja Narayanan,Female,31,Mysore,Chhattisgarh,Doctor,2172439,05-08-2019,Low
1874,Yatin Bhargava,Female,43,Rohtak,Himachal Pradesh,Accountant,1839830,24-08-2019,Low
1875,Yashasvi D’Alia,Female,35,Chittoor,Goa,Teacher,2211127,01-06-2018,Low
1876,Forum Dewan,Female,24,North Dumdum,Himachal Pradesh,Doctor,296480,14-04-2021,Low
1877,Shravya Kohli,Female,49,Mathura,Goa,Software Engineer,1667122,28-01-2020,Medium
1878,Logan Gopal,Male,39,Panipat,Chhattisgarh,Sales Executive,1348070,04-07-2026,Low
1879,Yashica Rout,Female,50,Anantapur,Andhra Pradesh,Data Analyst,262754,21-03-2025,Medium
1880,Ayaan Kar,Female,20,Anantapuram,Tripura,Student,438779,04-11-2019,Medium
1881,Arjun Wali,Male,42,Adoni,Meghalaya,Software Engineer,2201276,19-04-2025,Low
1882,Saumya Ray,Male,55,Katihar,West Bengal,Teacher,612160,02-07-2017,Low
1883,Michael Chaudhuri,Male,30,Hosur,Tamil Nadu,Lawyer,1862187,22-05-2019,Low
1884,Vritti Panchal,Male,47,Arrah,Assam,Data Analyst,2179826,17-03-2025,Medium
1885,Harsh Gandhi,Female,20,Patna,Punjab,Doctor,2217350,02-05-2026,Low
1886,Dalbir Reddy,Female,68,Bilaspur,Meghalaya,Student,1681563,21-09-2018,Medium
1887,Baghyawati Dar,Female,51,Amritsar,Telangana,Student,807955,14-05-2017,Low
1888,Saanvi Mangat,Male,68,Raebareli,Uttarakhand,Student,278458,21-03-2024,Low
1889,Balendra Jayaraman,Male,32,Bhavnagar,Goa,Accountant,896937,12-04-2017,High
1890,Ojas Jaggi,Male,29,Bijapur,Madhya Pradesh,Doctor,1792894,15-03-2022,Low
1891,Charles Kara,Male,59,Kolkata,Rajasthan,Lawyer,2133934,13-02-2022,Low
1892,Jackson Dyal,Female,64,Tirupati,Gujarat,Student,813667,08-12-2025,Medium
1893,Gautam Rege,Female,34,Khammam,Telangana,Teacher,1506944,16-08-2016,Low
1894,Zilmil Bhasin,Female,69,Jodhpur,Odisha,Accountant,2448857,02-03-2023,Low
1895,Dayamai Savant,Male,58,Medininagar,Goa,Software Engineer,1371031,29-09-2016,Low
1896,Pratyush Sheth,Male,64,Imphal,Mizoram,Sales Executive,1618724,14-01-2021,Low
1897,Ekanta Bath,Female,40,Pune,Uttar Pradesh,Software Engineer,1790333,15-04-2023,Low
1898,Harrison Subramaniam,Female,20,Bhatpara,Mizoram,Software Engineer,211705,08-05-2024,Low
1899,Udarsh Raj,Male,32,Siwan,Uttar Pradesh,Doctor,2300006,30-03-2025,Low
1900,Max Bobal,Male,40,Raiganj,Andhra Pradesh,Sales Executive,1856966,28-12-2016,Low
1901,Edhitha Chatterjee,Female,45,Faridabad,Odisha,Doctor,2136533,03-12-2022,High
1902,Balveer Sem,Male,46,Hyderabad,Bihar,Lawyer,500546,23-11-2021,Low
1903,Hredhaan Sant,Female,26,Etawah,West Bengal,Sales Executive,1949163,03-01-2019,Low
1904,Gauri Apte,Male,65,Thane,Mizoram,Business,1387560,02-01-2026,Medium
1905,Anjali Murthy,Male,42,Karnal,Chhattisgarh,Accountant,1306258,14-11-2018,Low
1906,Ekanta Das,Female,60,Jaipur,West Bengal,Data Analyst,2112978,12-02-2022,Low
1907,Yahvi Baral,Female,45,Aurangabad,Andhra Pradesh,Teacher,848688,30-07-2021,Low
1908,Vritti Pau,Male,18,Kakinada,Goa,Business,1980000,09-04-2026,Medium
1909,Balendra Parsa,Female,32,Bijapur,Karnataka,Farmer,1535509,09-08-2024,Low
1910,Lopa Yogi,Male,22,Sangli-Miraj & Kupwad,Tripura,Software Engineer,704327,17-06-2023,Low
1911,Michael Arya,Female,44,Belgaum,Rajasthan,Software Engineer,536171,11-09-2016,Medium
1912,Rayaan Guha,Male,49,Karawal Nagar,Haryana,Teacher,1401629,16-08-2024,Low
1913,Xiti Kapadia,Female,38,Miryalaguda,Chhattisgarh,Business,1482404,07-04-2025,Low
1914,Wakeeta Rau,Female,20,Patiala,Arunachal Pradesh,Lawyer,2332050,03-10-2021,Low
1915,Hema Subramanian,Female,39,Ahmednagar,Gujarat,Business,2405928,11-01-2026,Medium
1916,Upadhriti Ranganathan,Female,52,Danapur,Madhya Pradesh,Sales Executive,1270250,09-05-2024,Low
1917,Baljiwan Singhal,Male,60,Tinsukia,Tamil Nadu,Teacher,1495503,24-12-2023,Low
1918,Pallavi Mand,Male,38,Tiruppur,Madhya Pradesh,Doctor,2130541,28-11-2016,Medium
1919,Radha Balakrishnan,Female,23,Satara,Tamil Nadu,Farmer,1756589,31-05-2026,Low
1920,Benjamin Sani,Female,49,Dehradun,Mizoram,Sales Executive,1952826,03-11-2023,High
1921,Wyatt Mahajan,Female,45,Srikakulam,Sikkim,Sales Executive,383895,02-06-2024,Medium
1922,Zehaan Dey,Male,26,Chandrapur,Manipur,Teacher,2145894,07-04-2019,Low
1923,Lipika Chad,Male,25,Sonipat,Mizoram,Farmer,2330322,19-08-2020,Low
1924,Manan Sachar,Male,52,Vasai-Virar,Arunachal Pradesh,Software Engineer,2249808,28-03-2026,Low
1925,Avi Hari,Female,25,Latur,Andhra Pradesh,Student,1554853,08-03-2021,Medium
1926,Dayita Thakur,Male,43,Guntur,Uttar Pradesh,Sales Executive,1876361,06-11-2022,Low
1927,Upasna Sehgal,Male,54,Raichur,Kerala,Farmer,1286626,26-03-2024,Low
1928,Kavya Thaker,Female,47,Bhilwara,Rajasthan,Software Engineer,1016176,12-02-2022,Low
1929,Chaman Goda,Male,39,Raebareli,Telangana,Teacher,1777981,15-05-2024,Low
1930,Gaurav Loke,Female,36,Panihati,Nagaland,Teacher,2005729,12-05-2025,Low
1931,Ishwar Kade,Female,49,Bhubaneswar,Gujarat,Accountant,525266,02-02-2025,Low
1932,Gayathri Cherian,Female,29,Motihari,Karnataka,Farmer,1209493,25-05-2019,Low
1933,Rehaan Sood,Male,34,Jamshedpur,Kerala,Teacher,1646492,30-10-2020,Medium
1934,Girish Dube,Female,44,Karaikudi,Manipur,Teacher,1543547,07-05-2017,Low
1935,Arjun Nori,Male,19,Phusro,Madhya Pradesh,Farmer,845224,10-10-2025,Low
1936,Azaan Chokshi,Female,57,Kalyan-Dombivli,Rajasthan,Accountant,508713,02-07-2019,Medium
1937,Madhav Sura,Female,54,Ramagundam,Telangana,Accountant,341975,31-05-2023,Medium
1938,Jai Kalla,Female,27,Tirunelveli,Sikkim,Student,672223,19-05-2017,Low
1939,Ranveer Swamy,Female,41,Shahjahanpur,Manipur,Student,420693,01-07-2022,Low
1940,Wakeeta Pall,Female,44,Srikakulam,Tripura,Data Analyst,1408750,27-03-2020,Medium
1941,Brijesh Venkatesh,Male,27,Amravati,West Bengal,Farmer,933669,19-02-2021,High
1942,Mugdha Sehgal,Male,68,Buxar,Jharkhand,Doctor,1293573,13-08-2025,Low
1943,Robert Sanghvi,Male,70,Chinsurah,Sikkim,Farmer,476905,12-02-2025,Low
1944,Vidhi Bhandari,Female,39,Fatehpur,Uttarakhand,Software Engineer,2427100,03-04-2019,Low
1945,William Sarna,Male,41,Vijayawada,Rajasthan,Accountant,288638,28-01-2023,Medium
1946,Oni Cherian,Female,62,Guntakal,Nagaland,Software Engineer,1750183,27-01-2025,High
1947,Veer Lad,Male,65,Tirupati,Arunachal Pradesh,Lawyer,1252621,08-10-2022,High
1948,Michael Minhas,Female,20,Raurkela Industrial Township,Arunachal Pradesh,Software Engineer,2127063,14-04-2025,Low
1949,Vrinda Cherian,Female,52,Giridih,Gujarat,Business,282547,03-06-2023,Low
1950,Wridesh Sidhu,Female,38,Nagpur,Maharashtra,Doctor,306650,23-04-2020,Low
1951,Kevin Madan,Male,23,Kozhikode,Assam,Sales Executive,501435,18-05-2021,Low
1952,Sudiksha Wason,Female,53,Pondicherry,Tamil Nadu,Sales Executive,2394448,18-05-2024,Low
1953,Chaitanya Ray,Female,68,Bareilly,Maharashtra,Accountant,636268,01-03-2017,Low
1954,Charita Walla,Female,26,Burhanpur,Madhya Pradesh,Accountant,1721370,05-05-2026,Low
1955,Orinder Manne,Male,39,Shivpuri,Tripura,Student,863206,10-09-2022,Medium
1956,Omaja Balakrishnan,Male,46,Kozhikode,Uttarakhand,Teacher,1986647,31-05-2025,Medium
1957,Aradhana Wagle,Male,70,Tiruvottiyur,Gujarat,Student,1088509,24-07-2023,Low
1958,Rudra Pathak,Male,51,Giridih,Tripura,Student,2171484,12-07-2019,High
1959,Anusha Roy,Male,24,Alappuzha,Rajasthan,Business,2433247,16-05-2022,Low
1960,Janaki Rajagopal,Male,32,Pali,Andhra Pradesh,Software Engineer,1526174,04-10-2025,Low
1961,Yashodhara Narayanan,Male,45,Jaipur,Tripura,Lawyer,354549,15-07-2022,Low
1962,Jatin Gour,Male,53,Tiruchirappalli,Kerala,Sales Executive,2145334,25-11-2017,Low
1963,Idika Choudhry,Female,50,Hosur,Assam,Lawyer,888243,08-02-2025,High
1964,Qasim Pal,Male,69,Bihar Sharif,Chhattisgarh,Software Engineer,2136609,04-09-2023,High
1965,Chandresh Varkey,Female,70,Ludhiana,Meghalaya,Accountant,265666,14-06-2024,Medium
1966,Wakeeta Sharma,Male,54,Hajipur,Rajasthan,Software Engineer,1488182,20-07-2021,Low
1967,Hemang Golla,Female,54,Nanded,Haryana,Business,296349,22-10-2024,Low
1968,Baghyawati Sabharwal,Male,38,Khora ,Punjab,Farmer,616482,26-04-2026,Low
1969,Nilima Kar,Female,22,Bhagalpur,Manipur,Doctor,1891971,31-07-2026,Low
1970,Saksham Char,Female,28,Bhilwara,Manipur,Student,2196051,08-04-2025,High
1971,Kashish Oak,Female,39,Firozabad,West Bengal,Teacher,1242187,04-07-2024,High
1972,Gaurav Dass,Female,27,Khandwa,Uttarakhand,Business,1305732,27-08-2025,Low
1973,Rachana Badal,Female,27,Yamunanagar,Goa,Teacher,2434866,28-03-2020,High
1974,Lila Bir,Female,62,Jorhat,Bihar,Lawyer,280810,06-01-2019,Low
1975,Vrinda Maharaj,Male,68,Jalna,Maharashtra,Software Engineer,2392599,20-01-2024,Medium
1976,Qarin Wagle,Female,55,Ozhukarai,Tamil Nadu,Teacher,505710,03-02-2020,Low
1977,Azad Dani,Male,37,Bellary,Maharashtra,Software Engineer,2262727,04-09-2022,Medium
1978,Chakradhar Padmanabhan,Male,43,Jammu,Rajasthan,Lawyer,2007998,04-11-2023,Low
1979,Gaurika Kumar,Female,56,Surat,Mizoram,Student,2373544,14-06-2022,Low
1980,Lavanya Kamdar,Male,46,Malda,Telangana,Business,354705,10-03-2020,Medium
1981,Qabil Sant,Male,23,Rourkela,Himachal Pradesh,Student,1236642,23-12-2017,Medium
1982,Dhruv Kalita,Male,46,Haldia,Kerala,Accountant,370679,25-03-2023,Low
1983,Omkaar Bhattacharyya,Female,24,Giridih,Tamil Nadu,Accountant,971692,23-01-2022,High
1984,Madhav Kala,Male,61,Karawal Nagar,Bihar,Student,546032,20-05-2018,High
1985,Saanvi Barad,Female,64,Khammam,Kerala,Farmer,1792753,08-06-2019,Low
1986,Falan Dey,Female,44,Thiruvananthapuram,Nagaland,Student,236280,20-02-2025,Low
1987,Watika Pandit,Male,43,Adoni,West Bengal,Data Analyst,1850576,20-04-2019,Low
1988,Pallavi Madan,Male,51,Hapur,Karnataka,Accountant,1670343,14-11-2018,Medium
1989,Niharika Sagar,Female,51,Shahjahanpur,Mizoram,Sales Executive,1148488,21-09-2024,High
1990,Omisha Gandhi,Male,53,Kumbakonam,Madhya Pradesh,Software Engineer,471006,12-02-2019,Low
1991,Qasim Sankaran,Female,24,Belgaum,Assam,Lawyer,507949,30-11-2025,Medium
1992,Jeremiah Kade,Female,21,Bikaner,Madhya Pradesh,Doctor,1957446,02-10-2016,Low
1993,Charan Narayanan,Male,57,Ajmer,Kerala,Business,1967702,14-06-2024,Low
1994,Zaitra Vala,Male,67,Gaya,Telangana,Farmer,227696,04-04-2023,Low
1995,Aarav Sarin,Female,44,Ulhasnagar,Himachal Pradesh,Software Engineer,512946,29-10-2024,Medium
1996,Vincent Doctor,Male,53,Jodhpur,Mizoram,Student,285717,20-04-2017,Low
1997,Dominic Tella,Male,22,Mysore,Jharkhand,Farmer,2287015,22-07-2026,Medium
1998,Triveni Setty,Female,69,Jamnagar,Bihar,Accountant,1790429,15-01-2019,Low
1999,Jatin Prabhu,Male,57,Nagaon,Manipur,Student,1049930,09-07-2026,Low
2000,Zehaan Brahmbhatt,Male,38,Morena,Manipur,Lawyer,508330,07-07-2026,High
2001,Veer Kumar,Male,46,Kanpur,Tamil Nadu,Lawyer,1190400,06-01-2019,Medium
2002,Darpan Dua,Male,51,Mysore,Nagaland,Lawyer,2341492,17-03-2023,Low
2003,Anvi Luthra,Male,58,Karnal,Rajasthan,Data Analyst,449617,20-02-2021,Low
2004,Chandran Sur,Male,53,Hapur,Madhya Pradesh,Teacher,1701237,13-07-2022,Low
2005,Ubika Goswami,Male,18,Malegaon,Telangana,Business,386863,14-09-2021,Low
2006,Ojasvi Morar,Male,58,Bhilwara,Gujarat,Student,1070175,07-01-2019,Low
2007,Amol Tiwari,Male,19,Buxar,Nagaland,Teacher,1124928,19-03-2020,Low
2008,Advika Hora,Female,61,Amravati,Gujarat,Teacher,2425087,13-10-2017,Low
2009,Pushti Prakash,Female,44,Hindupur,Telangana,Accountant,2378242,06-08-2018,Low
2010,Kalpit Mishra,Male,35,Jaipur,Uttarakhand,Accountant,336420,31-07-2017,Low
2011,Leena Zacharia,Female,26,Dindigul,Uttarakhand,Accountant,1510195,15-06-2024,Low
2012,Pranav Walla,Male,25,Eluru,Goa,Student,1288825,19-01-2025,Low
2013,Agastya Sani,Female,53,Bikaner,Goa,Business,701279,18-08-2018,Medium
2014,Abhimanyu Saini,Male,46,Medininagar,Himachal Pradesh,Data Analyst,2029066,04-12-2023,Low
2015,Kamya Bansal,Female,42,Belgaum,Manipur,Software Engineer,907028,03-08-2020,Medium
2016,Samesh Rajagopalan,Male,22,Gurgaon,Meghalaya,Data Analyst,1770043,20-01-2017,Low
2017,Tanvi Oommen,Male,31,Mysore,Uttarakhand,Sales Executive,1190246,11-06-2024,Medium
2018,Owen Roy,Female,31,Sangli-Miraj & Kupwad,Madhya Pradesh,Business,932750,23-07-2026,Low
2019,Oviya Choudhary,Female,59,Haridwar,Rajasthan,Data Analyst,2260753,30-04-2017,Low
2020,Pranit Sunder,Male,67,Tadipatri,Tamil Nadu,Sales Executive,1315563,25-08-2022,High
2021,Jalsa Chaudhari,Female,30,Satara,Bihar,Accountant,1882398,24-08-2021,Low
2022,Hamsini Babu,Male,47,Bangalore,Madhya Pradesh,Student,685061,29-03-2022,Medium
2023,Avni Sodhi,Female,43,Ozhukarai,Kerala,Lawyer,849029,05-05-2025,Low
2024,Praneel Mangal,Male,51,Kharagpur,Karnataka,Doctor,1002189,14-08-2017,Medium
2025,Chakrika Talwar,Female,56,Karawal Nagar,Himachal Pradesh,Lawyer,1830415,01-05-2023,Low
2026,Mason Lad,Male,28,Bilaspur,Chhattisgarh,Accountant,501744,30-07-2022,Low
2027,Tanmayi Vora,Female,26,Kadapa,Nagaland,Software Engineer,1657574,25-09-2025,Low
2028,Madhav Acharya,Male,37,Jalandhar,Himachal Pradesh,Farmer,1787693,21-08-2023,High
2029,Warinder Kumer,Male,39,Korba,Manipur,Farmer,1967293,26-07-2021,Low
2030,Kai Rege,Male,31,Udaipur,West Bengal,Farmer,542764,11-06-2017,High
2031,Faras Memon,Female,18,Muzaffarpur,Sikkim,Lawyer,1446574,24-04-2024,High
2032,Panini Sathe,Male,67,Kavali,Chhattisgarh,Business,348800,15-06-2020,Low
2033,Hitesh Mohanty,Male,49,Patiala,Haryana,Doctor,712422,21-10-2021,Low
2034,Pooja Chaudry,Male,49,Vadodara,Uttar Pradesh,Software Engineer,1802431,02-11-2019,Low
2035,Samar Nanda,Male,39,Ujjain,Meghalaya,Data Analyst,1811727,13-09-2018,Low
2036,Ishaan Mukherjee,Female,44,Raiganj,Chhattisgarh,Student,1207769,19-08-2018,Low
2037,Yash Mahal,Male,61,Nashik,Chhattisgarh,Teacher,882041,15-01-2020,Low
2038,Hiral Char,Male,48,Asansol,Jharkhand,Doctor,1194540,07-11-2025,Low
2039,Naveen Walla,Female,33,Vijayanagaram,Jharkhand,Student,2162552,05-03-2025,Medium
2040,Zilmil Srinivas,Female,48,Shimoga,Meghalaya,Teacher,2437559,25-01-2022,Medium
2041,Kritika Om,Male,25,Rajpur Sonarpur,Meghalaya,Data Analyst,1053291,29-06-2024,Low
2042,Dayita Chana,Male,68,Bidar,Maharashtra,Business,791533,15-08-2022,Low
2043,Charvi Deo,Female,48,Dehradun,Uttarakhand,Doctor,1434015,10-02-2026,Low
2044,Vritti Dara,Female,51,Gopalpur,Bihar,Farmer,2332370,23-01-2026,High
2045,Ikbal Jain,Male,68,Nizamabad,West Bengal,Data Analyst,1209980,27-05-2023,Low
2046,Chandani Prabhakar,Male,51,Patna,Himachal Pradesh,Accountant,464811,25-01-2020,Low
2047,Jhalak Sridhar,Female,30,Satara,Rajasthan,Sales Executive,556516,28-03-2018,Low
2048,Maanas Trivedi,Female,66,Hosur,Assam,Business,433227,20-08-2017,Low
2049,Hemangini Mallick,Female,60,Shimla,Tamil Nadu,Accountant,417620,24-05-2025,Low
2050,Faris Dar,Male,21,Naihati,Haryana,Doctor,316287,05-03-2026,Low
2051,Nikita Shukla,Female,21,Jammu,Uttarakhand,Doctor,2368669,31-08-2016,Low
2052,Yagnesh Chakrabarti,Male,32,Satara,Nagaland,Teacher,1077279,23-08-2020,Low
2053,Mugdha Mannan,Male,60,Begusarai,Uttarakhand,Sales Executive,762164,25-04-2020,Low
2054,Netra Jhaveri,Male,54,Gandhinagar,Kerala,Student,2284779,29-06-2021,Low
2055,William Kala,Female,40,Chinsurah,Arunachal Pradesh,Software Engineer,2006599,07-04-2019,Low
2056,Balveer Roy,Female,50,Bellary,Jharkhand,Lawyer,809844,08-05-2024,Low
2057,Urvashi Gill,Male,55,Dewas,Assam,Software Engineer,2449949,31-08-2024,Medium
2058,Barkha Acharya,Male,48,Hospet,Himachal Pradesh,Business,1247949,30-10-2016,High
2059,Ekta Parikh,Male,24,Alwar,Mizoram,Software Engineer,1478124,30-12-2017,Medium
2060,Balvan Nagi,Male,24,Bhavnagar,Bihar,Lawyer,1203311,11-02-2024,Medium
2061,Edhitha Krishna,Male,28,Kamarhati,Andhra Pradesh,Farmer,1081971,24-08-2016,Medium
2062,Aarini Apte,Male,42,Gwalior,Sikkim,Business,1117527,15-12-2017,Low
2063,Michael Nath,Male,42,Udaipur,Goa,Teacher,2006628,13-10-2016,Low
2064,Bahadurjit Bala,Female,67,Nanded,Assam,Software Engineer,2411665,09-06-2025,Low
2065,Harsh Sha,Male,51,Dewas,Kerala,Teacher,573950,18-12-2021,Low
2066,Ishani Dara,Male,39,Allahabad,Kerala,Doctor,1962707,17-07-2019,Low
2067,Ranbir Nanda,Male,19,Dehri,Jharkhand,Business,915925,03-06-2019,High
2068,Tanveer Roy,Female,20,Hajipur,Gujarat,Student,1184547,02-11-2021,Low
2069,Bachittar Gade,Male,45,Rajkot,Arunachal Pradesh,Sales Executive,2449007,22-01-2021,Low
2070,Omkaar Bains,Male,61,Vijayawada,Haryana,Business,1266979,02-01-2023,Medium
2071,Sanya Bose,Male,54,Thane,Nagaland,Student,2283602,21-03-2026,Low
2072,Sanaya Raju,Female,70,Udupi,Madhya Pradesh,Data Analyst,977384,29-10-2025,Low
2073,Nimrat Seth,Female,37,Mira-Bhayandar,Andhra Pradesh,Farmer,2066991,24-07-2025,High
2074,Rehaan Dass,Female,26,Anantapur,Kerala,Software Engineer,1709051,01-11-2025,Medium
2075,Aradhana Narang,Male,44,Guntakal,Odisha,Student,1145437,12-01-2026,Low
2076,Bhavya Arora,Male,51,Guntur,Madhya Pradesh,Data Analyst,852445,06-11-2019,Low
2077,George Luthra,Female,18,Madanapalle,Assam,Data Analyst,1901652,23-10-2019,Low
2078,Vivaan Pandit,Female,23,Vijayanagaram,West Bengal,Lawyer,2063685,06-11-2023,Medium
2079,Idika Khalsa,Male,51,Panvel,Madhya Pradesh,Data Analyst,284373,23-11-2016,Medium
2080,Aarnav Solanki,Female,24,Bahraich,Arunachal Pradesh,Accountant,1880572,19-12-2023,Low
2081,Hemal Khanna,Female,42,Tirunelveli,Uttarakhand,Farmer,1583895,23-12-2019,Medium
2082,Neha Balay,Female,50,Khora ,Bihar,Software Engineer,1854705,24-07-2025,Medium
2083,Brinda Master,Female,22,Hubli–Dharwad,Uttarakhand,Sales Executive,1012147,01-02-2023,Low
2084,Azad Rout,Female,60,Bhopal,Madhya Pradesh,Doctor,780985,14-09-2016,Low
2085,Kamala Oommen,Male,22,Amravati,Meghalaya,Doctor,1114312,20-03-2022,Low
2086,Chameli Choudhry,Male,26,Thrissur,Kerala,Data Analyst,527325,23-07-2025,Low
2087,Nikita Venkataraman,Female,45,Jaunpur,Maharashtra,Accountant,693461,26-09-2024,Low
2088,Samarth Dutt,Female,23,Ghaziabad,Karnataka,Farmer,2167216,09-06-2025,Low
2089,Devika Babu,Female,69,Kochi,Jharkhand,Sales Executive,1685172,18-03-2022,High
2090,Henry Krishna,Female,70,Bettiah,Bihar,Data Analyst,251485,27-08-2023,Low
2091,Ekavir Bava,Male,38,Ulhasnagar,Bihar,Software Engineer,1784430,17-11-2021,Low
2092,Yahvi Basu,Female,55,Kanpur,Tripura,Sales Executive,214953,24-02-2026,Low
2093,Upma Sant,Female,55,Kulti,Bihar,Doctor,1284411,25-10-2020,Low
2094,Ekbal Ganesh,Female,40,Asansol,Karnataka,Doctor,1953354,01-02-2017,Low
2095,Viraj Khare,Male,27,Chandigarh,Bihar,Student,1303376,30-12-2018,Low
2096,Ishaan Rai,Male,21,Pune,Maharashtra,Sales Executive,1093336,17-12-2025,Low
2097,Aarush Master,Female,51,Aligarh,Telangana,Accountant,1030154,14-08-2017,Low
2098,Avi Biswas,Male,67,Tezpur,Assam,Software Engineer,2076385,09-04-2022,Low
2099,Dalbir Sankar,Male,59,Allahabad,Maharashtra,Sales Executive,1636103,10-11-2024,Low
2100,Xiti Bhargava,Male,21,Gudivada,Punjab,Accountant,1098066,23-08-2023,Low
2101,Ranbir Sangha,Female,67,Aurangabad,Himachal Pradesh,Data Analyst,1796467,15-03-2022,High
2102,Alka Subramaniam,Female,35,New Delhi,Arunachal Pradesh,Farmer,1941167,28-03-2020,Low
2103,Fiyaz Devi,Female,68,Mau,Karnataka,Lawyer,471520,25-11-2018,Low
2104,Utkarsh Sekhon,Female,27,Gangtok,Punjab,Farmer,939450,06-03-2023,Low
2105,Zehaan Walia,Female,65,Ballia,West Bengal,Accountant,1506881,26-12-2016,Medium
2106,William Dara,Male,30,Agra,Telangana,Sales Executive,2066500,16-03-2019,Medium
2107,Anvi Khalsa,Female,19,Asansol,Uttarakhand,Doctor,2264135,24-05-2021,Low
2108,Watika Bhattacharyya,Female,62,Munger,Maharashtra,Sales Executive,523218,09-04-2020,High
2109,Jagvi Tripathi,Female,50,Jalandhar,Manipur,Software Engineer,1971818,12-01-2022,High
2110,Amara Bhandari,Male,49,Pune,Andhra Pradesh,Doctor,548739,14-03-2022,Low
2111,Mohammed Gill,Female,59,Jehanabad,Karnataka,Software Engineer,1724600,27-10-2024,Low
2112,Gauri Singh,Male,68,Nangloi Jat,Rajasthan,Doctor,1818044,23-02-2021,Low
2113,Jeevika Kapadia,Female,21,Maheshtala,Telangana,Farmer,2309011,14-10-2018,Low
2114,Ayushman Suri,Female,23,Sagar,Nagaland,Teacher,225840,27-04-2021,Low
2115,Chavvi Narang,Male,42,Bhilwara,West Bengal,Business,284358,10-02-2023,Low
2116,Daksh Tiwari,Female,56,Ulhasnagar,Arunachal Pradesh,Data Analyst,719983,18-10-2017,Low
2117,Girish Sibal,Female,47,Mahbubnagar,Tamil Nadu,Data Analyst,1025751,26-09-2023,Medium
2118,Hemani Arora,Male,70,Fatehpur,Manipur,Student,1919017,04-05-2023,Low
2119,Bhavika Ravel,Female,65,Jabalpur,Rajasthan,Student,682548,10-06-2019,High
2120,Triya Khosla,Female,60,Aizawl,Madhya Pradesh,Accountant,1108186,21-05-2020,Medium
2121,Kashvi Sanghvi,Female,24,Patna,Maharashtra,Software Engineer,712853,17-11-2022,Low
2122,Anmol Sama,Female,63,Guntakal,Haryana,Student,2038487,27-12-2018,High
2123,Gopal Bhatnagar,Male,34,Ambarnath,Odisha,Data Analyst,2025014,01-08-2024,Low
2124,Jyoti Ramaswamy,Female,42,Sri Ganganagar,Haryana,Sales Executive,537810,01-12-2024,Low
2125,George Pant,Male,36,Mira-Bhayandar,Meghalaya,Sales Executive,1547949,10-09-2025,Low
2126,Kai Jhaveri,Female,30,Gangtok,Tamil Nadu,Doctor,1606239,18-07-2021,Low
2127,Pratyush Comar,Female,20,Vasai-Virar,Uttarakhand,Accountant,2168696,02-01-2018,Low
2128,Sudiksha Sabharwal,Male,55,Guntakal,Uttar Pradesh,Business,2311939,24-03-2017,Low
2129,Arunima Bajaj,Female,53,Bangalore,Mizoram,Doctor,553410,01-08-2020,Medium
2130,Vyanjana Mane,Female,64,Buxar,Maharashtra,Sales Executive,1848173,24-05-2025,Low
2131,Udarsh Dara,Male,40,Varanasi,Rajasthan,Doctor,2412739,18-04-2022,Low
2132,Oviya Singhal,Female,29,Raebareli,Meghalaya,Sales Executive,2031106,22-10-2019,High
2133,Edhitha Barad,Female,64,Bathinda,Assam,Doctor,1569683,30-03-2017,Medium
2134,Balhaar Swaminathan,Female,22,Khandwa,Himachal Pradesh,Business,1393326,29-04-2020,Low
2135,Ladli Manda,Female,64,Pallavaram,Mizoram,Sales Executive,2271564,10-05-2019,Low
2136,Unnati Bhatti,Female,25,Bhagalpur,Nagaland,Student,1067424,17-09-2017,Low
2137,Ishwar Mammen,Female,35,Kolhapur,Karnataka,Data Analyst,2082007,31-01-2020,Low
2138,Chandran Bora,Female,41,Alwar,Andhra Pradesh,Lawyer,1525420,20-12-2018,Medium
2139,Lakshmi Devan,Male,37,Sultan Pur Majra,Andhra Pradesh,Accountant,695791,18-08-2023,Medium
2140,Triveni Issac,Male,26,Amritsar,Mizoram,Sales Executive,693393,02-08-2021,Low
2141,Vasana Kalla,Male,20,Sikar,Rajasthan,Data Analyst,1072818,06-01-2019,Low
2142,Kritika Mammen,Female,18,Jorhat,West Bengal,Student,2219418,17-09-2021,Low
2143,Mason Chad,Male,37,Bharatpur,Sikkim,Teacher,1204782,07-12-2017,Low
2144,Anay Rattan,Female,62,Chandigarh,Telangana,Student,985658,10-10-2024,Low
2145,Urvashi Brahmbhatt,Female,62,Salem,Gujarat,Student,1876592,14-09-2019,Low
2146,Peter Sandal,Male,23,Kolhapur,Maharashtra,Farmer,1841728,09-02-2025,Low
2147,Pooja Rai,Female,40,Jaunpur,West Bengal,Data Analyst,1524846,17-04-2018,Low
2148,Yasti Malhotra,Male,70,Gopalpur,Uttarakhand,Sales Executive,1997015,06-01-2023,Low
2149,Samesh Chowdhury,Male,60,Asansol,Meghalaya,Student,2341739,14-10-2016,Low
2150,Hemang Chander,Male,70,Howrah,West Bengal,Business,1501344,25-03-2018,Low
2151,Tanveer Kapadia,Female,53,Madurai,Kerala,Software Engineer,2258141,21-03-2024,Low
2152,Onkar Parmer,Male,39,Suryapet,Meghalaya,Doctor,1769537,26-01-2020,High
2153,Priya Bains,Female,32,Dindigul,Manipur,Accountant,667346,21-08-2020,Low
2154,Zayan D’Alia,Female,22,Jodhpur,Tripura,Business,2290248,30-11-2025,Medium
2155,Faris Narayan,Male,46,Nagaon,Chhattisgarh,Data Analyst,609010,06-01-2017,Low
2156,Priya Sankaran,Female,29,Gandhinagar,Goa,Teacher,232129,28-10-2025,Low
2157,Chatresh Merchant,Male,29,Rajkot,Goa,Doctor,1732691,05-05-2025,High
2158,William Ramanathan,Female,35,Vijayawada,Madhya Pradesh,Business,1973893,03-02-2018,Low
2159,Theodore Khurana,Male,26,Shahjahanpur,Arunachal Pradesh,Doctor,1814642,24-02-2022,Medium
2160,Falan Seshadri,Female,42,Sasaram,Jharkhand,Student,585492,22-08-2016,Low
2161,Warinder Dayal,Female,57,Firozabad,Karnataka,Farmer,1103192,07-05-2017,Low
2162,Damini Sane,Female,23,Korba,Uttarakhand,Accountant,446081,01-12-2019,Low
2163,Shravya Bassi,Male,33,Nagaon,Nagaland,Teacher,743532,01-01-2019,Low
2164,Raagini Bera,Female,64,Tirunelveli,Madhya Pradesh,Sales Executive,1151378,18-10-2016,Medium
2165,Max Kalita,Male,60,Ballia,Gujarat,Software Engineer,634027,06-04-2020,Low
2166,Wazir Khatri,Female,26,Shimoga,Sikkim,Software Engineer,1194291,01-03-2023,Low
2167,Jeremiah Walia,Male,44,Morena,Nagaland,Student,1103954,18-07-2019,Low
2168,Balhaar Narayanan,Female,41,Ajmer,Chhattisgarh,Student,2115868,29-08-2024,Medium
2169,Neha Ahuja,Female,61,Ludhiana,Andhra Pradesh,Software Engineer,1264615,17-09-2022,High
2170,Kevin Dave,Male,48,Sultan Pur Majra,Mizoram,Accountant,450230,29-10-2016,Low
2171,Harita Lad,Female,25,Bihar Sharif,Kerala,Farmer,1431096,06-07-2022,Low
2172,Chandani Dutta,Female,22,Jaipur,Maharashtra,Doctor,877973,19-07-2019,Low
2173,Nidhi Bumb,Female,21,Kolkata,Goa,Business,663775,07-05-2020,Low
2174,Radhika Aggarwal,Female,22,Ballia,Maharashtra,Farmer,2153964,17-10-2020,Medium
2175,Victor Rau,Female,48,Nadiad,Tripura,Sales Executive,633193,28-11-2016,Medium
2176,Tejas Parmar,Male,59,Sikar,Kerala,Data Analyst,1581198,27-10-2024,Low
2177,Isaiah Buch,Male,46,Miryalaguda,Goa,Doctor,1692804,19-02-2019,Medium
2178,Nicholas Khalsa,Female,43,Hindupur,Tripura,Farmer,467246,27-03-2017,Low
2179,Zaitra Sankaran,Female,65,Darbhanga,Uttarakhand,Business,1241181,11-01-2017,Low
2180,Kamala Sheth,Female,64,Siwan,Meghalaya,Accountant,1584852,04-01-2018,Medium
2181,Siddharth Gandhi,Male,47,Junagadh,Manipur,Teacher,1532648,25-11-2024,Low
2182,Kai Atwal,Female,67,Shahjahanpur,Nagaland,Farmer,687436,24-11-2021,Low
2183,Aahana Dyal,Male,48,Bidar,Rajasthan,Lawyer,784805,11-07-2023,Low
2184,Utkarsh Vasa,Female,67,Bathinda,Tripura,Farmer,1304626,16-12-2019,Low
2185,Krisha Gola,Female,60,Dehri,Andhra Pradesh,Teacher,580506,02-07-2026,Low
2186,Wishi Sharaf,Female,30,Sikar,Nagaland,Teacher,386084,29-05-2024,High
2187,Faras Rattan,Female,50,Adoni,Telangana,Student,1265166,27-04-2023,Low
2188,Rudra Ratta,Female,28,Karaikudi,Uttar Pradesh,Data Analyst,376232,22-09-2025,Low
2189,Aradhana Anand,Male,21,Eluru,Chhattisgarh,Accountant,1765294,30-10-2022,Low
2190,Champak Venkatesh,Male,21,Cuttack,Tamil Nadu,Business,1783339,26-02-2019,Low
2191,Vasana Madan,Male,19,Patna,Punjab,Sales Executive,899820,30-08-2023,Medium
2192,Arya Ramesh,Female,50,Pondicherry,Haryana,Sales Executive,1832558,08-12-2023,Low
2193,Zaid Char,Male,22,Loni,Haryana,Student,1007590,06-06-2026,Low
2194,Vidhi Som,Male,61,Dewas,Tamil Nadu,Sales Executive,1150520,10-08-2023,Low
2195,Vidhi Gade,Female,18,Guntur,Kerala,Sales Executive,1878451,29-04-2023,Low
2196,Xiti Apte,Female,61,Kalyan-Dombivli,Chhattisgarh,Software Engineer,709795,25-10-2019,High
2197,Jagdish Bala,Female,63,Farrukhabad,Karnataka,Doctor,1242876,04-01-2022,Low
2198,Sanya Kohli,Female,19,Kakinada,Sikkim,Farmer,218953,05-12-2024,Low
2199,Wakeeta Chacko,Female,19,Erode,Sikkim,Teacher,284308,16-10-2021,Low
2200,Robert Swaminathan,Female,38,Amaravati,Punjab,Data Analyst,2453399,21-06-2017,Low
2201,Nathan Bajwa,Female,30,Rajahmundry,Arunachal Pradesh,Business,1382655,08-12-2024,Low
2202,Dayita Hans,Male,60,Navi Mumbai,Tamil Nadu,Student,1987071,03-01-2022,Low
2203,Vanya Radhakrishnan,Male,67,Orai,Gujarat,Teacher,2355221,25-03-2025,Low
2204,Urvashi Virk,Female,37,Bilaspur,Kerala,Farmer,289499,20-10-2025,Low
2205,Krisha Bhagat,Male,64,Aligarh,Rajasthan,Business,1264014,02-08-2017,Medium
2206,Onkar Gokhale,Male,60,Gudivada,Himachal Pradesh,Lawyer,2238733,11-02-2020,Low
2207,Arya Kaur,Female,25,Chittoor,Himachal Pradesh,Teacher,637329,07-10-2021,Low
2208,Vinaya Roy,Female,27,Chapra,Mizoram,Farmer,1768561,21-02-2022,Low
2209,Deepa Apte,Female,24,Rampur,Tripura,Teacher,2377342,19-03-2024,Low
2210,Saksham Tripathi,Male,31,Gorakhpur,Uttarakhand,Lawyer,1997696,04-11-2023,Medium
2211,Utkarsh Palan,Female,25,Sikar,Rajasthan,Software Engineer,352464,01-06-2023,Medium
2212,Nirja Zachariah,Male,39,Thane,Rajasthan,Lawyer,1764536,22-09-2024,High
2213,Ekiya Gera,Male,48,Jalandhar,Odisha,Accountant,1481472,14-06-2025,Medium
2214,Pranit Sheth,Male,45,Kadapa,Tamil Nadu,Teacher,1736999,18-12-2023,Medium
2215,Balhaar Sridhar,Female,67,Tadepalligudem,Bihar,Farmer,497720,27-11-2018,High
2216,Tanveer Chhabra,Female,27,Kavali,Himachal Pradesh,Farmer,1334562,23-04-2024,Low
2217,Oscar Mody,Male,38,Raiganj,West Bengal,Business,1582982,25-12-2024,Low
2218,Vrishti Narayan,Male,39,Darbhanga,Meghalaya,Lawyer,1608906,05-04-2022,Medium
2219,Hemang Luthra,Female,31,Thrissur,Madhya Pradesh,Student,1934204,06-01-2021,Medium
2220,Pranav Om,Female,26,Bardhaman,West Bengal,Farmer,574813,12-01-2019,Low
2221,Balhaar Taneja,Male,63,Hosur,Bihar,Teacher,2453153,29-11-2016,Medium
2222,Ranveer De,Male,41,Kota,Himachal Pradesh,Business,300586,26-08-2018,Low
2223,Vasana Dugal,Female,28,Nagercoil,Himachal Pradesh,Lawyer,2452494,03-09-2019,Low
2224,Pratyush Sarraf,Male,43,Delhi,Sikkim,Software Engineer,1525867,31-01-2021,Low
2225,Banjeet Zacharia,Female,52,Ambarnath,Jharkhand,Accountant,1275361,10-01-2018,Low
2226,Qasim Venkatesh,Female,42,Bhusawal,Jharkhand,Lawyer,868382,24-09-2018,Low
2227,Jai Chada,Female,68,Nashik,Uttarakhand,Student,347707,11-06-2020,Low
2228,Reva Sura,Female,59,Fatehpur,Assam,Software Engineer,2159320,25-05-2021,Medium
2229,Balendra Kade,Female,63,Proddatur,Odisha,Farmer,324704,22-10-2018,High
2230,Manan Roy,Female,47,Munger,Karnataka,Farmer,1747860,20-02-2024,Low
2231,Yutika Kaur,Male,45,Ambala,Chhattisgarh,Doctor,420682,14-04-2023,Low
2232,Arin Varkey,Male,59,Bilaspur,Rajasthan,Data Analyst,394537,07-09-2020,Medium
2233,Balveer Karnik,Female,37,Coimbatore,Jharkhand,Lawyer,1042598,14-09-2025,Low
2234,Zaid Varghese,Male,54,Hapur,Jharkhand,Data Analyst,688612,21-09-2016,High
2235,Fiyaz Yadav,Male,68,Hubli–Dharwad,Nagaland,Software Engineer,2172395,18-09-2021,Low
2236,Praneel Majumdar,Male,39,Darbhanga,Chhattisgarh,Teacher,1754784,13-08-2021,Medium
2237,Pahal Bhavsar,Male,57,Danapur,Mizoram,Doctor,2445525,21-09-2021,Low
2238,Ryan Suresh,Female,63,Karaikudi,Meghalaya,Lawyer,1901502,18-11-2022,Low
2239,Anvi Yadav,Female,55,Warangal,Madhya Pradesh,Teacher,1471594,18-09-2025,Low
2240,Wridesh Mitter,Male,24,Maheshtala,Meghalaya,Data Analyst,1627785,16-07-2018,Low
2241,Manthan Sandal,Male,53,Naihati,Telangana,Accountant,1479550,06-04-2024,Medium
2242,Bhavika Nagar,Female,60,Rewa,Telangana,Doctor,479314,12-04-2024,Low
2243,Tanmayi Kala,Male,37,Raurkela Industrial Township,Chhattisgarh,Farmer,2080382,21-03-2020,Low
2244,Anirudh Sidhu,Female,59,Chennai,Assam,Student,1372437,24-03-2019,Low
2245,Pratyush Parikh,Male,48,Ahmednagar,West Bengal,Sales Executive,1218760,17-06-2024,Low
2246,Gagan Sibal,Female,52,Ambarnath,Maharashtra,Student,862879,22-02-2022,High
2247,Baghyawati Sengupta,Male,48,Bhatpara,Madhya Pradesh,Accountant,2493608,02-12-2024,Low
2248,Aarnav Dubey,Male,22,Hyderabad,Meghalaya,Student,263149,15-04-2023,Low
2249,Victor Mital,Female,18,Bongaigaon,Assam,Software Engineer,1827153,27-05-2026,Low
2250,Shivani Singhal,Female,31,Saharsa,Uttar Pradesh,Farmer,1867463,23-06-2019,Medium
2251,Reyansh Khare,Male,58,Bahraich,Kerala,Farmer,1654686,22-08-2018,Low
2252,Urvi Kalla,Female,66,Nanded,Chhattisgarh,Farmer,512394,24-07-2024,Low
2253,Fitan Shenoy,Female,64,Pondicherry,Mizoram,Teacher,2035890,25-11-2024,High
2254,Liam Luthra,Male,43,Kavali,Andhra Pradesh,Data Analyst,227715,24-02-2018,Medium
2255,Abhimanyu Nair,Female,61,Parbhani,Assam,Business,2096012,07-01-2024,Low
2256,Nicholas Misra,Female,56,Udaipur,Meghalaya,Business,787016,31-07-2025,Low
2257,Darsh Patla,Female,31,Vellore,Mizoram,Student,413146,01-06-2020,Low
2258,Bimala Sahni,Male,51,Mehsana,Bihar,Business,1042152,06-04-2025,Low
2259,Lavanya Varughese,Female,54,Eluru,Nagaland,Sales Executive,1695600,05-05-2023,Low
2260,Tanish Saran,Male,49,Shimoga,Assam,Teacher,1958726,12-03-2018,Low
2261,Aashi Raju,Female,24,Bidhannagar,Mizoram,Student,1025383,01-11-2017,High
2262,Chaman Pal,Female,64,Chandigarh,Bihar,Teacher,1778010,30-09-2019,Medium
2263,Nihal Chhabra,Female,59,Mehsana,Goa,Doctor,1289006,27-12-2020,Low
2264,Shivansh Gokhale,Male,44,Maheshtala,Nagaland,Doctor,1295040,26-10-2025,Low
2265,Hitesh Thakkar,Male,35,Cuttack,Andhra Pradesh,Software Engineer,540826,06-05-2024,Low
2266,Indrajit Morar,Female,31,Udaipur,Mizoram,Sales Executive,1511631,03-08-2021,High
2267,Chakradhar Dass,Male,68,Yamunanagar,Kerala,Teacher,557470,19-02-2019,Medium
2268,Finn Sachar,Male,49,Madanapalle,Madhya Pradesh,Lawyer,2286261,10-01-2020,Low
2269,Radha Thaman,Female,45,Darbhanga,Himachal Pradesh,Lawyer,1775351,28-02-2018,High
2270,Widisha Madan,Male,20,Jammu,Sikkim,Accountant,2160545,24-03-2019,Low
2271,Zashil Banerjee,Female,49,Naihati,Uttar Pradesh,Business,552633,01-02-2022,Low
2272,Zilmil Nanda,Female,60,Kirari Suleman Nagar,Bihar,Business,1933298,30-12-2021,Medium
2273,Anita Date,Female,47,Agartala,Chhattisgarh,Software Engineer,2135595,13-03-2024,Low
2274,Jyoti Trivedi,Male,38,Gopalpur,Tamil Nadu,Doctor,270240,01-05-2022,Low
2275,Janya Kapur,Male,18,Ballia,Tamil Nadu,Accountant,2063471,31-12-2025,Low
2276,Zilmil Mishra,Female,20,Anand,Odisha,Teacher,1524634,12-06-2017,Low
2277,Kashish Saini,Female,47,Hubli–Dharwad,Maharashtra,Accountant,234477,24-09-2021,Low
2278,Bhavna Shukla,Male,37,Khandwa,Arunachal Pradesh,Doctor,2186105,21-08-2025,Low
2279,Osha Babu,Female,28,Loni,West Bengal,Data Analyst,697525,25-06-2022,Medium
2280,Urvi Mandal,Female,31,Farrukhabad,Gujarat,Lawyer,612778,07-02-2023,Medium
2281,Yagnesh Ahuja,Male,68,Sambalpur,Uttar Pradesh,Farmer,1130800,02-10-2023,Low
2282,Janani Sahota,Male,40,Nanded,Maharashtra,Lawyer,717761,18-05-2020,Low
2283,Divya Pandit,Female,69,Bhiwandi,Madhya Pradesh,Farmer,904825,13-12-2016,Low
2284,Ucchal Zacharia,Male,31,Mahbubnagar,Tamil Nadu,Accountant,813310,28-07-2019,High
2285,Manan Baria,Female,60,Varanasi,Goa,Lawyer,2102442,17-09-2019,High
2286,Aachal Raj,Female,47,Jamshedpur,Karnataka,Farmer,553424,28-04-2018,Medium
2287,Garima Wason,Female,56,Bareilly,Mizoram,Doctor,2018193,13-05-2024,Low
2288,Karan Ratti,Female,19,Bareilly,Uttar Pradesh,Lawyer,1090763,03-02-2022,Low
2289,Sudiksha Nadig,Female,67,Raichur,Punjab,Business,831151,03-10-2024,Medium
2290,Urvashi Boase,Male,66,Mahbubnagar,Tamil Nadu,Accountant,1800801,10-07-2024,Low
2291,Jalsa Bhargava,Female,26,Udupi,Odisha,Accountant,2137860,22-08-2022,Low
2292,Abhiram Randhawa,Female,29,Bharatpur,Punjab,Doctor,1472154,03-05-2024,Low
2293,Xiti Joshi,Female,40,Nangloi Jat,Chhattisgarh,Farmer,1326810,27-10-2020,High
2294,Yash Chaudhry,Male,54,Jalgaon,Tamil Nadu,Software Engineer,2412489,06-03-2018,High
2295,Aarav Kota,Female,36,Chapra,Bihar,Lawyer,611710,04-07-2022,Low
2296,Megha Mitra,Female,32,Siliguri,Meghalaya,Software Engineer,1107697,28-07-2022,Low
2297,Nidra Chand,Female,50,Kharagpur,Arunachal Pradesh,Sales Executive,1544829,04-02-2017,Low
2298,Onveer Misra,Male,23,Adoni,Nagaland,Student,2221414,02-01-2025,Medium
2299,Advik Subramanian,Female,32,Mahbubnagar,Sikkim,Accountant,1222724,25-04-2021,Medium
2300,Niharika Kamdar,Male,39,Darbhanga,Tripura,Business,2046699,25-03-2022,Low
2301,Inaya Jaggi,Male,23,Hapur,Madhya Pradesh,Student,1591316,30-09-2020,Low
2302,Azaan Date,Female,32,Hosur,Maharashtra,Lawyer,2445012,17-11-2023,Low
2303,Siddharth Wable,Female,58,Bhimavaram,Tripura,Software Engineer,1314591,08-08-2022,Low
2304,Dalbir Kari,Female,39,Belgaum,Uttarakhand,Sales Executive,1612103,12-10-2025,Medium
2305,Lavanya Bumb,Male,31,Gulbarga,Kerala,Accountant,943199,03-02-2019,Low
2306,Viraj Krishnan,Male,21,Karawal Nagar,Maharashtra,Lawyer,1116747,31-03-2023,High
2307,Aachal Hora,Male,24,Hajipur,Haryana,Farmer,890229,19-06-2025,Low
2308,Yachana Nair,Male,21,Lucknow,Haryana,Software Engineer,583940,25-02-2019,Low
2309,Upkaar Kala,Female,29,Sonipat,Haryana,Data Analyst,956062,11-06-2025,Low
2310,Lakshit Tara,Male,26,Nagpur,Tripura,Lawyer,737033,22-10-2017,Low
2311,Jagrati Luthra,Female,45,Gorakhpur,Telangana,Student,1422684,02-04-2023,High
2312,Nakul Oak,Male,38,Alappuzha,Uttarakhand,Farmer,272448,27-02-2023,Low
2313,Vansha Wagle,Male,26,Ramgarh,Chhattisgarh,Accountant,1893172,02-12-2022,Medium
2314,Widisha Chaudry,Male,57,Gandhinagar,Kerala,Farmer,2326794,12-12-2016,Low
2315,Christopher Devan,Male,56,Durgapur,Tripura,Accountant,718603,14-09-2021,Low
2316,Naksh Sama,Male,45,Pimpri-Chinchwad,Himachal Pradesh,Doctor,981058,16-12-2020,High
2317,Ekaja Reddy,Female,57,Hosur,Gujarat,Sales Executive,1161932,10-05-2017,Low
2318,Tristan Kohli,Female,19,Rewa,Jharkhand,Data Analyst,2264929,01-12-2020,Low
2319,Noah Shenoy,Female,66,Nagaon,Tamil Nadu,Software Engineer,735647,10-07-2022,Medium
2320,Dakshesh Mukherjee,Female,70,Surendranagar Dudhrej,Assam,Accountant,312707,08-10-2024,High
2321,Liam Acharya,Male,50,Karawal Nagar,Odisha,Business,912943,13-09-2025,Low
2322,Sanya Thakkar,Female,33,Meerut,Tamil Nadu,Doctor,422708,08-07-2021,Low
2323,Oni Kara,Male,28,Machilipatnam,Chhattisgarh,Sales Executive,1923930,29-03-2026,Low
2324,Aradhana Deshmukh,Female,19,Hindupur,Chhattisgarh,Data Analyst,211960,26-04-2020,Low
2325,Sneha Shenoy,Male,48,Moradabad,Telangana,Farmer,1584689,03-09-2016,Low
2326,Shivansh Sahni,Female,48,Rourkela,Telangana,Farmer,817896,08-11-2021,Low
2327,Ranveer Lad,Male,58,Jaipur,Maharashtra,Student,1722107,01-08-2024,Low
2328,Hardik Yohannan,Male,34,Bhagalpur,Maharashtra,Accountant,1757255,15-09-2017,High
2329,Harish Mane,Female,65,Orai,Tripura,Business,1741345,24-08-2018,Medium
2330,Chameli Rai,Female,42,Nadiad,Odisha,Sales Executive,1392926,07-05-2025,Low
2331,Yash Seshadri,Male,57,Giridih,Tripura,Teacher,1677182,04-12-2018,Low
2332,Gaurav Tailor,Female,57,Anantapuram,Andhra Pradesh,Software Engineer,1899299,18-02-2023,Low
2333,Watika Baria,Male,48,Purnia,West Bengal,Teacher,2216097,20-04-2017,Medium
2334,Madhav Kalita,Male,57,Ozhukarai,Uttarakhand,Lawyer,1051273,31-12-2023,Low
2335,Osha Pillay,Female,25,Gandhinagar,Assam,Doctor,862031,29-08-2024,Low
2336,Vanya Iyengar,Female,65,North Dumdum,Meghalaya,Sales Executive,714149,12-09-2020,Low
2337,Libni Bahri,Female,57,Vellore,Punjab,Sales Executive,2238055,17-08-2024,Low
2338,Maanav Reddy,Male,35,Mysore,Jharkhand,Software Engineer,1518368,04-02-2025,Low
2339,Nihal Dugar,Male,32,Mysore,Himachal Pradesh,Farmer,1395750,06-10-2024,Low
2340,Garima Lad,Female,63,Bhopal,Bihar,Doctor,1908665,12-03-2021,Medium
2341,Simon Palla,Male,44,New Delhi,Bihar,Doctor,1378390,10-10-2022,Low
2342,Jasmit Kala,Female,68,Bhagalpur,Uttarakhand,Data Analyst,1031336,02-07-2023,Low
2343,Meghana Dhar,Male,61,Kalyan-Dombivli,Tripura,Student,2298092,09-10-2018,Low
2344,Isha Dasgupta,Female,35,Vijayanagaram,Punjab,Sales Executive,775586,12-09-2016,Low
2345,Vidhi Chad,Female,18,Erode,Manipur,Business,1048309,19-09-2024,Low
2346,Hema Dugar,Male,35,Belgaum,Uttarakhand,Software Engineer,1444873,16-09-2018,Low
2347,Chakradhar Peri,Male,31,Bhatpara,Uttarakhand,Lawyer,631830,30-07-2019,Low
2348,Sai Sura,Female,36,Amroha,Rajasthan,Teacher,2045347,10-01-2023,Low
2349,Viraj Bal,Male,28,Noida,Jharkhand,Data Analyst,976563,09-05-2026,Low
2350,Damyanti Mistry,Male,31,Ahmedabad,Chhattisgarh,Sales Executive,698506,14-10-2023,High
2351,Ekiya Bala,Male,24,Madanapalle,Chhattisgarh,Software Engineer,1469087,09-12-2017,Medium
2352,Amaira Salvi,Female,18,Jalgaon,Karnataka,Lawyer,2266329,08-02-2020,Low
2353,Nisha Narayan,Female,25,Aurangabad,Rajasthan,Teacher,1770607,07-11-2020,Medium
2354,Sathvik Lanka,Female,64,Hajipur,Goa,Sales Executive,1274441,08-07-2019,Medium
2355,Alka Lalla,Male,21,Guwahati,Uttarakhand,Sales Executive,483034,07-08-2024,Low
2356,Bhanumati Dar,Female,62,Alappuzha,Madhya Pradesh,Business,1486429,16-04-2020,Low
2357,Ojas Tara,Male,51,Anand,Maharashtra,Sales Executive,1228018,11-01-2022,Low
2358,Wahab Suri,Female,18,Belgaum,Odisha,Business,1181796,07-01-2026,Low
2359,Nicholas Ahluwalia,Female,47,Raebareli,Bihar,Student,1815949,16-07-2017,Medium
2360,Charita Pradhan,Male,57,Baranagar,Mizoram,Business,1842286,21-11-2019,Low
2361,Jalsa Sha,Female,21,Purnia,Odisha,Software Engineer,782047,23-02-2021,Low
2362,Arin Ratti,Male,51,Burhanpur,Mizoram,Farmer,531795,15-08-2022,Low
2363,Warda Hegde,Male,38,Junagadh,Nagaland,Teacher,2093352,30-12-2025,Low
2364,Harini Verma,Female,43,Mira-Bhayandar,Haryana,Teacher,770449,16-04-2026,Low
2365,Pratyush Goel,Female,41,Berhampore,Goa,Software Engineer,2497189,20-08-2024,Low
2366,Fariq Narayan,Male,47,Ongole,Sikkim,Student,595570,03-02-2023,Low
2367,Anirudh Atwal,Male,55,Faridabad,Manipur,Data Analyst,1080860,14-04-2020,Low
2368,Zayyan Kibe,Male,51,Anantapuram,Chhattisgarh,Farmer,2361276,30-06-2020,Low
2369,Bhavini Om,Female,19,Muzaffarnagar,Manipur,Sales Executive,842434,04-11-2018,High
2370,Logan Kumer,Female,36,Jaipur,Manipur,Doctor,1238135,22-01-2024,Medium
2371,Gayathri Iyer,Male,67,Purnia,Jharkhand,Lawyer,749988,19-10-2017,Low
2372,Garima Seth,Male,27,Khammam,Haryana,Accountant,2384849,05-10-2021,High
2373,Manan Devan,Female,22,Firozabad,Telangana,Teacher,1599074,18-06-2021,Medium
2374,Jasmit Saha,Male,47,Surat,Odisha,Lawyer,2208932,23-01-2023,Low
2375,Yahvi Sharaf,Male,20,Tirupati,Assam,Teacher,2262084,23-08-2023,Medium
2376,Lipika Garg,Male,58,Kottayam,Rajasthan,Data Analyst,1568179,31-03-2025,Low
2377,Gabriel Tripathi,Female,23,Orai,Mizoram,Accountant,1240654,06-03-2025,High
2378,Tejas Shetty,Female,59,Agartala,West Bengal,Data Analyst,1924372,01-11-2020,Low
2379,Hamsini Chand,Male,34,Rampur,Uttarakhand,Data Analyst,670065,27-06-2021,Low
2380,Kashish Sachdev,Male,37,Malegaon,Jharkhand,Teacher,1525813,20-03-2025,Low
2381,Jasmit Kulkarni,Female,38,Tumkur,Telangana,Accountant,356029,31-01-2019,Low
2382,Warda Tak,Male,39,Hyderabad,Meghalaya,Accountant,765142,21-02-2017,Low
2383,Mitesh Raja,Male,47,Latur,Jharkhand,Sales Executive,944955,07-12-2018,Low
2384,Kabir Kibe,Female,50,Hospet,Assam,Farmer,2057317,14-10-2024,High
2385,Madhav Balakrishnan,Female,46,Panipat,Uttar Pradesh,Farmer,546356,20-10-2021,Low
2386,Darika Subramaniam,Female,65,Pimpri-Chinchwad,Arunachal Pradesh,Lawyer,336534,23-03-2024,Low
2387,Ekaja Gulati,Female,64,Bathinda,West Bengal,Student,1993734,12-07-2023,Low
2388,Darpan Verma,Male,23,Silchar,Sikkim,Teacher,811100,17-06-2018,Low
2389,Agastya Barman,Male,65,Tadipatri,Chhattisgarh,Data Analyst,1256112,16-12-2020,Low
2390,Nathan Issac,Female,32,Bettiah,Kerala,Data Analyst,2147731,10-02-2026,Medium
2391,Krisha Arya,Male,57,Erode,Maharashtra,Student,1514994,23-10-2022,Medium
2392,Ayush Ravi,Male,57,Sangli-Miraj & Kupwad,Rajasthan,Teacher,1522552,10-10-2018,Low
2393,Andrew Kumer,Male,37,Ongole,Kerala,Software Engineer,2047238,01-11-2022,High
2394,Imaran Sandhu,Female,20,Srikakulam,Kerala,Teacher,1872177,22-06-2025,Medium
2395,Arya Sethi,Male,42,Mathura,Kerala,Farmer,207170,04-06-2020,Low
2396,Ekaraj Khatri,Female,48,Dibrugarh,Andhra Pradesh,Accountant,470641,21-03-2017,Low
2397,Omaja Dada,Female,28,Ludhiana,Madhya Pradesh,Data Analyst,1851520,08-07-2025,Low
2398,Sathvik Bhatti,Female,35,Gopalpur,Haryana,Farmer,1449586,15-02-2020,Low
2399,Yatin Bhatia,Male,66,Begusarai,Haryana,Data Analyst,2495814,14-09-2019,Low
2400,Yash Bal,Female,26,Bulandshahr,Rajasthan,Sales Executive,1836561,08-02-2022,Low
2401,Fiyaz Chakrabarti,Female,28,Belgaum,Karnataka,Farmer,255581,30-07-2019,Medium
2402,Odika Saran,Male,23,Ghaziabad,Odisha,Farmer,1659620,28-12-2023,Medium
2403,Chandran Bhatia,Male,63,Morena,Uttarakhand,Software Engineer,1165321,11-08-2017,High
2404,Amruta Dugar,Male,19,Amaravati,Himachal Pradesh,Data Analyst,1538987,03-06-2024,Low
2405,Bakhshi Sant,Female,38,Jaunpur,Uttarakhand,Lawyer,1363552,04-04-2020,Medium
2406,Ucchal Chawla,Male,50,New Delhi,Meghalaya,Lawyer,1798188,02-02-2018,Low
2407,Michael Nagarajan,Female,18,Etawah,Tamil Nadu,Lawyer,532566,14-10-2024,Low
2408,Ishwar Gera,Male,60,Phagwara,Karnataka,Doctor,2243144,02-10-2022,Low
2409,Darpan Das,Male,27,Kolhapur,Karnataka,Lawyer,2255512,21-04-2024,Low
2410,Leela Menon,Female,19,Kolhapur,Odisha,Data Analyst,2057333,18-04-2019,Low
2411,Hemal Wadhwa,Male,41,Kamarhati,Chhattisgarh,Doctor,1614411,04-05-2018,Medium
2412,Anvi Sankaran,Male,35,Berhampore,Mizoram,Lawyer,2245497,31-07-2024,Low
2413,Charvi Pandit,Male,45,Visakhapatnam,Haryana,Data Analyst,818161,22-04-2018,Low
2414,Daksh Dixit,Female,32,Bardhaman,Himachal Pradesh,Accountant,1270302,18-04-2024,Low
2415,Vasatika Goyal,Female,54,Ambala,Maharashtra,Lawyer,975002,03-02-2025,Low
2416,Praneel Yohannan,Male,32,Dewas,Assam,Software Engineer,2415715,06-03-2017,Low
2417,Nachiket Srivastava,Male,42,Farrukhabad,Goa,Accountant,2344081,28-02-2022,Medium
2418,Lohit Tripathi,Male,51,Burhanpur,Gujarat,Teacher,1734207,15-10-2019,Low
2419,Baljiwan Barad,Female,40,Mira-Bhayandar,Tamil Nadu,Software Engineer,1670688,16-08-2017,Low
2420,Yatan Swamy,Female,50,Madanapalle,Odisha,Data Analyst,324298,13-12-2025,Low
2421,Victor Din,Male,68,Mahbubnagar,West Bengal,Sales Executive,671896,18-01-2020,Medium
2422,Anamika Dave,Female,38,Raiganj,Meghalaya,Farmer,1883162,03-11-2021,High
2423,Daksh Nagy,Female,35,Ludhiana,Gujarat,Software Engineer,453638,23-07-2020,High
2424,Fiyaz Pillai,Male,26,Hindupur,Maharashtra,Accountant,1810294,06-10-2022,Low
2425,George Bhakta,Male,42,Ambarnath,Goa,Lawyer,1892150,16-05-2022,Low
2426,Advik Luthra,Female,43,Madanapalle,Odisha,Business,926142,10-03-2026,Low
2427,Zaid Raman,Male,29,Akola,Bihar,Lawyer,2273172,17-10-2022,Low
2428,Charan Sarma,Female,40,Barasat,Rajasthan,Teacher,465290,11-01-2017,High
2429,Dalbir Iyengar,Female,44,Coimbatore,Arunachal Pradesh,Student,1740657,23-06-2023,Medium
2430,Aayush Parsa,Male,38,Khandwa,Assam,Business,2344667,15-08-2025,Low
2431,Zashil Pandey,Male,19,Cuttack,Uttar Pradesh,Farmer,908152,30-06-2017,Low
2432,Edhitha Nagy,Male,25,Dharmavaram,West Bengal,Software Engineer,1896152,29-04-2017,Low
2433,Radhika Shanker,Male,36,Sambalpur,Tamil Nadu,Teacher,2498301,20-10-2024,Low
2434,Vrishti Randhawa,Male,48,Ulhasnagar,Uttar Pradesh,Business,572211,03-11-2019,Medium
2435,Manthan Panchal,Male,68,Tiruvottiyur,Arunachal Pradesh,Lawyer,1336449,07-09-2018,Low
2436,Arunima Koshy,Female,20,Panchkula,Tamil Nadu,Data Analyst,2436066,16-07-2023,Low
2437,Urmi Sachdev,Female,38,Berhampore,Telangana,Doctor,361536,18-02-2026,Low
2438,Bhavna D’Alia,Female,31,Agartala,Haryana,Business,2050170,13-06-2020,Low
2439,Yuvraj Jaggi,Male,46,Anantapur,Uttarakhand,Sales Executive,694711,20-10-2016,Medium
2440,Raksha Dua,Female,69,Kalyan-Dombivli,Mizoram,Data Analyst,2461876,25-10-2024,Medium
2441,Vritti Dutta,Male,70,Dehri,Mizoram,Software Engineer,1344366,02-01-2018,Low
2442,Anika Bajwa,Female,60,Begusarai,Nagaland,Software Engineer,1193759,31-12-2017,Low
2443,Nihal Balakrishnan,Female,52,Orai,Himachal Pradesh,Doctor,452591,25-09-2020,Low
2444,Dev Verma,Male,20,Aurangabad,Goa,Doctor,1587535,07-08-2019,Low
2445,Jeremiah Mani,Female,52,Raebareli,Sikkim,Teacher,940609,04-10-2019,Low
2446,Ekaja Majumdar,Female,62,Jalandhar,Telangana,Accountant,601678,07-06-2018,Low
2447,Yashvi Lalla,Female,60,Buxar,Uttarakhand,Data Analyst,336853,03-02-2017,Low
2448,Anamika Kadakia,Male,58,Ballia,Maharashtra,Doctor,998443,24-09-2020,Low
2449,Omaja Rattan,Female,67,Kottayam,Assam,Business,289886,18-06-2026,Low
2450,Rachana Cherian,Female,66,Rajpur Sonarpur,Uttar Pradesh,Student,1374309,28-11-2025,Low
2451,Luke Swaminathan,Male,51,Bhavnagar,Kerala,Business,2366847,13-02-2021,Low
2452,Daniel Wali,Female,22,Bangalore,Himachal Pradesh,Accountant,1319712,22-04-2019,Low
2453,Qadim Rajagopal,Female,43,Tiruchirappalli,Tripura,Accountant,2317418,22-06-2020,Medium
2454,Ekta Deep,Male,26,Bhopal,Telangana,Business,746142,29-09-2020,Medium
2455,Nirja Mandal,Male,60,Navi Mumbai,Nagaland,Farmer,1867700,28-11-2020,Low
2456,Anvi Ratta,Male,36,Nadiad,Arunachal Pradesh,Student,560791,15-10-2025,Medium
2457,Anita Brahmbhatt,Male,47,Kamarhati,Madhya Pradesh,Business,582845,16-09-2018,Medium
2458,Keya Pandey,Male,58,Raichur,Himachal Pradesh,Farmer,2114596,30-07-2026,Low
2459,Girindra Chandran,Male,42,Sirsa,Nagaland,Student,2135968,28-11-2016,Medium
2460,Viraj Sethi,Male,59,Shimoga,Uttar Pradesh,Student,1633274,01-04-2017,Medium
2461,Geetika Deep,Male,31,Thiruvananthapuram,Rajasthan,Teacher,1416621,01-03-2019,Low
2462,Vasana Chakraborty,Female,30,Chapra,Punjab,Software Engineer,1526069,02-07-2020,Low
2463,Anamika Thakur,Female,25,Unnao,Mizoram,Data Analyst,1988714,14-08-2018,Low
2464,Upma Anne,Female,18,Kulti,Arunachal Pradesh,Accountant,1076360,13-09-2019,Low
2465,Yasti Pandit,Female,21,Deoghar,Arunachal Pradesh,Student,522520,12-11-2024,Medium
2466,Kamala Suresh,Male,60,Berhampur,Bihar,Software Engineer,1562934,08-09-2020,Low
2467,Ladli Kanda,Female,26,Nellore,Assam,Lawyer,1819178,30-03-2023,Low
2468,Mekhala Dube,Male,49,Solapur,Mizoram,Software Engineer,1496230,17-04-2017,Low
2469,Wishi Memon,Female,44,Jabalpur,Assam,Data Analyst,1272891,13-08-2024,Low
2470,Yatan Kaur,Female,28,Mangalore,Andhra Pradesh,Accountant,1294207,12-12-2016,Low
2471,Turvi Bakshi,Female,65,Dehradun,Gujarat,Business,1718908,29-07-2024,Low
2472,Victor Vasa,Male,47,Darbhanga,Manipur,Student,1377161,27-03-2023,Low
2473,Daniel Grover,Male,54,Morbi,Uttarakhand,Student,664646,04-02-2019,Low
2474,Radhika Dass,Female,49,Motihari,Chhattisgarh,Business,1466589,27-11-2024,Low
2475,Chandresh Khanna,Female,42,Kollam,Gujarat,Farmer,371332,07-01-2017,High
2476,Charles Ramesh,Female,18,Ratlam,Himachal Pradesh,Business,1542519,17-01-2017,Low
2477,Yashawini Cheema,Male,29,Ghaziabad,Goa,Farmer,1357428,06-10-2020,Low
2478,Tejas Sandal,Female,62,Bhopal,Telangana,Doctor,1059411,03-01-2017,Low
2479,Maanas Khatri,Female,62,Danapur,Haryana,Doctor,1847310,30-07-2017,Low
2480,Balvan Kala,Male,32,Berhampore,Gujarat,Software Engineer,1629041,04-07-2022,Low
2481,Zaitra Subramanian,Female,53,Bhilwara,Kerala,Student,682637,11-01-2020,Low
2482,Yashoda Mohan,Male,34,Buxar,Meghalaya,Farmer,2383148,25-10-2021,Low
2483,Aachal Chandran,Female,42,Ramgarh,West Bengal,Software Engineer,1295105,05-03-2025,Low
2484,Devansh Wason,Female,24,Parbhani,West Bengal,Accountant,688690,24-10-2019,Low
2485,Osha Zachariah,Male,61,Delhi,Maharashtra,Business,2244647,25-07-2022,Medium
2486,Finn Agarwal,Male,53,Rampur,Maharashtra,Lawyer,1623809,10-07-2017,Low
2487,Victor Sampath,Male,30,Ramagundam,Mizoram,Farmer,1571556,09-09-2024,High
2488,Zashil Sagar,Male,33,Jehanabad,Gujarat,Sales Executive,209595,01-07-2026,Low
2489,Udarsh Dhillon,Male,38,Faridabad,Uttar Pradesh,Lawyer,2412974,03-07-2023,Low
2490,Wishi Sankaran,Female,23,Suryapet,Madhya Pradesh,Farmer,1308264,17-12-2018,Medium
2491,Ubika Mukhopadhyay,Male,30,Phagwara,Tripura,Sales Executive,1742295,29-08-2016,Low
2492,David Cherian,Female,24,Bihar Sharif,Assam,Lawyer,1310978,30-04-2020,Low
2493,Rachana Dewan,Female,41,Noida,Himachal Pradesh,Student,1433251,22-06-2026,Low
2494,Aradhana Sane,Male,64,Bhiwandi,Assam,Software Engineer,461375,04-08-2023,Low
2495,Qasim Mukhopadhyay,Female,51,Bulandshahr,Rajasthan,Accountant,651343,21-08-2022,Medium
2496,Nilima Wali,Female,22,Delhi,Goa,Student,2191492,29-05-2017,Medium
2497,Saksham Prabhakar,Male,37,Mahbubnagar,Gujarat,Farmer,2254699,16-01-2023,Medium
2498,Anya Chana,Male,68,Karaikudi,Chhattisgarh,Lawyer,2416286,20-01-2022,Low
2499,Kalpit Sharaf,Male,62,Katni,Karnataka,Farmer,841742,04-02-2017,Low
2500,Vivaan Hayre,Female,29,Kolkata,Uttarakhand,Sales Executive,2236734,25-01-2025,Medium
2501,Pavani Muni,Female,61,Malegaon,Gujarat,Doctor,1628405,12-11-2018,Low
2502,Ubika Pillay,Male,31,Sasaram,Maharashtra,Teacher,326530,13-06-2017,Low
2503,Chaitanya Anand,Female,47,Jamshedpur,Uttar Pradesh,Data Analyst,1622347,14-05-2018,Low
2504,Falguni Gandhi,Female,70,Karawal Nagar,Kerala,Accountant,281209,23-03-2026,High
2505,Bhavani Kala,Female,57,Guna,Odisha,Teacher,1492482,27-10-2016,Medium
2506,Dhruv Bora,Male,51,Orai,West Bengal,Teacher,2113422,25-11-2019,Low
2507,Pratyush Mishra,Female,45,Jodhpur,Assam,Lawyer,1853788,06-03-2021,High
2508,Raagini Mangat,Male,41,Avadi,Haryana,Data Analyst,1703310,20-08-2018,Low
2509,Ira Banik,Male,53,Asansol,Tripura,Farmer,1020112,17-01-2017,Medium
2510,Vansha De,Male,65,Narasaraopet,Goa,Doctor,2001393,27-08-2021,Low
2511,Siddharth Badal,Female,36,Maheshtala,Mizoram,Teacher,1194793,20-09-2021,Low
2512,Yug Nagar,Male,46,Khammam,Rajasthan,Teacher,607827,25-08-2021,Low
2513,Lakshmi Malhotra,Female,61,Karaikudi,Uttar Pradesh,Sales Executive,784417,16-06-2026,Low
2514,Upma Menon,Male,30,Mysore,Manipur,Doctor,717005,04-05-2019,Low
2515,Falan Gara,Female,67,Serampore,Bihar,Teacher,836430,10-09-2017,Low
2516,Vamakshi Cheema,Male,43,Patiala,Rajasthan,Teacher,2108596,19-05-2022,Low
2517,Harish Ghosh,Female,23,Bhalswa Jahangir Pur,Sikkim,Farmer,938238,29-05-2023,Low
2518,Oviya Saraf,Male,64,Khandwa,Maharashtra,Farmer,2120065,24-03-2019,Low
2519,Yashica Bhasin,Female,21,South Dumdum,Meghalaya,Lawyer,2311533,02-10-2019,Low
2520,Zayyan Rao,Female,60,Nagaon,West Bengal,Software Engineer,1421893,13-12-2023,Low
2521,Vyanjana Mukherjee,Male,59,Vellore,Haryana,Farmer,1763666,01-07-2021,Low
2522,Christopher Grewal,Male,42,Dehradun,Arunachal Pradesh,Farmer,2089722,28-09-2018,Low
2523,Frederick Shukla,Male,55,Kirari Suleman Nagar,Bihar,Software Engineer,610291,21-12-2020,Low
2524,Yashoda Chopra,Male,70,Gaya,Meghalaya,Accountant,2447369,24-10-2017,Low
2525,Aryan Bedi,Female,19,Tirupati,Maharashtra,Software Engineer,743467,02-09-2019,Low
2526,Rayaan Venkataraman,Female,25,Bhusawal,Sikkim,Lawyer,2369021,03-07-2026,Low
2527,Faras Savant,Male,60,Hyderabad,Assam,Student,1859173,12-08-2017,Medium
2528,Ekalinga Lad,Male,49,Moradabad,Himachal Pradesh,Software Engineer,636132,21-01-2018,Low
2529,Timothy Dubey,Male,45,Srinagar,Telangana,Lawyer,954904,20-04-2022,Low
2530,Ikbal Balakrishnan,Female,37,Gandhinagar,Tamil Nadu,Teacher,555887,28-12-2024,Low
2531,Jeremiah Natt,Male,34,Guntakal,Manipur,Farmer,2161142,11-06-2024,Medium
2532,Nihal Chawla,Female,20,Sambhal,Kerala,Student,365703,18-12-2025,Low
2533,Tarak Vig,Female,67,Bijapur,Uttar Pradesh,Sales Executive,1607699,25-06-2023,Low
2534,Michael Nagy,Male,57,Anantapuram,Mizoram,Software Engineer,559111,01-02-2026,Low
2535,Chaman Tak,Male,60,Nangloi Jat,Madhya Pradesh,Software Engineer,1692378,30-05-2025,Low
2536,Warjas Varty,Male,19,Vellore,Punjab,Software Engineer,475020,22-06-2019,Low
2537,Udyati Ahluwalia,Male,38,Ghaziabad,Maharashtra,Business,692331,28-05-2021,Medium
2538,Gautam Mitter,Male,43,Panchkula,Odisha,Teacher,1435898,22-04-2018,Low
2539,Pratyush Chahal,Female,37,Mango,Arunachal Pradesh,Accountant,2212774,06-01-2019,Low
2540,Jackson Gara,Female,22,Bareilly,Mizoram,Sales Executive,664276,15-05-2021,Low
2541,Ikshita Toor,Male,64,Parbhani,Arunachal Pradesh,Lawyer,2359857,23-05-2024,Low
2542,Zarna Swaminathan,Female,33,Howrah,Kerala,Business,697842,07-03-2024,High
2543,Girindra Sachdev,Male,21,Ambarnath,Chhattisgarh,Accountant,2062437,24-08-2020,High
2544,Maanas Hayer,Female,46,Orai,Goa,Sales Executive,1548229,14-10-2023,Low
2545,Advik Rama,Female,70,Lucknow,Sikkim,Accountant,1725871,23-04-2020,Low
2546,Dalbir Gokhale,Male,65,Bijapur,Chhattisgarh,Student,392841,27-12-2016,Low
2547,Chaaya Rama,Male,40,Pallavaram,Meghalaya,Doctor,1517695,07-03-2018,Low
2548,Pahal Bala,Male,58,Bhalswa Jahangir Pur,Uttarakhand,Lawyer,1132415,17-08-2020,Medium
2549,Rajata Varty,Male,34,Bongaigaon,Uttarakhand,Data Analyst,2358045,11-08-2019,Low
2550,Teerth Handa,Male,26,Firozabad,Andhra Pradesh,Software Engineer,1114976,22-05-2025,Medium
2551,Maanav Banerjee,Female,69,Jaunpur,Kerala,Teacher,2362088,28-04-2020,Medium
2552,Tanay Talwar,Female,54,Jamnagar,Gujarat,Business,1487701,11-08-2023,High
2553,Kavya Krishnamurthy,Male,50,Medininagar,Meghalaya,Student,1352072,11-08-2025,High
2554,Finn Chander,Male,59,Anantapuram,Gujarat,Farmer,2063400,19-02-2024,Low
2555,Victor Lal,Female,63,Jalna,Gujarat,Sales Executive,215894,04-05-2022,Low
2556,Ekavir Krishnamurthy,Male,56,Gurgaon,Kerala,Lawyer,2245856,01-12-2016,High
2557,Yochana Chad,Female,23,Haldia,Maharashtra,Business,2057329,13-10-2019,Medium
2558,Manthan Sharaf,Male,42,New Delhi,Chhattisgarh,Lawyer,2449747,23-08-2025,Medium
2559,Siya Dua,Female,63,Hyderabad,Gujarat,Sales Executive,1309591,12-10-2022,Low
2560,Pavani Kala,Female,22,Pimpri-Chinchwad,Telangana,Accountant,856613,29-08-2017,Low
2561,Lucky Merchant,Male,23,Kakinada,Bihar,Business,2030771,30-05-2018,Low
2562,Nirja Issac,Male,45,Nanded,Jharkhand,Doctor,1768243,24-02-2024,Low
2563,Timothy Banik,Female,33,Mahbubnagar,Mizoram,Teacher,2445197,22-06-2017,Low
2564,Aadi Anand,Female,35,Dharmavaram,Rajasthan,Data Analyst,2274549,07-06-2019,Low
2565,Dipta Malhotra,Female,43,Chittoor,Chhattisgarh,Software Engineer,1322714,21-12-2023,High
2566,Ryan Kohli,Male,22,Thiruvananthapuram,Arunachal Pradesh,Software Engineer,500515,05-05-2026,Low
2567,Faras Soman,Male,40,Gandhinagar,Meghalaya,Farmer,1282524,07-03-2017,High
2568,Falak Bhardwaj,Female,47,Jehanabad,Tripura,Sales Executive,2420049,28-05-2017,Low
2569,Lajita Mitra,Female,20,Ludhiana,Himachal Pradesh,Business,2009582,01-07-2024,Low
2570,Waida Salvi,Male,25,Bokaro,Tripura,Software Engineer,1079086,07-10-2021,Medium
2571,Henry Shroff,Male,38,Rourkela,Meghalaya,Student,694733,20-06-2026,High
2572,Vihaan Dutt,Female,32,Muzaffarnagar,Telangana,Student,2048349,17-02-2020,Medium
2573,Dakshesh Agate,Female,68,Rajpur Sonarpur,Odisha,Accountant,741505,21-11-2019,Medium
2574,Abhimanyu Garg,Female,52,Ludhiana,Tripura,Farmer,1052600,08-12-2017,Low
2575,Xiti Iyer,Female,70,Deoghar,Haryana,Business,383596,10-03-2017,Low
2576,Omaja Solanki,Female,24,Shahjahanpur,Sikkim,Student,1276553,15-08-2024,Low
2577,Indrajit Lanka,Female,44,Faridabad,Rajasthan,Teacher,496656,26-05-2023,Low
2578,Darsh Chaudhry,Male,57,Tiruchirappalli,West Bengal,Business,818745,30-09-2023,Low
2579,Agastya Bhargava,Male,21,Gangtok,Bihar,Sales Executive,514083,28-04-2019,Low
2580,Kamya Baria,Male,20,Adoni,Jharkhand,Doctor,1696526,22-09-2021,Low
2581,Tristan Apte,Male,23,Sangli-Miraj & Kupwad,Sikkim,Farmer,1678065,17-03-2023,High
2582,Samarth Kade,Male,24,Jalandhar,Odisha,Teacher,969932,14-12-2018,Low
2583,Inaya Mannan,Male,47,Agra,Maharashtra,Sales Executive,2021747,16-09-2019,Low
2584,Anjali Ravi,Female,28,Bellary,Mizoram,Doctor,2174891,10-07-2023,Medium
2585,Vrishti Handa,Female,68,Ozhukarai,Telangana,Teacher,349342,11-02-2017,Low
2586,Wyatt Shenoy,Female,53,Eluru,Rajasthan,Accountant,1679559,11-06-2022,Low
2587,Vinaya Nadig,Female,50,Agartala,Nagaland,Business,934915,15-11-2020,Low
2588,Balveer Bhakta,Female,61,Sirsa,Kerala,Farmer,1786228,17-02-2023,Medium
2589,Brijesh Dua,Male,46,Bellary,Uttarakhand,Software Engineer,688377,17-11-2020,High
2590,Madhavi Chowdhury,Male,70,Tadipatri,Haryana,Farmer,451688,19-10-2020,Low
2591,Ekiya Ganesan,Male,48,Udupi,Gujarat,Business,643291,01-07-2020,Low
2592,Niharika Kumar,Female,52,Ratlam,Uttarakhand,Doctor,542930,26-10-2017,Low
2593,Leena Sant,Female,66,Kumbakonam,Madhya Pradesh,Teacher,1160585,24-02-2020,Low
2594,Krisha Shukla,Female,51,Bhimavaram,Meghalaya,Doctor,1717693,17-07-2019,Low
2595,Yashodhara Gulati,Male,21,Silchar,Goa,Data Analyst,1702347,25-04-2019,Low
2596,Ati Sarraf,Male,63,Thoothukudi,Odisha,Student,1834891,24-07-2026,Low
2597,Amaira Brar,Female,54,Miryalaguda,Arunachal Pradesh,Business,457816,12-06-2023,Low
2598,Falguni Thaman,Female,68,Meerut,Goa,Teacher,1944652,05-12-2018,Low
2599,Odika Vyas,Female,55,Sikar,Sikkim,Teacher,314718,21-11-2024,Low
2600,Thomas Krish,Male,64,Belgaum,Uttar Pradesh,Sales Executive,2257549,24-12-2016,Low
2601,Aishani Sibal,Female,50,Gudivada,Uttarakhand,Lawyer,2183774,29-12-2024,Low
2602,Harish Sankar,Female,40,Kanpur,Gujarat,Lawyer,2075961,03-03-2022,High
2603,Qasim Bhandari,Male,31,Muzaffarnagar,Manipur,Farmer,2373408,10-03-2017,Low
2604,Vedhika Khalsa,Female,20,Guntakal,Kerala,Lawyer,1298777,06-06-2021,Low
2605,Faris Sama,Male,58,Bhilwara,Tamil Nadu,Lawyer,403319,16-02-2025,Low
2606,Hitesh Grover,Female,53,Aurangabad,Odisha,Data Analyst,740597,12-02-2025,Low
2607,Yashvi Barad,Female,49,Bhilai,Andhra Pradesh,Sales Executive,1194361,19-03-2022,Low
2608,Mahika Chahal,Male,46,Loni,Gujarat,Teacher,1408361,21-07-2018,Low
2609,Diya Dhawan,Male,35,Bulandshahr,Nagaland,Accountant,1735947,25-09-2020,Low
2610,Amaira Tripathi,Male,31,Raichur,Haryana,Student,2073457,23-12-2024,Low
2611,Omya Mahal,Female,53,Ozhukarai,Tamil Nadu,Farmer,919941,08-12-2024,Low
2612,Ayaan Sane,Male,36,Ujjain,Uttar Pradesh,Sales Executive,251666,08-09-2022,Low
2613,Aahana Kuruvilla,Male,61,Unnao,Tamil Nadu,Accountant,991693,16-06-2021,Low
2614,Chanakya Memon,Female,24,Uluberia,Mizoram,Software Engineer,1412607,31-07-2020,Low
2615,Ekalinga Dugar,Male,69,Moradabad,Mizoram,Farmer,310666,30-09-2016,Low
2616,Ranbir Bansal,Female,20,Jalna,Maharashtra,Doctor,1162690,12-11-2018,Low
2617,Damini Chaudry,Female,37,Katihar,Kerala,Doctor,1079385,24-11-2024,Low
2618,Zarna Batta,Male,40,Malda,Odisha,Doctor,1201971,20-02-2021,Medium
2619,Mohini Patel,Female,58,Mirzapur,Tripura,Business,313440,03-06-2019,Low
2620,Zashil Shukla,Male,54,Vellore,Haryana,Doctor,1061554,27-06-2024,Low
2621,Gunbir Goswami,Female,69,Rajkot,Madhya Pradesh,Farmer,932435,02-08-2017,Medium
2622,Gaurika Thakkar,Female,22,Ujjain,Chhattisgarh,Student,1032353,15-11-2020,Low
2623,Pranit Manda,Female,31,Munger,Manipur,Lawyer,366950,04-05-2024,Low
2624,Turvi Kata,Male,46,Kota,Haryana,Doctor,2207210,07-01-2020,High
2625,Bishakha Gade,Male,36,Kollam,Chhattisgarh,Accountant,572022,18-04-2022,Low
2626,Jairaj Behl,Female,36,Davanagere,Karnataka,Software Engineer,2308657,01-07-2024,Low
2627,Kashvi Prashad,Male,55,Mysore,Haryana,Teacher,373714,04-06-2017,Low
2628,Bachittar Zacharia,Male,36,Erode,Chhattisgarh,Doctor,1578154,12-01-2023,High
2629,Wishi Mohanty,Male,52,Avadi,Mizoram,Data Analyst,2442740,02-02-2017,Low
2630,Ojas Din,Male,19,Raebareli,Nagaland,Doctor,2050709,09-07-2020,High
2631,Qushi Sanghvi,Male,38,Farrukhabad,West Bengal,Farmer,1615941,31-10-2017,Low
2632,Ishani Sunder,Male,40,Avadi,Nagaland,Software Engineer,2348730,22-11-2020,Low
2633,Madhav Sekhon,Male,22,Davanagere,Jharkhand,Farmer,1009524,15-11-2024,Medium
2634,Tarak Keer,Female,19,Surendranagar Dudhrej,Goa,Lawyer,1025198,25-06-2025,Low
2635,Azad Dube,Female,52,Vijayanagaram,Telangana,Sales Executive,829907,01-04-2018,Low
2636,Mekhala Chhabra,Female,19,Panipat,Madhya Pradesh,Software Engineer,790119,23-05-2023,Medium
2637,Chaitaly Ramanathan,Male,19,Dhanbad,Haryana,Sales Executive,1574061,17-09-2016,Low
2638,Chatura Sridhar,Male,36,Nagaon,Uttar Pradesh,Software Engineer,2214489,11-08-2021,Low
2639,Chakrika Kamdar,Female,32,Hapur,Goa,Software Engineer,837327,23-05-2022,Low
2640,Sai Sehgal,Male,33,Danapur,Haryana,Doctor,2173932,24-07-2026,Medium
2641,Advaith Yogi,Male,52,Visakhapatnam,Punjab,Lawyer,2017728,14-09-2017,Low
2642,Xiti Sachar,Male,40,Rajpur Sonarpur,Tamil Nadu,Student,2058479,02-02-2023,Low
2643,Nihal Keer,Male,39,Ahmedabad,Manipur,Business,520501,28-02-2018,Low
2644,Mohammed Luthra,Female,40,Burhanpur,Uttarakhand,Data Analyst,2101582,20-04-2018,Low
2645,Pranit Jaggi,Male,41,Patna,Rajasthan,Software Engineer,318319,24-12-2018,Low
2646,Odika Agarwal,Male,49,Ranchi,Goa,Teacher,2297597,01-04-2018,Medium
2647,Chakradev Bhatt,Male,65,Bhiwandi,Mizoram,Doctor,1208873,13-06-2018,Low
2648,Kai Kashyap,Male,37,Jorhat,Arunachal Pradesh,Teacher,1731400,11-10-2023,Low
2649,Nihal Dugar,Female,19,Thoothukudi,Goa,Data Analyst,411147,04-10-2023,Low
2650,Sathvik Reddy,Female,66,Jhansi,Manipur,Farmer,228525,06-12-2024,Low
2651,Saksham Dar,Male,22,Chennai,Tripura,Teacher,1570391,18-10-2022,Medium
2652,Farhan Sridhar,Female,40,Raebareli,Maharashtra,Doctor,1355527,11-03-2026,Low
2653,Brinda Choudhary,Male,59,Ludhiana,Haryana,Student,241952,08-03-2024,Low
2654,Janaki De,Male,58,Haridwar,Telangana,Student,1719488,05-04-2019,Low
2655,Osha Chhabra,Female,34,Gangtok,Goa,Sales Executive,1162842,19-03-2020,Low
2656,Chakradev Badal,Male,63,Mira-Bhayandar,Andhra Pradesh,Business,2487338,22-12-2022,Medium
2657,Xalak Yohannan,Male,61,Korba,Odisha,Lawyer,2379792,24-06-2022,Low
2658,Viraj Dora,Male,64,Farrukhabad,Karnataka,Business,1704482,14-10-2020,Medium
2659,Riya Cheema,Female,54,Thane,Karnataka,Business,1773634,10-10-2023,High
2660,Maya Solanki,Female,39,Jaipur,Assam,Lawyer,1560659,21-09-2023,Low
2661,Fariq Ghosh,Male,30,Karaikudi,West Bengal,Data Analyst,1816979,12-03-2018,Low
2662,Anita Joshi,Female,57,Amravati,Tamil Nadu,Accountant,2208608,06-04-2023,Low
2663,Kamya Malhotra,Female,40,Panvel,Manipur,Software Engineer,1004704,01-08-2018,Medium
2664,Samar Sane,Female,49,Karnal,Madhya Pradesh,Student,1351021,18-04-2023,Low
2665,Yadavi Keer,Female,64,Kota,Maharashtra,Teacher,1830205,31-10-2024,Low
2666,Suhani Rastogi,Female,43,Narasaraopet,Gujarat,Doctor,2314613,22-09-2021,Medium
2667,Eta Wagle,Male,21,Bhusawal,Telangana,Farmer,458823,10-01-2019,Medium
2668,Chandani Jha,Female,19,Guna,Mizoram,Lawyer,1530001,19-07-2023,Low
2669,Dakshesh Sampath,Male,41,Tumkur,Chhattisgarh,Data Analyst,799649,01-12-2017,Low
2670,Udant Krishnamurthy,Male,53,Gorakhpur,Rajasthan,Software Engineer,951379,13-09-2019,Low
2671,Harini Merchant,Male,35,Salem,Tamil Nadu,Lawyer,1813896,24-09-2020,Medium
2672,Ira Divan,Female,24,Phagwara,Haryana,Doctor,691863,13-06-2025,Medium
2673,Vinaya Mohan,Female,52,Khandwa,Andhra Pradesh,Doctor,2228939,05-11-2017,Medium
2674,Advik Sunder,Male,48,Bhind,Tripura,Sales Executive,2040664,01-07-2023,Low
2675,Andrew Dyal,Female,22,Bidar,Jharkhand,Lawyer,644625,04-01-2017,Low
2676,Nandini Narang,Female,39,Hindupur,Kerala,Accountant,777132,30-07-2024,Low
2677,Vansha Lad,Male,51,Rohtak,Arunachal Pradesh,Sales Executive,2389565,22-08-2019,Low
2678,Ganga Seshadri,Female,45,Sagar,West Bengal,Teacher,2094133,06-05-2021,Medium
2679,Ekiya Lalla,Male,45,Guwahati,West Bengal,Software Engineer,967358,23-06-2022,Low
2680,Aayush Chauhan,Female,68,Kota,Maharashtra,Student,2446383,09-07-2017,Low
2681,Wazir Vora,Female,33,Khandwa,Manipur,Teacher,774810,03-04-2019,Low
2682,Sai Anne,Male,68,Latur,Uttarakhand,Teacher,670293,07-05-2023,Low
2683,Janani Khurana,Male,54,Hajipur,Chhattisgarh,Business,932305,29-09-2020,Low
2684,Parth Kakar,Male,18,Guntakal,Meghalaya,Business,1424237,02-03-2017,Low
2685,Nitesh Ganesh,Female,53,Dindigul,Tamil Nadu,Farmer,361906,01-12-2018,Low
2686,Falguni Bala,Male,36,Ambarnath,Odisha,Accountant,624422,21-10-2017,Low
2687,Mitesh Kanda,Male,32,Kozhikode,Punjab,Doctor,1049213,13-08-2018,High
2688,Kritika Narang,Male,46,Giridih,Himachal Pradesh,Accountant,1937724,27-10-2018,Low
2689,Imaran Kalla,Female,46,Rourkela,Uttarakhand,Software Engineer,1536156,26-08-2016,Medium
2690,Bakhshi Thaman,Male,23,Amravati,Arunachal Pradesh,Accountant,2032575,08-11-2024,Medium
2691,Jeet Narayan,Male,22,Bhusawal,Goa,Data Analyst,2309258,27-07-2023,Low
2692,Rayaan Cherian,Female,60,Saharsa,Maharashtra,Business,1311051,13-10-2023,Low
2693,Yauvani Sant,Female,28,Navi Mumbai,Kerala,Software Engineer,930050,29-10-2019,Medium
2694,Lakshmi Jayaraman,Male,23,Morbi,Telangana,Student,760214,13-04-2023,Low
2695,Ekaraj Kaur,Male,62,Durg,Uttar Pradesh,Sales Executive,2337250,08-11-2018,Medium
2696,Advay Mohan,Male,67,Aurangabad,Mizoram,Business,1416940,27-11-2025,Low
2697,Vrishti Ghosh,Female,23,Bardhaman,Goa,Business,327604,17-05-2024,Low
2698,Aarini Hans,Female,21,Firozabad,Chhattisgarh,Farmer,386504,07-04-2026,Low
2699,Kamya Prasad,Female,62,Nadiad,West Bengal,Teacher,2173757,03-12-2021,Low
2700,Chameli Chaudhary,Male,68,Davanagere,Meghalaya,Software Engineer,1635670,14-03-2023,Low
2701,Qasim Minhas,Female,32,Ballia,Maharashtra,Sales Executive,696431,08-09-2021,High
2702,Brijesh Muni,Male,47,Kulti,Bihar,Business,394894,03-04-2026,Low
2703,Avni Bains,Male,56,Dharmavaram,Sikkim,Sales Executive,388624,17-10-2024,Low
2704,Anthony Kanda,Male,45,Katni,Uttar Pradesh,Business,2031521,25-07-2023,Low
2705,Raghav Singh,Female,67,Kanpur,Uttarakhand,Farmer,781773,05-11-2016,Medium
2706,Mason Varughese,Female,64,Rajpur Sonarpur,West Bengal,Data Analyst,2417016,11-11-2021,Low
2707,Inaya Dani,Male,47,Bathinda,Kerala,Farmer,1807540,31-07-2025,High
2708,Chakrika Borde,Female,65,Pondicherry,Uttarakhand,Sales Executive,2000768,19-06-2019,Low
2709,Urvi Chakrabarti,Male,31,Kamarhati,Manipur,Accountant,948349,26-12-2020,Medium
2710,Ucchal Tata,Female,33,Tirunelveli,Haryana,Teacher,2060884,02-10-2017,Low
2711,Hardik Dhillon,Female,25,Bongaigaon,Rajasthan,Teacher,1686452,03-12-2023,Low
2712,Dalaja Khanna,Female,24,Rewa,Meghalaya,Lawyer,1848035,01-07-2020,Medium
2713,Hemal Soman,Male,67,Pudukkottai,Jharkhand,Accountant,2321693,01-04-2025,Medium
2714,Alexander Kara,Female,64,Gaya,Tripura,Farmer,466526,08-07-2023,Low
2715,Darika Iyer,Female,51,Dharmavaram,Manipur,Lawyer,972444,29-04-2019,Medium
2716,Pushti Rajagopal,Male,66,Vijayanagaram,Odisha,Software Engineer,1609994,19-10-2021,Low
2717,Rajata Tak,Female,53,Noida,Chhattisgarh,Sales Executive,590443,06-08-2025,Low
2718,Azaan Tella,Female,35,Korba,Arunachal Pradesh,Accountant,1287640,19-11-2020,Low
2719,Nikita Hegde,Female,48,Narasaraopet,Kerala,Software Engineer,1645303,18-12-2016,High
2720,Akshay Palla,Male,68,Thiruvananthapuram,Gujarat,Lawyer,2011666,20-09-2017,Low
2721,Anita Dara,Female,26,Dehradun,Madhya Pradesh,Farmer,1358930,28-12-2022,Low
2722,Dhruv Borah,Female,36,Gandhidham,Haryana,Doctor,1565740,05-03-2018,Low
2723,Rachana Divan,Male,52,Uluberia,Tripura,Accountant,1504047,08-11-2019,Low
2724,Naksh Muni,Female,27,Raiganj,Maharashtra,Farmer,423722,08-04-2018,Low
2725,Sai Sathe,Female,43,Mirzapur,Sikkim,Accountant,1843250,18-03-2018,Low
2726,Shivani Shukla,Male,39,Chandrapur,Sikkim,Sales Executive,2220274,30-10-2018,Low
2727,Jackson Kumer,Female,43,Phusro,Assam,Lawyer,1618871,07-07-2021,Medium
2728,Bakhshi Zacharia,Female,45,Dehri,Rajasthan,Teacher,721353,25-08-2016,Low
2729,Pahal Anne,Male,28,Allahabad,West Bengal,Lawyer,1706336,29-08-2019,Low
2730,Warhi Bhagat,Male,25,Junagadh,Haryana,Student,2426475,08-12-2018,High
2731,Gaurav Dalal,Male,41,Nangloi Jat,Telangana,Accountant,2043664,12-08-2023,High
2732,Krishna Shanker,Female,38,Phusro,Andhra Pradesh,Data Analyst,204101,15-01-2022,Low
2733,Janaki Pingle,Male,60,Amravati,Maharashtra,Lawyer,2404205,26-01-2023,High
2734,Oscar Sama,Female,47,Deoghar,Arunachal Pradesh,Student,1011199,29-02-2024,High
2735,Christopher Sarkar,Female,20,Bhavnagar,Mizoram,Data Analyst,1572586,07-03-2017,Low
2736,Prisha Muni,Female,52,Junagadh,Kerala,Teacher,1795113,29-04-2020,Low
2737,Vedhika Nagarajan,Female,61,Bongaigaon,Uttarakhand,Sales Executive,1735831,01-08-2024,Low
2738,Karan Andra,Male,22,Kurnool,Rajasthan,Sales Executive,1199258,01-06-2020,Low
2739,Aashi Rajagopalan,Female,36,Bhavnagar,Punjab,Business,1422860,03-12-2023,Medium
2740,Sanaya Goswami,Male,45,Guna,Manipur,Sales Executive,2370228,22-04-2026,Low
2741,Kashvi Mody,Female,52,Bikaner,Andhra Pradesh,Doctor,1195395,02-07-2025,Medium
2742,Sai Setty,Female,36,Durg,Assam,Doctor,1949913,30-05-2019,High
2743,Parth Murthy,Female,47,Tirunelveli,Nagaland,Farmer,1994902,14-02-2023,Medium
2744,William Deep,Female,35,Danapur,Uttarakhand,Data Analyst,1090400,18-04-2020,Low
2745,Urvi Parekh,Female,40,Chapra,Maharashtra,Farmer,578665,09-04-2023,Low
2746,Joshua Gara,Male,70,Chennai,Himachal Pradesh,Software Engineer,2124215,29-08-2024,High
2747,Nidra Nayar,Male,49,Noida,Maharashtra,Sales Executive,648812,14-06-2018,Low
2748,Hiral Panchal,Female,22,Phagwara,Uttar Pradesh,Software Engineer,338272,23-09-2016,Low
2749,Charan Venkatesh,Female,21,Katni,Meghalaya,Farmer,2369862,21-02-2017,Medium
2750,Tamanna Mistry,Male,70,Pali,Goa,Data Analyst,1738622,29-01-2018,Low
2751,Gabriel Lall,Male,26,Raurkela Industrial Township,Rajasthan,Accountant,2334045,28-09-2022,Low
2752,Chanchal Tandon,Male,24,Bhubaneswar,Telangana,Farmer,230387,18-08-2019,Low
2753,Hemangini Soni,Female,44,Kurnool,Tripura,Lawyer,1304903,27-03-2024,Low
2754,Deepa Goswami,Male,68,Nashik,Assam,Sales Executive,934338,15-02-2020,Low
2755,Harini Gala,Female,22,Amravati,Punjab,Data Analyst,416872,05-06-2017,Low
2756,Parth Mand,Female,36,Nagaon,Assam,Software Engineer,1503637,03-08-2016,Low
2757,Victor Salvi,Male,18,Thanjavur,Gujarat,Doctor,1715332,26-05-2025,Medium
2758,Thomas Dhar,Male,49,Mathura,Assam,Accountant,1752980,28-07-2021,Low
2759,Orinder Shroff,Female,39,Faridabad,Maharashtra,Student,2063568,25-05-2026,High
2760,Yug Srinivasan,Male,49,Kota,Kerala,Data Analyst,1482642,11-09-2017,Medium
2761,Xiti Rao,Male,62,Bhind,Tripura,Farmer,2340780,07-12-2019,Medium
2762,Kamala Kar,Male,20,Ramagundam,Himachal Pradesh,Farmer,818725,10-06-2020,Low
2763,Imaran Nath,Female,21,Sri Ganganagar,Punjab,Farmer,501391,29-03-2022,Low
2764,Hemang Dhawan,Male,42,Miryalaguda,Assam,Software Engineer,687856,23-12-2024,High
2765,Varsha Khalsa,Male,67,Pallavaram,Arunachal Pradesh,Student,394826,14-03-2018,High
2766,Balhaar Morar,Female,34,Jamalpur,Kerala,Data Analyst,988637,19-03-2022,Low
2767,Gaurav Agate,Female,52,Tirunelveli,Goa,Lawyer,1795352,08-11-2019,High
2768,Yuvraj Das,Male,28,Gandhinagar,Bihar,Software Engineer,1870724,24-10-2019,Low
2769,Varenya Dhawan,Female,40,Kadapa,Tripura,Teacher,982598,21-12-2025,Low
2770,Faqid Sur,Male,63,Gorakhpur,Maharashtra,Teacher,2281421,27-03-2022,Medium
2771,Alka Rana,Female,27,Dibrugarh,Uttarakhand,Doctor,2317863,05-10-2023,Low
2772,Anita Karan,Male,61,Rewa,Sikkim,Teacher,2159034,08-12-2016,Medium
2773,Jyoti Wali,Female,20,Latur,Assam,Data Analyst,1492334,10-01-2025,Low
2774,Faraj Date,Male,55,Rajkot,Uttarakhand,Business,1486732,26-02-2020,Low
2775,Xavier Virk,Male,51,Naihati,Sikkim,Software Engineer,518780,15-03-2019,Low
2776,Raghav Koshy,Male,29,Solapur,Rajasthan,Accountant,2441003,14-11-2016,Low
2777,Urmi Pandit,Female,27,Gwalior,Assam,Student,280707,25-02-2022,Medium
2778,Brijesh Garde,Male,64,Mysore,Karnataka,Lawyer,1152413,15-05-2018,Low
2779,Gunbir Chakraborty,Female,23,Dharmavaram,Tripura,Accountant,1253401,06-05-2026,Low
2780,Aradhana Murty,Female,59,Ratlam,Tripura,Teacher,337441,04-08-2018,Low
2781,Nachiket Sarin,Female,33,Dehri,Goa,Student,2466040,23-05-2022,Low
2782,Luke Nagar,Female,33,Shimoga,Gujarat,Software Engineer,1515446,11-05-2017,Low
2783,Ishwar Jhaveri,Female,64,Saharanpur,Meghalaya,Lawyer,331010,26-01-2023,Medium
2784,Charvi Ravel,Male,19,Dibrugarh,Tripura,Sales Executive,1801769,09-01-2018,Low
2785,Baljiwan Loke,Male,60,Medininagar,Mizoram,Lawyer,581380,18-05-2020,Medium
2786,Devika Pau,Male,41,Kishanganj,Arunachal Pradesh,Software Engineer,224569,25-02-2021,Medium
2787,Vritti Goswami,Female,22,Rohtak,Meghalaya,Teacher,2357563,22-06-2018,High
2788,Shaurya Wali,Male,19,Amaravati,Telangana,Accountant,2323448,11-08-2019,High
2789,Ria Jayaraman,Female,30,Hajipur,Kerala,Doctor,1470418,23-11-2016,Low
2790,Omkaar Mutti,Female,54,Bokaro,Jharkhand,Sales Executive,1587915,02-07-2021,Low
2791,Krishna Rege,Female,68,Rajahmundry,Assam,Doctor,1941048,19-10-2022,Low
2792,Daksh Walla,Male,63,Purnia,Tripura,Teacher,1457231,11-12-2018,Low
2793,Nimrat Sani,Male,54,Barasat,Rajasthan,Teacher,1376162,20-10-2023,Low
2794,Kavya Palla,Female,32,Burhanpur,Maharashtra,Sales Executive,1305748,04-04-2018,Low
2795,Aradhana Chatterjee,Male,47,Sri Ganganagar,Bihar,Lawyer,1543115,29-03-2024,Medium
2796,Aryan Chaudhuri,Female,29,Maheshtala,Uttarakhand,Student,2107248,05-05-2025,Low
2797,Ranbir Madan,Male,35,Tirupati,Andhra Pradesh,Student,662168,28-11-2023,Low
2798,Krisha Gera,Male,18,Indore,Telangana,Lawyer,969870,16-08-2022,Low
2799,Daniel Vig,Male,46,Bhopal,Haryana,Doctor,1938460,31-07-2022,Medium
2800,Champak Deo,Male,55,Bikaner,Mizoram,Lawyer,1121117,20-10-2021,Medium
2801,Watika Patel,Male,25,Amroha,Tamil Nadu,Accountant,1696213,17-04-2024,Low
2802,Zinal Toor,Female,52,Amritsar,Chhattisgarh,Software Engineer,1135392,27-01-2018,Medium
2803,Hredhaan Gupta,Female,51,Ambala,Nagaland,Sales Executive,505614,29-08-2016,Low
2804,Harrison Chandra,Female,19,Malda,Telangana,Software Engineer,1666684,06-06-2021,Low
2805,Yagnesh Nath,Male,58,Mau,Goa,Student,1910481,07-11-2024,High
2806,Omkaar Prakash,Male,39,Jabalpur,Tripura,Doctor,1337054,12-05-2026,High
2807,Saumya Murthy,Male,29,Dibrugarh,Haryana,Teacher,2373180,14-06-2026,Low
2808,Neel Nagar,Female,54,Jammu,West Bengal,Accountant,423108,10-01-2017,Low
2809,Omaja Dada,Female,42,Ambattur,Uttarakhand,Sales Executive,220583,04-01-2018,Medium
2810,Anvi Dave,Male,18,Khora ,Odisha,Lawyer,2438533,27-03-2019,Low
2811,Finn Ghosh,Female,69,Gandhidham,Meghalaya,Accountant,566667,17-06-2026,Low
2812,Jeet Anand,Female,32,Avadi,Uttar Pradesh,Farmer,2011937,09-12-2018,Low
2813,Gautam Vohra,Male,23,Nellore,Madhya Pradesh,Student,336820,31-01-2025,Low
2814,Omya Kumar,Male,34,Pimpri-Chinchwad,Tamil Nadu,Farmer,1430316,11-05-2019,Low
2815,Gavin Chaudry,Female,26,Kamarhati,Odisha,Lawyer,1958939,05-12-2023,Medium
2816,Varenya Prakash,Female,51,Ongole,Karnataka,Business,2459220,29-11-2024,Low
2817,Chameli Pandit,Female,26,Jalgaon,Nagaland,Accountant,813482,23-09-2018,Low
2818,Vrinda Cherian,Female,46,Satara,Uttarakhand,Software Engineer,2237309,02-12-2019,High
2819,Saanvi Mane,Male,20,Bhilwara,West Bengal,Data Analyst,1260717,03-11-2025,Low
2820,Logan Khalsa,Female,30,Amravati,Kerala,Lawyer,1198262,14-11-2020,Medium
2821,Hemangini Narayan,Male,22,Delhi,Tripura,Data Analyst,749091,11-07-2021,Low
2822,Ayushman Sachdeva,Female,52,Durg,Gujarat,Data Analyst,1629363,11-11-2025,Low
2823,Devika Mangal,Male,18,Gaya,Punjab,Accountant,1928296,06-09-2020,Low
2824,Gayathri Dara,Male,33,Phusro,Nagaland,Doctor,1324011,19-01-2018,Low
2825,Udarsh Batra,Female,30,Dewas,Meghalaya,Software Engineer,2146611,07-10-2022,Low
2826,Sarthak Ramesh,Female,21,Pune,West Bengal,Lawyer,1356202,28-11-2016,Low
2827,Vedhika Purohit,Male,59,Amravati,Karnataka,Doctor,1677718,20-04-2019,Low
2828,Manya Chatterjee,Female,26,Ozhukarai,Haryana,Student,976685,04-10-2019,Medium
2829,Bhavya Kumar,Male,52,Aurangabad,Rajasthan,Student,2016757,19-03-2018,Low
2830,Zinal More,Male,46,Pudukkottai,Arunachal Pradesh,Student,571337,04-12-2020,Low
2831,Sanaya Thaman,Female,68,Amaravati,Uttar Pradesh,Farmer,332522,19-09-2021,Low
2832,Deepa De,Male,25,Barasat,Odisha,Sales Executive,538188,01-11-2024,Low
2833,Vedhika Ganguly,Male,51,Unnao,Himachal Pradesh,Accountant,1094609,13-09-2017,Low
2834,Leena Mall,Female,61,Bhavnagar,Tamil Nadu,Data Analyst,1713588,07-09-2023,Medium
2835,Chakradev Swamy,Female,23,Vijayanagaram,Goa,Student,721730,27-04-2017,Low
2836,Ikshita Devi,Female,46,Noida,Tripura,Software Engineer,258927,01-02-2023,Medium
2837,Imaran Prabhakar,Male,47,Akola,Gujarat,Lawyer,2459576,29-12-2023,Low
2838,Sudiksha Mitra,Female,42,Pimpri-Chinchwad,Tamil Nadu,Accountant,649933,28-09-2018,Low
2839,Charan Rajagopal,Female,20,Pimpri-Chinchwad,Himachal Pradesh,Teacher,1353550,17-03-2021,Low
2840,Wishi Kala,Female,31,Tiruvottiyur,Tamil Nadu,Accountant,1347365,26-12-2023,Medium
2841,Gaurang Sachdev,Female,40,Aurangabad,Odisha,Lawyer,1874752,04-12-2020,Low
2842,Wazir Varty,Female,25,Bihar Sharif,Haryana,Teacher,2397799,24-12-2022,Low
2843,Nandini Mallick,Female,69,Faridabad,Gujarat,Accountant,1330110,27-02-2019,Medium
2844,Ansh Issac,Male,46,Ongole,Jharkhand,Software Engineer,2006167,15-10-2020,Low
2845,Dominic Gola,Female,63,Kolkata,Mizoram,Student,2444716,06-03-2017,Low
2846,Ikshita Kala,Female,35,Madhyamgram,Punjab,Doctor,811353,17-12-2025,Low
2847,Manbir Mishra,Male,24,Kishanganj,Tamil Nadu,Teacher,904117,28-12-2024,Low
2848,Nidhi Bhat,Male,23,Serampore,Rajasthan,Accountant,817617,08-05-2024,Low
2849,Zansi Chadha,Female,18,Gulbarga,Punjab,Business,885171,02-12-2024,Low
2850,Harini Chakraborty,Male,37,Jodhpur,Manipur,Lawyer,1819117,25-03-2017,Low
2851,Devika Sen,Female,31,Pali,Maharashtra,Student,1603189,15-06-2020,High
2852,Ladli Natarajan,Male,70,Sri Ganganagar,Haryana,Accountant,393757,16-06-2021,Low
2853,Falak Raval,Female,42,Fatehpur,Odisha,Student,2095711,16-09-2023,Low
2854,Aishani Tak,Male,53,Bidhannagar,Tamil Nadu,Lawyer,548071,28-01-2017,Low
2855,Wazir De,Male,30,Nagpur,Odisha,Teacher,234929,20-05-2018,Low
2856,Akshay Garg,Male,32,Shivpuri,Jharkhand,Doctor,2306949,24-12-2017,High
2857,Dominic Som,Female,59,Pallavaram,Odisha,Doctor,409005,22-12-2025,Low
2858,Anjali Prasad,Male,42,Bhubaneswar,Manipur,Data Analyst,711516,14-03-2017,Low
2859,Agastya Iyer,Female,45,Muzaffarpur,Chhattisgarh,Accountant,1289573,20-07-2019,High
2860,Darika Gour,Female,35,Raichur,Madhya Pradesh,Software Engineer,1271927,07-05-2023,Medium
2861,Gaurika Dugal,Male,52,Burhanpur,Himachal Pradesh,Doctor,233859,19-11-2023,Medium
2862,Dayita Nayak,Male,61,Nashik,Tripura,Farmer,2163777,18-08-2021,Low
2863,Megha Mukherjee,Female,51,Hubli–Dharwad,Andhra Pradesh,Student,2187889,08-04-2017,Low
2864,Rajata Parmar,Female,60,Bharatpur,Tamil Nadu,Accountant,1515692,21-05-2020,High
2865,Praneel Bhattacharyya,Male,24,Panchkula,Meghalaya,Software Engineer,1049851,27-03-2025,Low
2866,Rachita Dubey,Female,43,Raichur,Madhya Pradesh,Sales Executive,1565914,19-07-2025,Low
2867,Kai Behl,Male,24,Bhalswa Jahangir Pur,Telangana,Business,2394206,15-07-2026,Medium
2868,Gaurika Chaudhari,Female,69,Nizamabad,Andhra Pradesh,Business,368178,21-06-2022,Low
2869,Zayyan Batta,Female,32,New Delhi,Rajasthan,Doctor,1182805,14-03-2020,Low
2870,Gabriel Baria,Male,19,Panchkula,Chhattisgarh,Data Analyst,439191,04-08-2017,Low
2871,Ishwar Gour,Male,61,Mirzapur,Tamil Nadu,Sales Executive,614419,11-12-2024,Low
2872,Harrison Manda,Male,35,Dindigul,Uttarakhand,Data Analyst,1214156,16-05-2021,Low
2873,Inaya Shroff,Female,25,Ongole,Goa,Doctor,517158,24-06-2023,Medium
2874,Eesha Kale,Female,22,Salem,Telangana,Sales Executive,1552594,09-10-2016,Low
2875,Wriddhish Puri,Male,33,Patna,Karnataka,Accountant,1856336,30-06-2019,Low
2876,Ranbir Jani,Male,70,Aurangabad,Telangana,Software Engineer,868310,28-02-2020,High
2877,Jagat Ravel,Female,38,Patiala,Haryana,Sales Executive,1500539,27-02-2022,Low
2878,Balhaar Dutta,Female,32,Dhanbad,Arunachal Pradesh,Student,2420955,16-11-2020,Low
2879,Manya Deshmukh,Female,69,Miryalaguda,Madhya Pradesh,Teacher,2473939,11-12-2019,Low
2880,Rajeshri Chokshi,Male,65,Amroha,Sikkim,Sales Executive,749697,28-05-2018,Low
2881,Nakul Ghosh,Female,31,Vellore,Arunachal Pradesh,Software Engineer,1010659,10-08-2016,Medium
2882,Pratyush Memon,Male,31,Jabalpur,Chhattisgarh,Farmer,2428077,11-01-2017,Low
2883,Keya Dixit,Female,24,Mau,Sikkim,Software Engineer,1951067,21-09-2018,Low
2884,Gauri Viswanathan,Female,21,Mysore,Gujarat,Lawyer,2486040,04-02-2018,Low
2885,Isaiah Basak,Male,32,Gorakhpur,Jharkhand,Business,996529,06-06-2020,Low
2886,Anthony Acharya,Female,32,Solapur,Rajasthan,Teacher,2311378,11-05-2025,Low
2887,Robert Dyal,Male,61,Sri Ganganagar,Tripura,Farmer,2488208,06-05-2020,Low
2888,Sarthak Varkey,Male,18,Unnao,Assam,Data Analyst,1148855,31-10-2021,Low
2889,Manya Bhasin,Female,28,Bellary,Uttar Pradesh,Farmer,2384662,01-05-2021,Medium
2890,Nandini Rana,Male,21,Hindupur,Haryana,Farmer,725888,04-08-2016,Medium
2891,Triveni Arya,Male,50,Guntakal,Madhya Pradesh,Accountant,1475344,26-01-2026,Low
2892,Bhavini Bedi,Male,50,Purnia,Odisha,Lawyer,430549,07-07-2019,Medium
2893,Jagat Vig,Female,43,Bihar Sharif,Bihar,Business,1798097,22-12-2022,Low
2894,Abeer Hayre,Female,53,Tinsukia,Meghalaya,Lawyer,1570893,10-07-2017,Low
2895,Vritti Sant,Female,20,Kakinada,Assam,Doctor,1513780,09-07-2019,Low
2896,Vincent Sawhney,Female,35,Sasaram,Bihar,Software Engineer,2443283,28-05-2023,Low
2897,Agastya Gupta,Male,26,Coimbatore,Telangana,Business,980374,20-10-2023,Low
2898,Amol Sen,Female,64,Jehanabad,Bihar,Doctor,1490080,26-12-2017,Medium
2899,Bhavini Chakrabarti,Male,60,Mehsana,Goa,Doctor,2213666,13-12-2020,Low
2900,Kiaan Parsa,Male,42,Agartala,Madhya Pradesh,Lawyer,1805872,04-08-2018,Medium
2901,Zinal Bakshi,Female,26,Haldia,Telangana,Business,828566,05-04-2019,Low
2902,Isha Nagy,Male,59,Varanasi,Odisha,Farmer,1590624,06-01-2022,Low
2903,Arin Magar,Male,44,Bardhaman,Manipur,Farmer,1688139,10-11-2022,Low
2904,Neha Datta,Female,36,Rohtak,Odisha,Farmer,250284,30-11-2020,Medium
2905,Agastya Balan,Female,52,Varanasi,West Bengal,Sales Executive,727965,06-01-2017,High
2906,Ayaan Palla,Male,37,Phagwara,Manipur,Teacher,476872,09-09-2021,Low
2907,Jagdish Chaudry,Male,22,Amritsar,Himachal Pradesh,Student,1621405,12-06-2024,Low
2908,Dhruv Bajaj,Female,65,Asansol,Chhattisgarh,Sales Executive,1449998,31-12-2020,Low
2909,Bakhshi Kalla,Female,38,Ongole,Madhya Pradesh,Doctor,2168661,03-06-2026,High
2910,Ishani Bose,Male,50,Amroha,Nagaland,Sales Executive,1031239,24-11-2020,Low
2911,Mekhala Keer,Male,37,Udaipur,Goa,Software Engineer,1536369,11-12-2017,Low
2912,Kashvi Bhargava,Female,65,Raiganj,Jharkhand,Accountant,1939452,11-09-2023,High
2913,Aarnav Mander,Female,27,Ulhasnagar,Rajasthan,Farmer,901695,31-05-2020,Low
2914,Tanmayi Virk,Male,60,Jalandhar,Goa,Sales Executive,1283804,12-10-2018,Medium
2915,Daksha Thaman,Male,53,Jabalpur,Maharashtra,Business,1664268,19-07-2017,Low
2916,Pahal Panchal,Female,20,Jamshedpur,Karnataka,Sales Executive,788222,30-04-2018,Low
2917,Benjamin Andra,Female,29,Secunderabad,Himachal Pradesh,Student,1972562,07-08-2024,Low
2918,Aahana Ramakrishnan,Female,66,Jalna,Rajasthan,Student,950610,01-02-2024,Low
2919,Upkaar Bedi,Male,67,Madanapalle,Andhra Pradesh,Accountant,862103,17-03-2025,High
2920,Tamanna Mukhopadhyay,Male,52,Ranchi,Rajasthan,Data Analyst,1856588,22-11-2016,Medium
2921,Qabil Brahmbhatt,Male,34,Ambarnath,Himachal Pradesh,Student,1585240,04-07-2023,Medium
2922,Andrew Arya,Female,62,Thrissur,Karnataka,Accountant,451439,07-03-2017,Low
2923,Rishi Mand,Female,36,Dehradun,Madhya Pradesh,Sales Executive,1491153,22-06-2026,Low
2924,Anjali Gera,Male,32,Dewas,Uttarakhand,Business,2324331,10-07-2019,Low
2925,Bachittar Mandal,Male,47,Raiganj,Assam,Accountant,2495977,31-03-2019,Low
2926,Ranveer Ramachandran,Female,54,Unnao,Sikkim,Data Analyst,559333,04-04-2020,Low
2927,Abeer Kalita,Female,41,Patna,Manipur,Business,1482945,09-11-2021,Medium
2928,Wyatt Narasimhan,Male,30,Bihar Sharif,Uttar Pradesh,Sales Executive,2235103,11-10-2023,Low
2929,Balhaar Salvi,Female,61,Mangalore,Nagaland,Sales Executive,1729600,13-10-2016,Low
2930,Kabir Koshy,Male,67,Silchar,West Bengal,Data Analyst,1050355,11-08-2024,High
2931,Jyoti Mandal,Female,67,Ujjain,Arunachal Pradesh,Data Analyst,1367821,27-01-2017,Medium
2932,Ubika Sabharwal,Female,28,Ramagundam,Meghalaya,Software Engineer,740063,10-08-2025,Medium
2933,Dakshesh Ghosh,Female,56,Raurkela Industrial Township,Haryana,Farmer,828946,18-04-2025,Low
2934,Praneel Chanda,Female,69,Meerut,Meghalaya,Business,460148,14-09-2017,Low
2935,Ridhi Ramakrishnan,Female,25,Tiruchirappalli,Andhra Pradesh,Sales Executive,2121984,01-08-2026,Low
2936,Yashoda Nair,Female,26,Pune,Andhra Pradesh,Lawyer,318665,29-07-2018,Low
2937,Eta Khare,Male,43,Panchkula,Tamil Nadu,Accountant,1095598,22-11-2020,Medium
2938,Vidhi Balan,Female,56,Bidar,Bihar,Lawyer,700608,05-04-2021,Low
2939,Dayamai Atwal,Female,66,Karaikudi,Arunachal Pradesh,Data Analyst,1390690,12-12-2024,Medium
2940,Lekha Sem,Female,63,Nangloi Jat,West Bengal,Data Analyst,2169284,29-08-2018,Low
2941,Falan Kala,Female,51,Amritsar,Tripura,Accountant,1701164,06-11-2016,Medium
2942,Zayan Garg,Female,20,Madanapalle,Goa,Business,582173,14-11-2022,Low
2943,Abeer Krishnamurthy,Male,64,Bhatpara,Goa,Software Engineer,2452939,15-05-2026,Low
2944,Qushi Johal,Female,48,Ballia,Tamil Nadu,Doctor,1771760,18-05-2017,Medium
2945,Jhalak Natt,Male,43,Pune,Karnataka,Data Analyst,1549777,09-08-2019,Low
2946,Nathaniel Pal,Female,32,Silchar,Karnataka,Doctor,1429427,01-10-2018,Low
2947,Aarnav Sharaf,Female,62,Raiganj,Manipur,Teacher,880824,26-05-2017,High
2948,Timothy Setty,Male,70,Secunderabad,Nagaland,Sales Executive,2025711,05-10-2022,Low
2949,Chandani Mody,Female,51,Karnal,Odisha,Farmer,2014192,05-10-2022,Low
2950,Upadhriti Saha,Male,48,Purnia,Nagaland,Lawyer,2110029,14-06-2020,Low
2951,Gaurang Sarin,Male,33,Bijapur,Punjab,Sales Executive,1972063,02-11-2023,Low
2952,Rishi Sodhi,Male,20,Bardhaman,Arunachal Pradesh,Business,675640,06-02-2019,Medium
2953,Kashvi Joshi,Male,66,Panihati,Madhya Pradesh,Business,1856029,24-11-2024,High
2954,Kiaan Thaman,Female,26,Shahjahanpur,Rajasthan,Student,1304162,01-05-2022,Low
2955,Ekalinga Manda,Female,55,Jamshedpur,Manipur,Data Analyst,793367,30-01-2017,Low
2956,Anika Chahal,Female,27,Bhopal,Tamil Nadu,Software Engineer,933938,08-10-2016,Low
2957,Unnati Baria,Male,33,Karimnagar,Madhya Pradesh,Lawyer,389591,09-03-2024,High
2958,Girish Pradhan,Male,57,Udupi,Bihar,Doctor,2265905,19-01-2024,Medium
2959,Madhav Mody,Female,54,Bahraich,Uttarakhand,Farmer,1018852,31-10-2018,Low
2960,Kabir Trivedi,Male,70,Haridwar,Nagaland,Doctor,1297121,07-10-2024,Low
2961,Zayan Korpal,Male,54,Rajahmundry,Gujarat,Student,884646,21-03-2020,Low
2962,Triya Chad,Male,69,Malegaon,Uttarakhand,Farmer,2348462,07-02-2017,Low
2963,Ladli Choudhury,Male,48,Kamarhati,Goa,Accountant,688432,12-03-2021,Low
2964,Rachita Jha,Female,27,Panipat,Uttarakhand,Student,2390665,07-06-2017,Medium
2965,Laban Ranganathan,Female,19,Khora ,Jharkhand,Sales Executive,1361382,25-07-2025,Low
2966,Samar Rajagopalan,Female,61,Bharatpur,Manipur,Business,1816353,02-04-2019,Low
2967,Fiyaz Mander,Female,65,Muzaffarpur,Himachal Pradesh,Teacher,2443578,01-03-2021,Low
2968,Gaurika Taneja,Female,49,Farrukhabad,Uttarakhand,Lawyer,850056,01-01-2026,Medium
2969,Aarav Bains,Male,51,Avadi,Madhya Pradesh,Teacher,2293383,23-11-2020,Low
2970,Pushti Palla,Male,29,Gorakhpur,Himachal Pradesh,Teacher,1909054,12-10-2022,Medium
2971,Frederick Pillay,Female,57,Varanasi,Tripura,Sales Executive,1231456,01-02-2019,Medium
2972,Hritik Nayak,Female,62,Sirsa,Rajasthan,Student,1982557,09-03-2020,Low
2973,Om Pall,Female,45,Bellary,Andhra Pradesh,Sales Executive,2396386,12-03-2018,Low
2974,Pavani Sur,Female,28,Ongole,Chhattisgarh,Software Engineer,1128544,02-12-2024,Medium
2975,Yachana Bhagat,Female,67,Ambala,Arunachal Pradesh,Data Analyst,2440507,21-01-2020,Low
2976,Manthan Bala,Male,50,Sasaram,Telangana,Farmer,2311725,04-02-2026,High
2977,Yashasvi Kakar,Male,51,Madhyamgram,Uttarakhand,Doctor,779321,08-12-2023,Low
2978,Bhanumati Sarkar,Male,70,Rajahmundry,Manipur,Software Engineer,2387611,27-10-2018,Low
2979,Chandran Bains,Female,46,North Dumdum,Chhattisgarh,Doctor,2491001,10-09-2023,High
2980,Megha Edwin,Male,68,Dewas,Haryana,Doctor,513207,07-04-2022,Low
2981,Nilima Dixit,Male,37,Jaipur,Arunachal Pradesh,Business,1392814,20-12-2023,Low
2982,Ranbir Chacko,Female,37,Kottayam,Tamil Nadu,Data Analyst,437352,30-08-2025,Low
2983,Jairaj Sabharwal,Male,63,Asansol,Tamil Nadu,Software Engineer,2218256,15-10-2017,Medium
2984,Sathvik Lad,Male,70,Jabalpur,Karnataka,Teacher,1984975,29-08-2025,Low
2985,Devansh Hayre,Female,26,Singrauli,Tripura,Software Engineer,2251111,08-03-2026,High
2986,Chaaya Prakash,Male,28,Howrah,Chhattisgarh,Lawyer,398857,16-07-2025,High
2987,Orinder Dyal,Male,30,Moradabad,Sikkim,Farmer,506968,21-11-2022,Low
2988,Chanchal Loyal,Female,41,Amaravati,Gujarat,Data Analyst,2268000,22-03-2024,Low
2989,Vihaan Behl,Male,48,Dehradun,Nagaland,Data Analyst,755347,29-09-2023,Low
2990,Charvi Agrawal,Female,42,Bhalswa Jahangir Pur,Madhya Pradesh,Business,446978,17-11-2016,Low
2991,Aditya Sinha,Male,37,Rourkela,Mizoram,Farmer,2333907,13-05-2017,Low
2992,Hemangini Sagar,Male,33,Karawal Nagar,Mizoram,Lawyer,1826332,31-10-2022,Medium
2993,Anya Sengupta,Female,67,Morbi,Telangana,Accountant,2456290,13-04-2026,Low
2994,Balveer Sura,Female,54,Alappuzha,Tripura,Teacher,1518331,06-04-2021,Low
2995,Gopal Thaker,Male,68,Dewas,Goa,Lawyer,949196,07-08-2024,Medium
2996,Zaitra Venkatesh,Male,42,Vadodara,Uttar Pradesh,Doctor,1820398,02-11-2023,Low
2997,Jack Narang,Female,70,Ludhiana,Uttarakhand,Doctor,720159,14-08-2017,High
2998,Ojas Keer,Female,45,Panchkula,Tamil Nadu,Farmer,1576737,14-02-2026,Low
2999,Lavanya Dugar,Male,28,Siwan,Himachal Pradesh,Accountant,2301441,03-12-2022,Low
3000,Hiral Parikh,Female,54,Kamarhati,Tamil Nadu,Software Engineer,1677312,04-04-2022,Low
3001,Kai Toor,Female,40,Chittoor,Tamil Nadu,Data Analyst,1432527,20-03-2020,High
3002,Zansi Cheema,Female,62,Ghaziabad,Nagaland,Teacher,1248294,22-05-2020,Low
3003,Aashi Prabhakar,Female,49,Indore,Odisha,Software Engineer,1338130,15-10-2025,High
3004,Yuvraj Virk,Male,42,Katni,Tripura,Data Analyst,1069919,31-05-2019,Low
3005,Pranit Kale,Male,29,Bidar,Telangana,Teacher,400576,05-01-2020,Low
3006,Daniel Tandon,Male,32,Bharatpur,Sikkim,Student,528263,29-09-2019,Medium
3007,Daniel Bhatia,Male,34,Sirsa,West Bengal,Business,950293,11-01-2017,Low
3008,Ati Mohanty,Male,68,Maheshtala,Meghalaya,Doctor,1797528,09-01-2020,Low
3009,Tanveer Bhavsar,Male,50,Jalandhar,Punjab,Accountant,378375,23-07-2024,Medium
3010,Madhavi Sur,Male,28,Rewa,Andhra Pradesh,Business,1878643,03-12-2022,Low
3011,Ekavir Sama,Male,47,Bhagalpur,Haryana,Student,1894296,10-05-2020,Low
3012,Qarin Ghose,Male,46,Tirupati,Odisha,Teacher,1088123,07-03-2020,Low
3013,Meera Brar,Female,62,Bhind,Meghalaya,Data Analyst,913306,16-10-2017,Low
3014,Sudiksha Prabhakar,Female,49,Nandyal,Himachal Pradesh,Doctor,2366048,11-11-2022,High
3015,Devika Deol,Female,45,Hospet,Goa,Lawyer,1963699,28-01-2017,Low
3016,Lakshmi Prashad,Female,52,Ludhiana,West Bengal,Teacher,2304108,12-04-2024,Low
3017,Balvan Nayar,Female,27,Kalyan-Dombivli,Chhattisgarh,Farmer,1850270,14-12-2024,Medium
3018,Wakeeta Bhavsar,Female,59,Bhilai,West Bengal,Farmer,597556,07-01-2026,Low
3019,Rachana Agarwal,Female,20,Arrah,Telangana,Lawyer,583159,21-12-2023,Low
3020,Tanish Contractor,Female,70,Amritsar,Himachal Pradesh,Business,853943,16-07-2026,High
3021,Nimrat Venkatesh,Female,33,Gandhinagar,Haryana,Lawyer,1840610,24-09-2023,High
3022,Lopa Gandhi,Male,66,Howrah,Meghalaya,Sales Executive,301600,04-02-2018,Low
3023,Wazir Vig,Male,52,Mira-Bhayandar,Maharashtra,Sales Executive,2300106,18-12-2016,Medium
3024,Isha Patel,Female,34,Ahmednagar,Kerala,Farmer,1584138,11-05-2022,Low
3025,Maya Bedi,Male,51,Nanded,Tamil Nadu,Business,1169725,02-07-2017,Low
3026,Kashish Tara,Female,18,South Dumdum,Bihar,Teacher,1783735,01-12-2024,Medium
3027,Nachiket Bhakta,Male,25,Parbhani,Maharashtra,Lawyer,978937,11-05-2018,Low
3028,Zinal Sandhu,Female,63,Satna,Kerala,Student,1688569,18-03-2021,Low
3029,Omya Parsa,Female,34,Kharagpur,Uttarakhand,Sales Executive,240730,08-06-2018,High
3030,Rachit Nadig,Female,47,Sri Ganganagar,Odisha,Data Analyst,2002993,07-09-2024,Low
3031,Bachittar Devan,Female,26,Madhyamgram,Madhya Pradesh,Lawyer,2414840,08-04-2018,Low
3032,Jatin Sastry,Male,69,Saharsa,Odisha,Data Analyst,701282,01-09-2021,Medium
3033,Patrick Chana,Female,22,Malda,Uttar Pradesh,Data Analyst,585814,07-03-2019,Low
3034,Banjeet Doshi,Male,65,Warangal,Arunachal Pradesh,Teacher,2109639,01-08-2021,Low
3035,Ishanvi Mitra,Female,30,Kozhikode,Manipur,Farmer,358187,10-04-2026,Medium
3036,Charan Khurana,Female,61,Sagar,Odisha,Accountant,2334158,16-12-2022,Low
3037,Nitara Nair,Female,66,Patna,Uttar Pradesh,Teacher,1127741,20-09-2022,Medium
3038,Ucchal Bedi,Male,52,Bhopal,Andhra Pradesh,Accountant,2152673,17-05-2018,Medium
3039,Wakeeta Koshy,Male,25,Vijayawada,Tripura,Farmer,753777,29-07-2017,Low
3040,Forum Dara,Male,41,Thanjavur,Meghalaya,Software Engineer,393758,03-07-2020,Medium
3041,Anita Talwar,Female,41,Eluru,Odisha,Teacher,1642170,25-08-2024,Low
3042,Pahal Kalla,Male,48,Chennai,West Bengal,Lawyer,792646,23-07-2026,Low
3043,Anika Oak,Male,62,Tirupati,Gujarat,Farmer,331373,26-01-2019,Low
3044,Qadim Wali,Female,59,Bettiah,Manipur,Business,1343776,03-03-2025,Medium
3045,Warhi Tailor,Male,33,Ahmednagar,Goa,Business,1889079,05-08-2021,Low
3046,Ishita Manne,Female,37,Satara,Kerala,Lawyer,927121,18-06-2024,Low
3047,Wriddhish Oza,Male,67,Sambhal,Tamil Nadu,Business,981721,15-08-2024,High
3048,Ridhi Sengupta,Male,29,Kolkata,Chhattisgarh,Lawyer,2257925,07-06-2026,Medium
3049,Wridesh Natt,Male,50,Mathura,West Bengal,Farmer,2001000,19-07-2019,Low
3050,Tanveer Thaman,Male,38,Tadepalligudem,Tripura,Business,1808227,15-08-2024,High
3051,Siddharth Sandal,Female,25,Bhagalpur,Arunachal Pradesh,Software Engineer,1541590,11-09-2017,Low
3052,Urvi Varughese,Female,42,Khandwa,Tripura,Farmer,1153623,11-09-2021,Medium
3053,Fariq Mitra,Female,39,Sirsa,Kerala,Software Engineer,744431,07-10-2023,Low
3054,Nakul Ganesan,Male,21,Kottayam,Nagaland,Software Engineer,1005954,08-02-2023,Low
3055,Arin Dada,Female,36,Ranchi,Uttarakhand,Data Analyst,2104141,09-01-2024,High
3056,Ijaya Nair,Male,59,Rajahmundry,Telangana,Teacher,2388709,29-03-2019,High
3057,Gunbir Bhandari,Male,24,Chandigarh,Telangana,Software Engineer,2374467,29-12-2016,Low
3058,Lakshmi Thaman,Female,20,Nashik,Odisha,Doctor,1278110,31-12-2018,Low
3059,Bhanumati Sood,Male,61,Ghaziabad,Meghalaya,Doctor,1367916,05-03-2024,Low
3060,Guneet Nayak,Female,22,Phusro,Telangana,Lawyer,1160898,08-06-2024,Low
3061,Advay Thaker,Female,67,Shimla,Uttar Pradesh,Teacher,1314756,19-03-2021,Low
3062,Vedhika Buch,Female,37,Howrah,Karnataka,Data Analyst,2061445,24-07-2023,Low
3063,Chakradhar Date,Male,67,Katni,Karnataka,Doctor,2245136,03-05-2020,Medium
3064,Falguni Naidu,Male,47,Bidar,Andhra Pradesh,Doctor,214485,21-01-2020,Low
3065,Zaitra Sarraf,Male,52,Buxar,Sikkim,Data Analyst,264395,02-02-2018,Low
3066,Wazir Shanker,Female,57,Vellore,Assam,Teacher,1574568,02-11-2025,Low
3067,Saanvi Kar,Female,70,Visakhapatnam,West Bengal,Accountant,1757513,17-07-2018,High
3068,Omaja Buch,Female,66,Ongole,Himachal Pradesh,Doctor,2456908,22-11-2025,Medium
3069,Zaitra More,Male,33,Davanagere,Tripura,Lawyer,2130330,01-01-2025,Low
3070,Baljiwan Dewan,Male,47,Mehsana,Arunachal Pradesh,Doctor,2197270,07-06-2017,Low
3071,Vamakshi More,Male,33,Ramgarh,Jharkhand,Software Engineer,627314,21-09-2021,Medium
3072,Udarsh Purohit,Female,26,Patiala,Tamil Nadu,Farmer,1667137,18-12-2021,Low
3073,Amaira Sahni,Female,65,Vijayawada,Assam,Business,1176695,10-12-2022,Medium
3074,Vihaan Dyal,Male,24,Bhilwara,Tripura,Sales Executive,654152,03-07-2022,Medium
3075,Warjas Ranganathan,Female,40,Mysore,Madhya Pradesh,Doctor,1284538,24-08-2023,Low
3076,Sudiksha Uppal,Female,70,Panvel,Jharkhand,Sales Executive,1315742,29-05-2023,Low
3077,Neel Muni,Female,52,Yamunanagar,Karnataka,Accountant,1058119,31-01-2020,Low
3078,Nathan Bhagat,Female,69,Rajkot,Haryana,Lawyer,1489239,29-04-2021,Low
3079,Yachana Krishnan,Male,25,Bangalore,Karnataka,Student,1225444,02-12-2025,High
3080,Leela Dugar,Male,30,Gangtok,Karnataka,Data Analyst,731803,12-03-2026,Low
3081,Sara Dara,Female,30,Jalna,Haryana,Lawyer,1867808,12-09-2024,High
3082,Diya Bhasin,Female,36,Sonipat,Sikkim,Student,1393525,21-10-2017,Low
3083,Vedika Bawa,Female,29,Etawah,Andhra Pradesh,Farmer,1741097,03-08-2025,Medium
3084,Hemang Mistry,Male,27,Tiruvottiyur,Odisha,Accountant,828085,25-09-2021,Low
3085,Hemal Nigam,Male,37,Sambhal,Haryana,Data Analyst,466364,06-03-2017,Low
3086,Darpan Cheema,Female,46,Alappuzha,Rajasthan,Software Engineer,1348982,05-06-2021,High
3087,Radhika Buch,Male,57,Saharsa,Himachal Pradesh,Accountant,1818025,07-03-2026,Low
3088,Aarna Yogi,Female,55,Deoghar,Jharkhand,Doctor,258775,26-12-2016,Medium
3089,Jonathan Mand,Male,57,Khandwa,Madhya Pradesh,Data Analyst,866543,02-09-2021,Low
3090,Adweta Vasa,Male,22,Solapur,Karnataka,Accountant,544028,04-02-2017,Medium
3091,Gopal Solanki,Female,47,Unnao,Jharkhand,Student,317304,29-12-2017,High
3092,Theodore Shah,Female,18,Guntakal,West Bengal,Software Engineer,1544726,06-05-2022,Low
3093,Abeer Contractor,Male,31,Bathinda,Haryana,Business,1963225,19-08-2019,Low
3094,Theodore Das,Male,32,Guna,Manipur,Software Engineer,708230,19-09-2018,Low
3095,Mohammed Randhawa,Male,55,Lucknow,Kerala,Business,2282562,29-06-2026,Low
3096,Eesha Lall,Male,27,Jalna,Himachal Pradesh,Sales Executive,1107348,31-05-2021,Low
3097,Vedant Krishnan,Female,30,Nagercoil,Uttar Pradesh,Data Analyst,1141539,13-10-2021,Low
3098,Nidra Bali,Female,51,Bhavnagar,Madhya Pradesh,Data Analyst,1533887,24-09-2023,Low
3099,Ojas Sani,Female,54,Jaipur,Odisha,Teacher,1447388,08-09-2020,Low
3100,Sachi Morar,Female,49,South Dumdum,Karnataka,Business,2248374,04-03-2017,Medium
3101,Bhavya Kalita,Female,23,Begusarai,Madhya Pradesh,Teacher,2218618,28-03-2025,Low
3102,Lucky Lad,Female,42,Jammu,Maharashtra,Sales Executive,1216466,02-02-2020,Low
3103,Shravya Walla,Male,65,Guwahati,Bihar,Doctor,1915871,07-01-2024,Low
3104,Falak Balan,Male,40,Chapra,Goa,Business,1993193,12-01-2018,Low
3105,Jeet Dewan,Male,61,Shimoga,Himachal Pradesh,Doctor,1799618,17-10-2017,High
3106,Brinda Amble,Female,31,Nellore,Goa,Software Engineer,1974117,27-06-2020,Low
3107,Peter Goswami,Male,19,Tenali,Punjab,Farmer,2261864,30-06-2024,Medium
3108,Dakshesh Bhatt,Female,45,Vadodara,Odisha,Teacher,2302784,16-01-2021,Low
3109,Vrinda Bhavsar,Male,27,Jalandhar,Assam,Business,1626539,29-10-2023,High
3110,Saksham Ben,Female,53,Srinagar,Andhra Pradesh,Teacher,1728246,27-01-2025,Low
3111,Aarini Talwar,Female,31,Alwar,Karnataka,Sales Executive,1009472,28-04-2026,Low
3112,Faris Pall,Female,65,Bihar Sharif,Mizoram,Student,2115658,12-07-2026,Low
3113,Rajata Kibe,Male,61,Thanjavur,Telangana,Software Engineer,2238749,01-04-2025,High
3114,Advaith Sahni,Female,25,Saharanpur,Manipur,Doctor,1954088,28-04-2021,Low
3115,Varsha Kuruvilla,Female,47,Silchar,Bihar,Farmer,350803,14-04-2017,Low
3116,Nathan Prabhakar,Male,69,Unnao,West Bengal,Data Analyst,726327,29-10-2024,Medium
3117,Yatin Kari,Male,35,Madanapalle,Meghalaya,Student,364573,06-04-2024,Low
3118,Imaran Guha,Female,53,Avadi,Goa,Farmer,542789,14-10-2023,Low
3119,Tara Jha,Female,25,Ambarnath,Nagaland,Teacher,668279,01-04-2020,Low
3120,Ridhi Chhabra,Male,56,Bhagalpur,Tripura,Business,2225022,12-08-2022,Low
3121,Mason Narain,Male,43,Nagaon,Punjab,Software Engineer,760132,29-10-2019,Medium
3122,Hritik Sama,Male,51,Chittoor,Madhya Pradesh,Software Engineer,1895766,04-06-2026,Low
3123,Brinda Mistry,Male,53,Rohtak,Punjab,Business,2496469,05-10-2025,High
3124,Reyansh Wadhwa,Male,40,Mehsana,Punjab,Software Engineer,1269829,11-11-2024,Low
3125,Adya Bedi,Male,57,Ozhukarai,Andhra Pradesh,Teacher,1910247,21-02-2025,Low
3126,Diya Hora,Male,21,Vijayawada,Telangana,Doctor,1089044,12-10-2017,Medium
3127,Sara Sheth,Female,50,Raichur,Rajasthan,Data Analyst,658865,29-03-2024,Low
3128,Mitali Gara,Male,34,Tiruvottiyur,Punjab,Sales Executive,2295110,10-05-2021,Low
3129,George Sankar,Male,34,Ajmer,Kerala,Accountant,795085,29-10-2021,Low
3130,Darika Saxena,Male,60,Hosur,Arunachal Pradesh,Lawyer,449748,02-10-2023,Low
3131,Azad Acharya,Female,26,Allahabad,Chhattisgarh,Doctor,1923926,23-08-2018,High
3132,Jeevika Purohit,Female,59,Tezpur,Meghalaya,Lawyer,1164865,16-10-2018,Low
3133,Frederick Bedi,Female,33,South Dumdum,Karnataka,Lawyer,273044,26-11-2024,Low
3134,Farhan Dyal,Female,35,Maheshtala,Gujarat,Data Analyst,1664293,03-02-2021,Low
3135,Yadavi Pandey,Male,18,Vasai-Virar,West Bengal,Accountant,1403011,28-04-2018,Low
3136,Chaitanya Sahni,Female,27,Orai,Tripura,Teacher,1887356,18-03-2025,Low
3137,Tristan Mody,Male,54,Asansol,Odisha,Accountant,2140667,03-12-2025,Low
3138,Chakradev Saran,Female,29,Raiganj,Assam,Business,2251661,26-05-2019,Low
3139,Gagan Oza,Female,40,Pune,Sikkim,Student,1121724,15-10-2024,Low
3140,Nirja Sawhney,Male,56,Tenali,Jharkhand,Doctor,2416309,17-05-2019,High
3141,Arin Keer,Female,69,Latur,Madhya Pradesh,Sales Executive,1955398,15-02-2017,Low
3142,Samaksh Singhal,Male,42,Hazaribagh,Mizoram,Sales Executive,2018800,26-07-2017,Low
3143,Varenya Ramanathan,Male,67,Kolkata,Chhattisgarh,Student,1961274,25-05-2022,Low
3144,Gaurika Batra,Male,69,Thiruvananthapuram,Uttar Pradesh,Doctor,983663,03-03-2025,Medium
3145,Priya Minhas,Male,69,Jamalpur,Madhya Pradesh,Software Engineer,646285,03-04-2026,Low
3146,Veda Kothari,Female,43,Aizawl,West Bengal,Accountant,2171751,14-05-2017,Low
3147,Ikshita Sood,Male,46,Siliguri,Mizoram,Lawyer,1406040,09-03-2020,Low
3148,Nidhi Jain,Male,58,Warangal,Sikkim,Software Engineer,1262196,17-09-2018,Low
3149,Faras Dewan,Male,23,Jaunpur,Odisha,Accountant,1273834,12-12-2021,Low
3150,Jeet Pillay,Female,39,Maheshtala,Rajasthan,Farmer,2026459,29-05-2026,Medium
3151,Kalpit Chad,Male,54,Begusarai,Madhya Pradesh,Software Engineer,833610,26-08-2019,High
3152,Tanay Palan,Male,19,Chinsurah,Jharkhand,Software Engineer,580236,08-06-2021,Low
3153,Qabil Madan,Male,43,Loni,Haryana,Farmer,2135491,05-10-2017,Low
3154,Onkar Mahal,Male,55,Gangtok,Meghalaya,Data Analyst,659774,15-08-2022,Low
3155,Gautami Tata,Female,52,Akola,Kerala,Sales Executive,621527,03-04-2020,Low
3156,Gaurika Hans,Male,40,Ahmednagar,Nagaland,Teacher,2467184,27-04-2019,Low
3157,Benjamin Dey,Female,24,Jaunpur,Uttar Pradesh,Accountant,317652,09-04-2023,Low
3158,Vasudha Krishnamurthy,Male,61,Sonipat,Odisha,Sales Executive,1468114,06-06-2019,Low
3159,Chandresh Shanker,Male,66,Nagaon,Kerala,Farmer,1658433,19-03-2021,Low
3160,Ekansh Saha,Female,69,Jamnagar,West Bengal,Business,2463981,30-06-2020,Low
3161,Charita Nadig,Male,24,Kavali,Andhra Pradesh,Business,831971,10-01-2024,Low
3162,Jatin Shroff,Female,21,Amaravati,Gujarat,Business,1041241,27-12-2023,Medium
3163,Bahadurjit Chakraborty,Female,35,Uluberia,Tamil Nadu,Lawyer,1085081,26-02-2026,Medium
3164,Sneha Gaba,Female,41,Rajkot,Arunachal Pradesh,Data Analyst,1032766,22-08-2016,Low
3165,Balhaar Natt,Male,49,Parbhani,Andhra Pradesh,Sales Executive,1374999,28-07-2020,Low
3166,Darpan Borra,Male,37,Vijayawada,Maharashtra,Doctor,788854,20-11-2022,Medium
3167,Advay Saran,Female,33,Chittoor,Chhattisgarh,Software Engineer,627766,29-07-2023,Low
3168,Jyoti Wason,Male,60,Bongaigaon,Manipur,Business,1280826,23-12-2017,High
3169,Sarthak Lala,Male,24,Ajmer,Tamil Nadu,Software Engineer,1001214,16-09-2024,Low
3170,Lohit Shroff,Male,41,Haldia,Telangana,Software Engineer,619950,09-04-2018,Medium
3171,Avi Doctor,Female,22,Bardhaman,Maharashtra,Business,1634278,03-06-2023,High
3172,Krisha Mahal,Male,35,Parbhani,Jharkhand,Sales Executive,2494136,26-11-2023,High
3173,Ira Seth,Female,67,Chandrapur,Odisha,Data Analyst,457324,01-04-2018,Low
3174,Jeet Bhardwaj,Female,24,Agra,Andhra Pradesh,Student,590308,13-03-2024,Medium
3175,Baghyawati Khurana,Male,51,Lucknow,Maharashtra,Data Analyst,1749932,12-10-2016,Low
3176,Bachittar Morar,Male,69,Thrissur,Uttarakhand,Doctor,1626949,10-01-2025,Low
3177,Aadhya Mander,Male,39,Guna,Tamil Nadu,Lawyer,542386,22-04-2026,High
3178,Joshua Shanker,Female,69,Gurgaon,Kerala,Data Analyst,2215418,13-02-2025,Low
3179,Umang Sahni,Female,62,Latur,Nagaland,Lawyer,878137,08-09-2021,Low
3180,Aradhana Shanker,Female,51,Raiganj,Odisha,Sales Executive,843683,11-09-2017,Low
3181,Nachiket Garde,Female,49,Katihar,Jharkhand,Data Analyst,857893,10-06-2024,Low
3182,Brinda Dyal,Male,55,Solapur,Chhattisgarh,Software Engineer,900368,11-02-2025,Low
3183,Sachi Kannan,Male,25,Bhopal,Meghalaya,Lawyer,1394449,30-05-2018,Low
3184,Alka Borra,Female,41,Muzaffarpur,Gujarat,Sales Executive,1116433,19-02-2017,Low
3185,Yochana Keer,Female,65,Raichur,Telangana,Business,1690623,23-09-2022,High
3186,Wazir Prashad,Male,42,Kadapa,Manipur,Student,634928,28-09-2020,Low
3187,Chatresh Palan,Female,53,Farrukhabad,Meghalaya,Accountant,1765851,08-10-2016,Medium
3188,Aarush Khurana,Male,27,Durg,Uttar Pradesh,Sales Executive,1412478,04-08-2019,Low
3189,Manya Prabhu,Female,49,Pali,Tripura,Student,2357488,11-07-2020,Low
3190,Libni Rama,Female,39,Bidar,Chhattisgarh,Sales Executive,1225132,12-08-2017,Low
3191,Tejas Chahal,Female,24,Aurangabad,Gujarat,Business,373201,27-07-2023,Low
3192,Arjun Chatterjee,Male,38,Gulbarga,Haryana,Lawyer,2109029,20-05-2017,Low
3193,Nachiket Sharma,Female,27,Bhopal,Rajasthan,Doctor,761922,10-09-2025,Low
3194,Ekantika Gandhi,Male,63,Serampore,Meghalaya,Lawyer,1305113,17-03-2021,Low
3195,Ekiya Taneja,Female,28,Dibrugarh,West Bengal,Farmer,345743,09-06-2023,Low
3196,Prisha Bakshi,Male,21,Bareilly,Bihar,Sales Executive,347443,27-04-2026,Low
3197,Ekaraj Halder,Male,67,Sagar,Karnataka,Sales Executive,1697532,07-02-2025,High
3198,Lekha Pingle,Male,55,Nagaon,Assam,Doctor,482379,07-03-2017,Low
3199,Panini Johal,Male,32,Madhyamgram,Uttarakhand,Data Analyst,1482196,12-04-2020,Low
3200,Januja Chana,Male,53,Erode,Uttar Pradesh,Accountant,411534,01-05-2019,Low
3201,Bishakha Dutt,Female,42,Aligarh,Nagaland,Software Engineer,1558326,26-12-2021,Low
3202,Baljiwan Singhal,Male,24,Kota,Himachal Pradesh,Software Engineer,347231,17-07-2025,Low
3203,Raksha Magar,Male,39,Madanapalle,Chhattisgarh,Sales Executive,794688,06-01-2025,Low
3204,Varsha Shukla,Female,46,Jamshedpur,Assam,Sales Executive,417003,28-06-2019,Low
3205,Widisha Kannan,Female,38,Fatehpur,Telangana,Data Analyst,1865767,01-06-2023,Medium
3206,Varenya Comar,Female,49,Morbi,Odisha,Doctor,1629832,01-11-2019,Low
3207,Tripti Naidu,Male,49,Navi Mumbai,Sikkim,Teacher,1033226,05-04-2018,Medium
3208,Ishwar Bali,Female,37,Panvel,Telangana,Business,1075260,25-07-2019,Low
3209,Triya Chand,Male,64,Kavali,Kerala,Lawyer,1180845,17-11-2019,Low
3210,Udant Dey,Female,44,Bongaigaon,Manipur,Doctor,1311279,18-09-2022,Low
3211,Megha Setty,Female,23,Barasat,Nagaland,Doctor,650470,30-01-2024,Low
3212,Devansh Nagi,Male,40,Khandwa,Tripura,Doctor,1532454,09-05-2018,Low
3213,Maanav Deshmukh,Male,54,Faridabad,Tamil Nadu,Student,264334,17-11-2024,Low
3214,Mitesh Salvi,Female,26,Amroha,Uttar Pradesh,Business,492157,19-10-2021,Low
3215,Henry Sule,Female,50,Loni,Himachal Pradesh,Teacher,2053306,28-04-2023,Medium
3216,Laban Sharaf,Male,55,Orai,Nagaland,Farmer,1643246,06-09-2018,Low
3217,Hemal Padmanabhan,Male,21,Jehanabad,Odisha,Business,361322,04-12-2017,Low
3218,Chatresh Kaur,Female,63,Nagaon,Sikkim,Student,253039,27-07-2021,Medium
3219,Dev Buch,Male,45,Hapur,Chhattisgarh,Sales Executive,2327717,06-01-2021,Low
3220,Reva Apte,Female,20,Dharmavaram,Telangana,Data Analyst,1238602,09-09-2022,Low
3221,Zilmil Pal,Male,53,Singrauli,Bihar,Business,2288268,15-01-2020,Low
3222,Vasana Karnik,Male,57,Nellore,Tripura,Accountant,528801,23-04-2018,Low
3223,Jhalak Pradhan,Female,65,Karawal Nagar,Rajasthan,Doctor,952961,20-09-2024,Medium
3224,Chandran Dube,Female,70,Dewas,Meghalaya,Business,1270130,25-07-2022,Low
3225,Alka Sem,Male,68,Varanasi,Karnataka,Lawyer,1021314,05-08-2018,Low
3226,Harsh Sankaran,Female,39,Alwar,Chhattisgarh,Business,2122124,21-02-2025,Low
3227,Upma Ganesan,Female,24,Belgaum,Telangana,Student,1852883,13-11-2024,Low
3228,Hemang Dube,Female,29,Hindupur,Meghalaya,Software Engineer,215996,26-10-2022,Low
3229,Upkaar Vora,Female,49,Nagpur,Telangana,Software Engineer,1947269,29-06-2019,Low
3230,Oviya Mitra,Male,63,Agra,Uttarakhand,Doctor,1373481,12-02-2018,High
3231,Brinda Dora,Male,70,Durg,Odisha,Sales Executive,737541,04-01-2020,Low
3232,Maanas Chakrabarti,Female,68,Tadipatri,Uttarakhand,Sales Executive,375728,15-01-2022,Medium
3233,Kalpit Purohit,Male,52,Visakhapatnam,Sikkim,Teacher,1369104,28-02-2021,Low
3234,Yashoda Dhingra,Female,68,Hubli–Dharwad,Uttar Pradesh,Sales Executive,1463865,16-09-2021,Low
3235,Aahana Sarkar,Female,62,Tiruvottiyur,Kerala,Accountant,2338634,06-04-2022,Low
3236,Saksham Baral,Female,45,Delhi,Sikkim,Teacher,1318528,15-05-2019,High
3237,Christopher Yadav,Male,56,Chennai,Meghalaya,Teacher,204545,31-12-2024,High
3238,Anay Parikh,Female,60,Rohtak,Punjab,Lawyer,547425,10-04-2025,Low
3239,Janya Singhal,Female,51,Latur,Assam,Doctor,1017111,29-09-2018,Low
3240,Watika Anne,Female,52,Thane,Karnataka,Lawyer,1193614,30-01-2019,Low
3241,Advaith Shroff,Female,27,Katni,Odisha,Doctor,1290040,03-10-2020,Medium
3242,Mason Doctor,Female,54,Kavali,Karnataka,Farmer,502223,11-07-2026,Low
3243,Jeevika Kadakia,Female,40,Barasat,Tamil Nadu,Teacher,2102048,26-09-2025,Low
3244,Guneet Dua,Male,50,Jehanabad,Manipur,Accountant,1367841,16-01-2023,Low
3245,Amara Loke,Male,48,Vasai-Virar,Bihar,Accountant,1891362,21-01-2019,Low
3246,Hema Varkey,Male,70,Avadi,Madhya Pradesh,Accountant,633867,30-03-2026,Low
3247,Tamanna Mangat,Female,63,Raiganj,Goa,Farmer,789899,01-02-2018,Low
3248,Gavin Kapur,Female,39,Kamarhati,Maharashtra,Teacher,2392461,29-03-2023,Low
3249,Samuel Hayre,Male,69,Anantapuram,Mizoram,Software Engineer,2200738,12-06-2023,Low
3250,Watika Dash,Female,30,Bathinda,Gujarat,Data Analyst,2376029,22-09-2023,Medium
3251,Devika Contractor,Male,54,Gopalpur,Odisha,Student,1324761,10-10-2019,High
3252,Onveer Dave,Female,51,Salem,Jharkhand,Accountant,434725,08-11-2016,Low
3253,David Chauhan,Male,47,Kishanganj,Odisha,Sales Executive,792631,17-01-2018,Low
3254,Robert Dhingra,Male,61,Ghaziabad,Jharkhand,Business,332770,29-04-2023,Low
3255,Ucchal Dua,Female,55,Surat,Odisha,Lawyer,625585,14-02-2019,Low
3256,Hemal Raj,Female,69,Raurkela Industrial Township,Tamil Nadu,Accountant,2265845,10-02-2017,High
3257,Saanvi Char,Male,39,Alappuzha,West Bengal,Data Analyst,1720644,27-12-2025,Low
3258,Prisha Singh,Female,26,Bhagalpur,Uttar Pradesh,Teacher,535098,11-03-2025,Low
3259,Logan Jaggi,Female,27,Bongaigaon,Bihar,Accountant,2092770,03-02-2017,Low
3260,Sanaya Manda,Female,44,Bhind,Chhattisgarh,Software Engineer,2249174,30-11-2020,Low
3261,Yasti Gaba,Male,39,Uluberia,Goa,Teacher,1891625,22-02-2019,Medium
3262,Ekantika Mishra,Male,49,Chandigarh,Uttarakhand,Data Analyst,2400902,24-10-2022,Low
3263,Avni Vasa,Female,21,Ongole,West Bengal,Business,1637853,07-03-2018,Low
3264,Gauri Rai,Female,22,Tiruppur,Maharashtra,Accountant,552168,14-07-2020,Medium
3265,Chasmum Mukhopadhyay,Female,20,Khammam,Arunachal Pradesh,Student,620861,15-09-2016,High
3266,Chanakya Toor,Female,70,Kulti,Madhya Pradesh,Accountant,1557200,21-02-2025,Low
3267,Azad Kaur,Female,18,Ozhukarai,Tripura,Software Engineer,1751176,24-07-2021,Low
3268,Kala Gandhi,Female,40,Mirzapur,Gujarat,Doctor,2311355,17-09-2021,Low
3269,Deepa Devan,Male,35,Bidar,Telangana,Software Engineer,1394413,05-09-2022,High
3270,Shravya Luthra,Female,41,Dhule,Odisha,Doctor,2382588,23-11-2022,Low
3271,Rachana Ramachandran,Male,65,Jalandhar,Bihar,Software Engineer,864506,26-04-2022,Low
3272,Urvashi Sagar,Male,23,Thanjavur,Sikkim,Business,1397489,06-05-2019,Low
3273,Tarak Hans,Female,36,Giridih,Mizoram,Business,1083147,13-02-2024,Low
3274,Harini Bhattacharyya,Male,62,Allahabad,Andhra Pradesh,Student,1802203,29-07-2018,Low
3275,Omkaar Ahluwalia,Female,50,Sambhal,Telangana,Sales Executive,592225,16-06-2025,High
3276,Hredhaan Pall,Male,44,Darbhanga,Arunachal Pradesh,Software Engineer,1599512,08-03-2025,Low
3277,Nandini Khare,Female,50,Dharmavaram,Tripura,Sales Executive,640947,30-04-2017,Medium
3278,Hamsini Rastogi,Female,68,Guntur,Manipur,Teacher,1728200,29-01-2022,Low
3279,Mekhala Dada,Male,20,Bhatpara,Himachal Pradesh,Business,1694802,26-04-2021,Low
3280,Mason Arya,Male,31,New Delhi,Uttar Pradesh,Data Analyst,2206877,04-03-2020,Low
3281,Rachana Ratta,Male,67,Morbi,Haryana,Business,1881795,28-10-2021,Low
3282,Hema Rajan,Female,60,Bhiwani,Andhra Pradesh,Accountant,248849,12-01-2022,Medium
3283,Ishani Prabhu,Male,49,Jamnagar,Goa,Lawyer,2245722,25-01-2019,Low
3284,Rishi Narayanan,Male,49,Jammu,Uttar Pradesh,Software Engineer,261271,09-03-2026,Low
3285,Wishi Nayak,Male,60,Barasat,Uttarakhand,Doctor,1069339,23-06-2018,Low
3286,Bachittar Agarwal,Female,37,Solapur,Manipur,Doctor,1412661,19-04-2022,High
3287,Chaman Parmar,Female,63,Barasat,Tripura,Accountant,2351462,29-01-2019,Low
3288,Gagan Bhatnagar,Female,54,Sonipat,Nagaland,Accountant,1427225,22-08-2021,Low
3289,Udarsh Saraf,Female,18,Amravati,Uttarakhand,Accountant,2244256,07-08-2020,Low
3290,Varenya Khalsa,Female,24,Mahbubnagar,Tripura,Sales Executive,939274,25-12-2017,Low
3291,Harsh Venkataraman,Female,26,Jalgaon,Kerala,Student,1818789,06-02-2021,Low
3292,Divya Madan,Male,28,Shahjahanpur,Assam,Doctor,683937,09-09-2024,High
3293,Idika Bajwa,Female,57,Salem,Madhya Pradesh,Lawyer,1744946,15-02-2026,Low
3294,Yachana Sawhney,Female,56,Raiganj,Odisha,Business,1662633,09-12-2021,Low
3295,Aradhana Sanghvi,Female,25,Jorhat,Manipur,Teacher,855305,10-11-2023,Low
3296,Nicholas Mody,Female,46,Unnao,Mizoram,Doctor,2190029,19-09-2020,Medium
3297,Hemangini Mannan,Female,60,Loni,Punjab,Data Analyst,550751,03-05-2020,Medium
3298,Pahal Murty,Female,20,Bhimavaram,Haryana,Student,1998844,05-08-2023,Low
3299,Aradhana Salvi,Female,24,Morbi,West Bengal,Data Analyst,912848,11-08-2025,Low
3300,Madhavi Das,Male,23,Karawal Nagar,Madhya Pradesh,Farmer,2193258,30-03-2019,Medium
3301,Arunima Kant,Female,55,Mumbai,Mizoram,Accountant,826828,06-09-2022,Low
3302,Gauri Kumer,Female,39,Chinsurah,Manipur,Sales Executive,1457151,30-12-2022,Low
3303,Hitesh Patil,Male,36,Surat,Nagaland,Teacher,2084495,07-01-2025,Low
3304,Sneha Purohit,Female,18,Gangtok,Himachal Pradesh,Software Engineer,1815085,13-05-2022,Low
3305,Om Bobal,Female,59,Muzaffarnagar,Meghalaya,Business,2160609,05-08-2019,Low
3306,Meghana Nigam,Female,48,Durgapur,Meghalaya,Accountant,2247106,31-10-2025,Low
3307,Faraj Bail,Male,60,Malda,Arunachal Pradesh,Accountant,1872099,09-11-2017,Medium
3308,Urvashi Sagar,Male,41,Patna,Andhra Pradesh,Business,2379431,07-09-2022,Low
3309,Maanav Buch,Female,33,Barasat,Jharkhand,Lawyer,2084797,09-10-2022,Low
3310,Waida Morar,Male,19,Barasat,Tripura,Doctor,1741968,23-04-2026,Low
3311,Triya Ramesh,Female,60,Phagwara,West Bengal,Sales Executive,545641,04-09-2022,Low
3312,Frado Kala,Female,24,Hubli–Dharwad,Punjab,Farmer,1410434,14-07-2021,Low
3313,Theodore Kalita,Female,42,Shahjahanpur,Tripura,Teacher,2104144,09-11-2025,Low
3314,Gunbir Shan,Male,69,Bally,Arunachal Pradesh,Sales Executive,2040097,19-10-2023,Low
3315,Anjali Muni,Male,35,Nagaon,Kerala,Accountant,2258558,19-07-2017,Medium
3316,Prisha Ramachandran,Male,20,Jamalpur,Odisha,Teacher,1039319,19-12-2025,Low
3317,Anay Bhat,Male,37,Bally,Kerala,Lawyer,1135055,09-03-2019,Low
3318,Samuel Tara,Female,59,Amroha,Nagaland,Sales Executive,1575437,27-09-2025,Low
3319,Yatin Munshi,Male,41,Thane,Telangana,Farmer,336216,20-01-2017,Low
3320,Zarna Pall,Female,29,Thrissur,Uttar Pradesh,Student,1759430,15-12-2019,Medium
3321,Krishna Murty,Male,56,Firozabad,Himachal Pradesh,Software Engineer,2249170,24-10-2016,Low
3322,Lohit Swamy,Male,20,Katni,Tamil Nadu,Sales Executive,924025,25-08-2022,Low
3323,Manbir Wali,Female,40,Chittoor,Odisha,Sales Executive,1837534,01-05-2020,Low
3324,Jhalak Dalal,Female,33,Gwalior,Arunachal Pradesh,Software Engineer,1907334,30-04-2025,Low
3325,Nikita Andra,Female,30,Latur,Goa,Lawyer,1012795,25-08-2024,High
3326,Avi Radhakrishnan,Female,57,Bhopal,Assam,Student,1879562,16-12-2017,Medium
3327,Sachi Tiwari,Male,70,Tenali,Himachal Pradesh,Doctor,2154386,18-11-2018,Low
3328,Faraj Gopal,Male,43,Amritsar,Mizoram,Accountant,2262384,18-06-2020,Low
3329,Shivansh Ganguly,Female,63,Bhatpara,Uttarakhand,Data Analyst,339245,11-11-2017,Medium
3330,Urvashi Barman,Male,36,Warangal,Haryana,Sales Executive,1390788,17-03-2024,Low
3331,Adya Zachariah,Male,38,Bulandshahr,Mizoram,Data Analyst,2163650,18-06-2023,Low
3332,Dhruv Baria,Female,21,Sangli-Miraj & Kupwad,Kerala,Software Engineer,807564,01-11-2023,Medium
3333,Tanvi Mand,Male,45,Udaipur,Andhra Pradesh,Teacher,1438647,01-02-2023,Low
3334,Abhimanyu Madan,Female,50,Ranchi,Tripura,Doctor,210459,20-04-2017,Low
3335,Girindra Handa,Male,51,Hyderabad,Haryana,Sales Executive,1258429,26-02-2024,Low
3336,Baghyawati Contractor,Male,46,Ajmer,Kerala,Farmer,316961,08-08-2025,Low
3337,Ekantika Babu,Female,37,Mahbubnagar,Manipur,Data Analyst,1793506,02-06-2022,Medium
3338,Tamanna Ganesh,Male,66,Amravati,Kerala,Teacher,444699,24-05-2023,Low
3339,Indali Chadha,Male,36,Warangal,Tamil Nadu,Data Analyst,1407050,29-03-2025,Medium
3340,Ishani Chana,Male,43,Vasai-Virar,Rajasthan,Doctor,272949,18-05-2022,Low
3341,Widisha Saha,Male,58,Gandhinagar,Madhya Pradesh,Student,916084,15-07-2018,Low
3342,Aarush Dugar,Female,23,Bihar Sharif,Uttarakhand,Student,1353666,17-10-2021,High
3343,Osha Ratti,Female,68,Bhind,Manipur,Lawyer,993340,26-06-2025,Low
3344,Omkaar Ram,Male,53,Unnao,Arunachal Pradesh,Sales Executive,932861,20-06-2021,Low
3345,Vasudha Chauhan,Male,41,Orai,Himachal Pradesh,Doctor,273566,10-04-2019,Medium
3346,Manthan Lanka,Male,58,Ulhasnagar,Rajasthan,Data Analyst,663359,05-03-2017,High
3347,Udant Dash,Male,20,Amritsar,Goa,Sales Executive,2398353,14-03-2026,Low
3348,Robert Nair,Male,60,Ramagundam,Punjab,Doctor,611632,02-02-2018,Low
3349,Aachal Menon,Male,37,Raipur,Sikkim,Student,1447608,16-02-2021,Low
3350,Radhika Dubey,Male,66,Muzaffarpur,Goa,Farmer,984347,23-11-2024,Low
3351,Pavani Bhardwaj,Male,40,Tinsukia,Telangana,Student,2331421,11-05-2024,Low
3352,Dayita Bhattacharyya,Female,39,Dehradun,Meghalaya,Teacher,313931,14-03-2024,Low
3353,Nisha Yadav,Female,24,Bhopal,Himachal Pradesh,Lawyer,681629,28-06-2025,Low
3354,Aishani Kuruvilla,Male,33,Tiruvottiyur,Punjab,Accountant,1369096,18-10-2023,High
3355,Osha Kant,Male,48,Ballia,Goa,Accountant,208259,20-09-2021,Low
3356,Jasmit Kannan,Female,26,Machilipatnam,Meghalaya,Student,1373524,23-12-2022,Low
3357,Gaurika Kaul,Male,28,Pallavaram,Gujarat,Student,1165013,22-08-2025,Low
3358,Mahika Sahota,Male,41,Deoghar,Arunachal Pradesh,Accountant,843302,31-05-2026,Medium
3359,Neelima Patel,Male,23,Secunderabad,Karnataka,Teacher,997159,16-01-2023,Low
3360,Falan Sami,Male,34,Hazaribagh,Karnataka,Sales Executive,754367,22-07-2017,Low
3361,Damini Sandal,Female,35,Mau,Uttarakhand,Student,1909379,28-06-2020,Low
3362,Gauri Jani,Female,61,Vijayawada,Mizoram,Lawyer,728725,13-01-2025,Low
3363,Ucchal Natarajan,Female,68,Ghaziabad,Mizoram,Accountant,1082380,28-03-2020,Low
3364,Nihal Raju,Male,24,Alappuzha,Tripura,Farmer,756469,13-03-2022,Low
3365,Yamini Peri,Male,70,Yamunanagar,Mizoram,Business,291041,09-03-2018,Low
3366,Garima Nair,Female,61,Ghaziabad,Tripura,Sales Executive,1824768,10-04-2017,Low
3367,Ishaan Mitra,Male,67,Davanagere,Telangana,Sales Executive,1764325,23-05-2026,Low
3368,Nidra Nadkarni,Female,18,Shimla,Nagaland,Farmer,2436588,28-03-2020,Low
3369,Chakradev Kumer,Female,59,Phagwara,Sikkim,Accountant,1841587,04-03-2024,Low
3370,Gaurang Dalal,Female,64,Unnao,Jharkhand,Teacher,2184380,06-01-2024,Low
3371,Mekhala Vaidya,Female,63,Ujjain,Goa,Business,296843,10-07-2020,Medium
3372,Wahab Goda,Male,39,Panihati,Maharashtra,Sales Executive,1490939,28-10-2023,Medium
3373,Madhavi Mani,Female,21,Gorakhpur,Maharashtra,Sales Executive,1532291,15-07-2025,Medium
3374,Mohammed Ram,Male,38,Akola,Haryana,Lawyer,1959285,23-03-2024,Low
3375,Falguni Kurian,Male,31,Surat,Arunachal Pradesh,Student,2195548,19-10-2022,Low
3376,Lajita Joshi,Female,36,Durgapur,Rajasthan,Accountant,890439,20-11-2020,Medium
3377,Warhi Sami,Male,70,Mathura,Karnataka,Accountant,870168,30-08-2025,Medium
3378,Azad Bhattacharyya,Female,34,Junagadh,Goa,Farmer,1035380,04-06-2022,Low
3379,Gagan Sawhney,Female,56,Burhanpur,Maharashtra,Business,1600533,29-01-2017,Low
3380,Sanaya Shenoy,Female,33,Gandhinagar,Sikkim,Doctor,2405023,11-11-2025,Low
3381,Omisha Chad,Male,47,Hosur,Odisha,Student,307242,04-06-2023,Medium
3382,Nakul Rama,Male,34,Ichalkaranji,Tamil Nadu,Student,353849,09-10-2017,Medium
3383,Bina Luthra,Male,24,Jehanabad,Chhattisgarh,Data Analyst,2373580,19-01-2019,Low
3384,Maya Parmer,Male,30,Tenali,Karnataka,Accountant,1308746,12-01-2021,Medium
3385,Zinal Varty,Female,46,Kolkata,Karnataka,Farmer,941501,29-12-2025,Medium
3386,Anirudh Master,Female,30,Hindupur,Maharashtra,Student,811062,19-01-2019,Low
3387,Karan Jaggi,Female,67,Motihari,Chhattisgarh,Teacher,1507817,08-08-2020,Low
3388,Matthew Panchal,Male,44,Bhiwandi,West Bengal,Teacher,1015900,02-11-2022,Medium
3389,Ati Prabhakar,Male,63,Farrukhabad,Odisha,Farmer,1448185,01-03-2021,Low
3390,Warinder Mitra,Female,66,Tiruvottiyur,Sikkim,Business,351198,04-01-2017,Medium
3391,Rehaan Sane,Male,48,Jalandhar,Uttar Pradesh,Data Analyst,622337,06-08-2016,Low
3392,Azad Dhingra,Male,51,Gaya,Manipur,Doctor,1050592,13-12-2025,Low
3393,Irya Wagle,Male,65,Hyderabad,Chhattisgarh,Doctor,1131818,02-01-2018,Medium
3394,Wridesh Patla,Female,36,Hapur,Kerala,Doctor,2229334,10-06-2020,Low
3395,Mugdha Bhavsar,Female,38,Ajmer,Manipur,Accountant,896278,25-05-2021,Medium
3396,Thomas Acharya,Female,52,Narasaraopet,Bihar,Business,390416,22-12-2022,Low
3397,Yashasvi Basak,Female,20,Firozabad,Assam,Accountant,1139746,20-01-2026,Low
3398,Christopher Bahl,Male,63,Ambala,Punjab,Software Engineer,1159567,21-11-2020,High
3399,Omaja Kulkarni,Female,67,Davanagere,Andhra Pradesh,Doctor,1956551,20-05-2026,Low
3400,Advaith Ravel,Female,22,Ambala,Rajasthan,Data Analyst,1282762,25-11-2020,Low
3401,Yuvraj Lal,Female,34,Motihari,Tripura,Teacher,1789658,04-11-2022,Low
3402,David Kant,Female,49,Morbi,Sikkim,Software Engineer,952098,30-06-2026,Low
3403,Omisha Krishnamurthy,Male,19,Bhavnagar,Madhya Pradesh,Business,375235,19-08-2016,Low
3404,Bhavna Deol,Male,66,Arrah,Kerala,Teacher,744562,13-09-2022,Medium
3405,Gautam Pillai,Male,37,Varanasi,Meghalaya,Teacher,1901759,23-11-2018,Medium
3406,Madhavi Chawla,Male,33,Durgapur,Uttarakhand,Business,2365396,18-04-2019,Low
3407,Yash Lalla,Male,47,Jalna,Madhya Pradesh,Business,1854514,28-09-2020,Low
3408,Shravya Saha,Female,27,Sagar,Bihar,Business,1021216,21-10-2023,Medium
3409,Peter Bera,Male,22,Fatehpur,Uttar Pradesh,Business,247865,07-06-2020,Medium
3410,Andrew Kumar,Male,61,Kanpur,Uttar Pradesh,Accountant,1467002,19-04-2020,Medium
3411,Oliver Sem,Female,69,Anand,Chhattisgarh,Software Engineer,1056421,02-05-2023,Low
3412,Mahika Rama,Male,37,Durg,Kerala,Lawyer,382734,23-12-2016,Low
3413,Januja Nath,Female,63,Mirzapur,Kerala,Student,1646519,14-04-2021,Low
3414,Darsh Bal,Male,66,Vasai-Virar,Punjab,Business,206713,06-11-2018,Low
3415,Zayyan Srinivas,Female,23,Shimla,Himachal Pradesh,Software Engineer,990596,10-10-2018,Low
3416,Tanvi Prasad,Female,29,Chinsurah,Chhattisgarh,Business,1307735,02-01-2022,Medium
3417,Siya Tak,Male,61,Nellore,Uttar Pradesh,Sales Executive,682579,23-04-2021,Low
3418,Lajita Dyal,Male,26,Gudivada,Mizoram,Data Analyst,2309350,12-08-2018,Low
3419,Gaurangi Jani,Female,48,Dhanbad,Bihar,Data Analyst,308195,30-03-2026,Low
3420,Amol Reddy,Male,23,Chennai,Telangana,Data Analyst,779676,15-08-2020,Medium
3421,Ekaraj Borra,Male,54,Bhusawal,Himachal Pradesh,Teacher,1127251,28-10-2017,Low
3422,Ikbal Char,Male,36,Ambala,Uttarakhand,Software Engineer,233465,19-07-2017,Medium
3423,Jeremiah Sarkar,Male,21,Bhubaneswar,Nagaland,Data Analyst,631813,24-11-2019,Low
3424,Sai Vig,Male,54,Cuttack,Tamil Nadu,Software Engineer,1859945,29-09-2019,Low
3425,Mohammed More,Female,34,Yamunanagar,Telangana,Teacher,2312727,05-11-2024,Low
3426,Pushti Talwar,Female,42,Bathinda,Arunachal Pradesh,Data Analyst,1217306,13-07-2021,Low
3427,Balhaar Doshi,Male,43,Ichalkaranji,Jharkhand,Accountant,1230557,15-02-2025,Low
3428,Kashish Dhar,Male,45,Jehanabad,Meghalaya,Accountant,687860,25-11-2023,Low
3429,Hemangini Sahni,Female,51,Bhatpara,Uttar Pradesh,Teacher,1158011,01-03-2024,Low
3430,Arjun Sarma,Male,53,Dhanbad,Bihar,Business,438525,17-06-2018,Low
3431,Sarthak Bhatnagar,Male,58,Adoni,Bihar,Sales Executive,2123254,27-01-2022,Low
3432,Pratyush Mahal,Female,47,Sangli-Miraj & Kupwad,Maharashtra,Data Analyst,600725,15-05-2025,Low
3433,Aayush Bhattacharyya,Female,59,Bokaro,Mizoram,Doctor,1246428,03-09-2020,Low
3434,Reyansh Tank,Female,59,Bilaspur,Himachal Pradesh,Lawyer,1586914,28-04-2026,Low
3435,Onveer Sharaf,Female,21,Kumbakonam,Mizoram,Sales Executive,2409182,22-03-2017,Low
3436,Pranav Hora,Female,43,Farrukhabad,Tamil Nadu,Student,1124670,18-11-2023,Low
3437,Unni Sarraf,Female,43,Rajpur Sonarpur,Meghalaya,Accountant,2206801,05-11-2018,High
3438,Ekavir Sandhu,Male,40,Thrissur,Bihar,Business,1931812,06-05-2017,Low
3439,Maanav Tara,Female,33,Kalyan-Dombivli,Punjab,Student,900315,31-08-2023,Low
3440,Chakradhar Goswami,Female,34,Kollam,Odisha,Farmer,2392575,12-10-2020,High
3441,Alka Chaudhuri,Female,61,Rajpur Sonarpur,Andhra Pradesh,Doctor,505342,13-10-2019,Medium
3442,Sai Ahuja,Male,54,Nellore,Tamil Nadu,Doctor,2362668,07-05-2024,Medium
3443,Qarin Bora,Female,23,Junagadh,Jharkhand,Sales Executive,1101672,10-01-2024,Low
3444,Kai Sundaram,Male,21,Ahmedabad,Punjab,Sales Executive,2065821,05-04-2020,Low
3445,Ojasvi Yogi,Female,39,Rourkela,Mizoram,Software Engineer,2247455,30-05-2021,Medium
3446,Tejas Gola,Male,67,Jodhpur,Arunachal Pradesh,Data Analyst,210923,15-10-2018,High
3447,Ganga Zachariah,Male,47,Ongole,Assam,Sales Executive,2277301,13-06-2019,High
3448,Praneel Vaidya,Male,46,Varanasi,West Bengal,Farmer,1251199,25-03-2026,Low
3449,Geetika Mitra,Male,29,Katni,Telangana,Business,1942201,07-10-2022,High
3450,Shaurya Dada,Female,31,Pondicherry,Manipur,Farmer,1235155,26-02-2017,Low
3451,Isaac Chaudry,Female,58,Bangalore,Uttar Pradesh,Data Analyst,901201,21-09-2024,Low
3452,Krisha Brar,Female,66,Mango,Manipur,Lawyer,1724446,30-11-2016,Low
3453,Omkaar Narula,Male,22,Shimoga,Bihar,Teacher,1698161,14-09-2020,Low
3454,Keya Majumdar,Female,58,Siliguri,Nagaland,Teacher,1261070,17-08-2022,Low
3455,Edhitha Wason,Male,22,Gudivada,Bihar,Software Engineer,1366392,04-04-2019,Low
3456,Indira Devan,Female,37,Khammam,Manipur,Data Analyst,1331900,23-01-2019,Low
3457,Ranveer Shukla,Male,24,Thane,Maharashtra,Student,1793779,18-06-2019,Low
3458,Sanya Gara,Female,70,Bharatpur,Nagaland,Software Engineer,1503944,19-05-2020,Low
3459,Kevin Panchal,Female,33,Mysore,Sikkim,Business,2403085,03-06-2017,High
3460,Kiaan Dhaliwal,Male,44,Gudivada,West Bengal,Data Analyst,499058,08-09-2020,Low
3461,Pranit Raval,Male,25,Junagadh,Mizoram,Farmer,1764547,18-09-2020,Low
3462,Zayyan Mann,Male,30,Gurgaon,Odisha,Student,1303646,07-02-2020,Low
3463,Meghana Mukherjee,Female,22,Thiruvananthapuram,Himachal Pradesh,Farmer,1680936,26-03-2023,High
3464,Frado Virk,Female,57,Jodhpur,Sikkim,Student,2382071,12-04-2023,Low
3465,Brijesh Divan,Male,58,Bongaigaon,Nagaland,Farmer,2476818,06-08-2016,Low
3466,Udyati Viswanathan,Male,31,Mau,Telangana,Sales Executive,311000,29-05-2026,Low
3467,Chatresh Basu,Male,28,Sirsa,Goa,Farmer,362631,22-09-2025,Low
3468,Rudra Sehgal,Female,32,Chinsurah,Chhattisgarh,Sales Executive,876189,19-08-2018,Low
3469,Panini Swamy,Male,21,Noida,Karnataka,Doctor,817828,13-05-2023,Low
3470,Chavvi Lalla,Male,32,Satara,Jharkhand,Sales Executive,1922974,28-01-2026,Low
3471,Lopa Babu,Female,45,Kavali,Bihar,Accountant,2178768,30-03-2021,Low
3472,Thomas Parmer,Male,64,Imphal,Odisha,Farmer,385832,28-03-2020,Medium
3473,Wyatt Sundaram,Male,30,Uluberia,Jharkhand,Accountant,1028784,25-01-2020,Medium
3474,Sathvik Jain,Male,69,Jodhpur,Tamil Nadu,Accountant,2164170,13-05-2019,Low
3475,Omisha Madan,Female,46,Serampore,Meghalaya,Lawyer,2292843,22-07-2020,Low
3476,Varsha Sarin,Male,51,Durgapur,Punjab,Software Engineer,456743,05-07-2026,Low
3477,Vaishnavi Sankar,Male,22,Bijapur,Haryana,Farmer,1026964,15-02-2023,Low
3478,Geetika Gara,Female,34,Vasai-Virar,Himachal Pradesh,Data Analyst,830929,31-05-2018,Low
3479,Anirudh Sarkar,Male,24,Muzaffarnagar,Andhra Pradesh,Teacher,1024838,30-09-2022,High
3480,Samesh Amble,Female,48,Aurangabad,Rajasthan,Business,1349178,12-09-2016,Low
3481,Megha Rau,Female,41,Kavali,Bihar,Data Analyst,2215058,04-07-2023,Low
3482,Michael Maharaj,Male,66,Begusarai,Himachal Pradesh,Accountant,999046,12-01-2023,Low
3483,Amruta Sunder,Male,38,Bidar,Kerala,Lawyer,1462594,02-04-2019,Medium
3484,Unni Bhargava,Female,20,Jalna,Rajasthan,Lawyer,1943980,18-10-2017,Medium
3485,Anya Lala,Female,66,Surat,Haryana,Data Analyst,1389569,07-09-2025,Medium
3486,Kashvi Chaudry,Female,43,Visakhapatnam,Madhya Pradesh,Teacher,2473334,02-06-2026,Low
3487,Hritik Balan,Male,59,Mumbai,Arunachal Pradesh,Lawyer,984187,16-06-2020,Low
3488,Pranit Srivastava,Male,44,Jalgaon,Gujarat,Student,1048109,18-05-2025,Low
3489,Qadim Sachdeva,Male,33,Bhagalpur,Meghalaya,Data Analyst,2365433,19-03-2025,Low
3490,Jeevika Sama,Female,48,Etawah,Tripura,Student,2467263,14-09-2018,Low
3491,Oni Yohannan,Male,21,Pudukkottai,Mizoram,Student,666654,22-09-2016,Low
3492,Yahvi Devi,Female,40,Muzaffarpur,Madhya Pradesh,Data Analyst,1519000,06-06-2020,Low
3493,Krish Vyas,Female,60,Suryapet,West Bengal,Student,1442618,17-10-2024,Medium
3494,Alka Naik,Male,60,Karaikudi,Himachal Pradesh,Accountant,1420360,30-12-2025,Low
3495,Tanish Baral,Male,46,Kavali,Nagaland,Software Engineer,1386703,21-02-2020,Low
3496,Ayaan Suresh,Male,57,Chapra,Arunachal Pradesh,Student,1709639,29-01-2021,Low
3497,Ayaan Rao,Female,18,Akola,Punjab,Lawyer,1318442,17-03-2019,High
3498,Oeshi Gola,Male,44,Bihar Sharif,Himachal Pradesh,Sales Executive,1059212,14-01-2026,Low
3499,Hredhaan Tak,Male,54,Karaikudi,Gujarat,Farmer,2226908,07-03-2022,Low
3500,Warda Dalal,Female,34,Durg,Kerala,Doctor,559003,02-07-2019,Low
3501,Patrick Wali,Male,53,Ghaziabad,Assam,Farmer,2380023,17-08-2019,High
3502,Hritik Sen,Female,62,Pallavaram,Maharashtra,Lawyer,1676500,27-04-2020,Low
3503,Jyoti Jayaraman,Male,42,Phagwara,West Bengal,Accountant,2119044,30-07-2022,Low
3504,Sachi Naik,Male,45,Chandigarh,Uttar Pradesh,Farmer,307100,19-06-2022,Low
3505,Victor Muni,Female,47,Maheshtala,Arunachal Pradesh,Business,1708102,06-04-2026,Low
3506,Wishi Pandya,Female,40,Aligarh,Tripura,Farmer,1025565,03-11-2022,Low
3507,Nihal Rattan,Female,30,Dehradun,Jharkhand,Accountant,2277777,04-10-2022,Low
3508,Nathan Thaker,Female,23,Mangalore,Rajasthan,Farmer,770071,12-09-2020,Low
3509,Rudra Kar,Male,18,Kishanganj,West Bengal,Student,1711536,25-07-2017,Medium
3510,Fitan Bera,Male,40,Guwahati,Assam,Teacher,1166670,13-09-2016,Medium
3511,Naksh Wason,Female,47,Muzaffarnagar,Mizoram,Data Analyst,553647,02-03-2019,High
3512,Watika Patil,Female,51,Mahbubnagar,Karnataka,Accountant,2184852,19-12-2017,Medium
3513,Unnati Hari,Female,38,Anantapur,West Bengal,Business,1087118,03-09-2022,Low
3514,Amrita Gokhale,Female,29,Gurgaon,Arunachal Pradesh,Sales Executive,539249,07-11-2017,Low
3515,Harita Goyal,Female,67,Arrah,Maharashtra,Sales Executive,2195530,05-08-2017,Low
3516,Dakshesh Iyer,Female,58,Shahjahanpur,Maharashtra,Data Analyst,1440278,16-12-2019,Low
3517,Chavvi Oza,Male,54,Shivpuri,Assam,Data Analyst,1931254,05-02-2023,Low
3518,Ekalinga Chauhan,Female,70,Bhind,Rajasthan,Doctor,1282060,28-08-2022,Low
3519,Wyatt Raval,Female,22,Latur,Goa,Business,753122,04-03-2025,Medium
3520,Joshua Bhatnagar,Male,51,Karnal,Andhra Pradesh,Business,447389,28-07-2020,High
3521,Urvi Ganesh,Male,70,Bhilwara,Bihar,Software Engineer,1275207,12-11-2017,Low
3522,Aditya Hayre,Female,47,Rajpur Sonarpur,Maharashtra,Sales Executive,1107046,10-05-2021,Low
3523,Jack Chadha,Female,21,Chennai,Goa,Student,1766100,08-07-2019,Low
3524,Balhaar Mannan,Male,28,Sri Ganganagar,Rajasthan,Sales Executive,2399718,14-09-2025,Medium
3525,Anmol Roy,Male,35,Mysore,Madhya Pradesh,Farmer,1217266,10-04-2019,Medium
3526,Xiti Bora,Female,55,Dewas,Madhya Pradesh,Teacher,357727,28-03-2018,High
3527,Warda Swaminathan,Male,54,Kolhapur,West Bengal,Software Engineer,1092618,28-11-2020,Low
3528,Indrajit Dube,Female,26,Jabalpur,Goa,Farmer,1902078,31-01-2022,High
3529,Daniel Palla,Male,37,Jehanabad,Sikkim,Lawyer,1644317,28-06-2017,Low
3530,Imaran Pandey,Female,23,Mira-Bhayandar,Haryana,Software Engineer,417506,19-03-2025,High
3531,Darpan Mall,Male,51,Cuttack,Maharashtra,Doctor,1883403,28-04-2024,Medium
3532,Kalpit Maharaj,Male,51,Bhubaneswar,Jharkhand,Doctor,1243858,19-05-2025,Low
3533,Isaac Tata,Female,50,Mathura,Sikkim,Business,1949632,03-12-2022,Low
3534,Gabriel Raman,Female,34,Rajpur Sonarpur,Rajasthan,Sales Executive,2224099,07-10-2019,Low
3535,Faris Bhalla,Female,36,Bhopal,Bihar,Student,2207279,05-07-2024,Low
3536,Sanya Dhingra,Male,25,Kanpur,Madhya Pradesh,Farmer,1714108,18-10-2016,Low
3537,Warda Pillai,Male,38,Pune,Chhattisgarh,Student,1868378,22-08-2022,Low
3538,Hemani Cheema,Male,28,Bilaspur,Nagaland,Student,760064,14-11-2019,Low
3539,Suhani Sibal,Male,62,Bhavnagar,West Bengal,Lawyer,938194,09-08-2022,Low
3540,Jagat Mahajan,Male,67,Haldia,Chhattisgarh,Sales Executive,904376,20-08-2021,Low
3541,Dhruv Subramanian,Female,28,Aurangabad,Karnataka,Student,1772940,15-08-2024,High
3542,Mahika Kapadia,Male,25,Raipur,Andhra Pradesh,Student,1957861,06-02-2018,High
3543,Eesha Ganesh,Male,18,Phusro,Assam,Accountant,1049959,08-08-2020,Low
3544,Charles Vala,Male,30,Rampur,Chhattisgarh,Teacher,796788,27-12-2019,Low
3545,Abhimanyu Narula,Male,26,Rourkela,Gujarat,Accountant,1376284,14-04-2017,Low
3546,Laban Kapur,Female,60,Satna,Assam,Farmer,1430446,24-02-2017,Low
3547,Chaaya Pradhan,Male,22,Rajkot,Chhattisgarh,Farmer,1027620,06-05-2022,Low
3548,Pranav Wable,Female,29,Jorhat,Goa,Farmer,1842311,28-11-2024,Medium
3549,Urishilla Ganguly,Male,22,Munger,Nagaland,Teacher,1912553,05-02-2017,Low
3550,Sneha Chadha,Male,41,Surat,Mizoram,Farmer,1998010,08-04-2026,Medium
3551,Owen Thaker,Male,31,Udaipur,Punjab,Sales Executive,425638,21-08-2021,Low
3552,Vivaan Choudhary,Male,70,Sikar,Goa,Lawyer,2327851,18-05-2021,Low
3553,Nandini Mohan,Female,22,Kota,Meghalaya,Software Engineer,576858,23-11-2022,High
3554,Nitesh Karan,Male,35,Guntakal,Telangana,Student,2333605,14-03-2020,Low
3555,Arjun Sarkar,Female,53,Gandhidham,Bihar,Accountant,699102,05-11-2025,Medium
3556,Balendra Kamdar,Female,24,Vadodara,Assam,Software Engineer,1934575,09-05-2025,Low
3557,Urvi Maharaj,Male,50,Nizamabad,West Bengal,Sales Executive,354834,29-10-2021,Low
3558,Sanya Sane,Female,29,Bhilai,Nagaland,Software Engineer,866408,17-05-2020,Low
3559,Urvashi Pant,Male,30,Raebareli,Madhya Pradesh,Doctor,921654,17-07-2026,Low
3560,Chasmum Mohan,Male,67,Jamnagar,Himachal Pradesh,Accountant,292018,18-07-2025,Low
3561,Atharv Agrawal,Female,55,Dhule,Jharkhand,Sales Executive,918967,19-03-2026,Low
3562,Siya Kunda,Female,24,Alappuzha,Himachal Pradesh,Accountant,2065478,10-04-2021,High
3563,Vedhika Brar,Male,63,Dindigul,Andhra Pradesh,Lawyer,923249,07-12-2020,Medium
3564,Diya Grewal,Male,57,Nagpur,Maharashtra,Business,2210557,21-12-2018,Low
3565,Jalsa Nayak,Female,69,Gangtok,Rajasthan,Accountant,869220,13-08-2022,High
3566,Samesh Mishra,Male,54,Maheshtala,Sikkim,Student,2077989,04-12-2016,Low
3567,Oscar Sama,Male,38,Sangli-Miraj & Kupwad,West Bengal,Sales Executive,2181959,11-01-2025,Medium
3568,Nidra Chandran,Female,24,Chennai,Uttar Pradesh,Software Engineer,1173096,29-04-2022,Low
3569,Abha Konda,Female,44,Jaipur,Kerala,Business,1985035,10-12-2025,Low
3570,Bhavani Pall,Female,23,Thane,Maharashtra,Data Analyst,469208,06-11-2021,Low
3571,Harini Nori,Female,19,Jalandhar,Sikkim,Doctor,1465544,18-03-2025,Low
3572,Nihal Bansal,Male,49,Rajahmundry,Goa,Software Engineer,1566133,13-10-2019,High
3573,Lucky Deep,Male,65,Nashik,Himachal Pradesh,Student,265660,16-07-2020,Low
3574,Prisha Desai,Female,28,Udupi,Meghalaya,Accountant,1836869,06-02-2019,Low
3575,Falguni Pant,Female,69,Hazaribagh,Chhattisgarh,Software Engineer,1179961,05-10-2022,High
3576,Rachit Divan,Male,36,Hindupur,West Bengal,Lawyer,2406862,23-06-2022,Medium
3577,Yutika Nazareth,Female,53,Gorakhpur,Chhattisgarh,Data Analyst,1361712,05-02-2019,Medium
3578,Madhav Krishnan,Male,19,Tumkur,Goa,Sales Executive,2220100,29-09-2019,Low
3579,Zehaan Mitter,Male,32,Rourkela,Chhattisgarh,Lawyer,1262830,20-09-2024,Medium
3580,Chakrika Savant,Male,63,Ichalkaranji,Uttarakhand,Business,2389517,28-03-2022,Low
3581,Patrick Mani,Female,27,Kamarhati,Uttarakhand,Student,327089,18-07-2024,Low
3582,Yadavi Pall,Male,44,Shahjahanpur,Madhya Pradesh,Doctor,1108988,20-06-2022,Medium
3583,Peter Suresh,Female,65,Orai,Himachal Pradesh,Business,1087524,19-07-2018,Low
3584,Jason Sathe,Female,19,Medininagar,Jharkhand,Farmer,984731,17-01-2021,High
3585,Advay Bose,Male,43,Amaravati,Jharkhand,Doctor,253350,02-10-2021,Low
3586,Yashica Dixit,Male,27,Kumbakonam,Chhattisgarh,Data Analyst,2011509,04-03-2024,Low
3587,Nihal Naik,Female,46,Raipur,Maharashtra,Student,1304209,23-12-2020,Low
3588,Wriddhish Krish,Female,33,Hazaribagh,Andhra Pradesh,Student,473250,30-01-2025,Low
3589,Jyoti Dua,Male,65,Hyderabad,Goa,Teacher,534971,20-10-2024,High
3590,Upkaar Bail,Female,55,Unnao,Kerala,Doctor,537245,11-06-2026,Low
3591,Warinder Edwin,Male,45,Bongaigaon,Haryana,Business,257951,30-10-2020,Medium
3592,Vansha Bhatt,Female,35,Belgaum,Manipur,Lawyer,1442501,15-02-2022,Medium
3593,Yochana Rattan,Male,22,Pudukkottai,Himachal Pradesh,Sales Executive,1572767,20-02-2024,Medium
3594,Chaaya Nazareth,Male,18,Tinsukia,Telangana,Data Analyst,2262935,18-09-2024,High
3595,Caleb Yogi,Male,46,Hapur,Maharashtra,Business,2068173,02-10-2016,Low
3596,Prisha Mand,Female,61,Haldia,Haryana,Sales Executive,721106,07-03-2021,High
3597,Falak Dhingra,Female,36,Amroha,Bihar,Student,1780707,14-08-2023,Low
3598,Lipika Grewal,Male,50,Giridih,Andhra Pradesh,Lawyer,1879124,03-02-2022,Low
3599,Patrick Nanda,Female,36,Indore,Tripura,Sales Executive,956952,06-08-2022,Low
3600,Balvan Thaman,Male,43,Nellore,Chhattisgarh,Doctor,1996069,12-06-2026,High
3601,Bhavini Mohanty,Male,24,Nadiad,Nagaland,Lawyer,1853657,17-01-2020,Low
3602,Zansi Kapadia,Female,27,Salem,Meghalaya,Farmer,1619625,28-01-2019,Low
3603,Yatan Thaker,Female,43,Ranchi,Tamil Nadu,Doctor,777257,14-01-2024,Low
3604,Chatresh Handa,Male,54,Gudivada,Haryana,Student,1918604,18-06-2019,Low
3605,Nimrat Verma,Female,58,Arrah,Assam,Data Analyst,1556488,25-05-2022,Low
3606,Alexander Bava,Female,42,Dhule,Nagaland,Data Analyst,1224838,24-06-2022,Low
3607,George Lanka,Male,19,Akola,Kerala,Student,2187502,18-03-2024,Low
3608,Yadavi Sastry,Female,52,Alwar,Tamil Nadu,Lawyer,760985,02-08-2022,Low
3609,Harshil Zacharia,Male,45,Bhiwandi,Goa,Software Engineer,586617,26-08-2016,Low
3610,Unnati D’Alia,Male,35,Hubli–Dharwad,Kerala,Software Engineer,1753204,29-12-2023,Low
3611,Radha Peri,Female,33,Hindupur,Telangana,Accountant,904325,21-06-2018,Medium
3612,Bhavika Ramakrishnan,Female,61,Akola,Kerala,Student,792781,22-12-2019,Low
3613,Noah Shanker,Male,52,Pondicherry,Assam,Sales Executive,2201166,17-12-2017,Low
3614,Omisha Pant,Male,27,Kochi,Arunachal Pradesh,Farmer,1878055,21-03-2018,Low
3615,Nachiket Wable,Male,39,Raipur,Maharashtra,Teacher,1648783,04-05-2020,Low
3616,Urmi Nanda,Female,26,Bikaner,Himachal Pradesh,Accountant,1004933,09-02-2018,Low
3617,Jai Keer,Female,26,Bikaner,Tripura,Doctor,2238626,17-10-2019,Low
3618,Brijesh Kapur,Female,65,Danapur,Gujarat,Doctor,1185998,30-11-2023,Medium
3619,Kamya Lanka,Male,39,Guntakal,Bihar,Farmer,2352766,19-07-2025,Low
3620,Pushti Yohannan,Female,32,Bhopal,Gujarat,Teacher,623751,12-03-2025,Low
3621,Yoshita Narang,Male,39,Siliguri,Kerala,Accountant,925737,04-10-2023,Low
3622,Sanya Dar,Female,23,Loni,Gujarat,Farmer,2361590,03-10-2017,Low
3623,Panini Gulati,Male,42,Bhusawal,West Bengal,Teacher,2305305,24-05-2025,Low
3624,Neelima Misra,Male,35,Kavali,Karnataka,Software Engineer,2340362,27-10-2022,Medium
3625,Januja Vohra,Male,50,Hindupur,Goa,Business,1235352,29-08-2020,Low
3626,Barkha Anne,Female,34,Bhagalpur,Kerala,Software Engineer,2315639,05-05-2025,Low
3627,Rushil Pant,Female,35,Gangtok,Goa,Business,1293568,16-03-2025,Low
3628,Ekansh Hegde,Female,29,Panvel,Assam,Doctor,2030555,21-06-2026,Low
3629,Bhavna Shenoy,Female,51,Rewa,Kerala,Accountant,226482,09-01-2017,High
3630,Upasna Rau,Male,26,Thane,Punjab,Teacher,2429621,30-08-2025,Low
3631,Falguni Gour,Male,23,Sambalpur,Rajasthan,Accountant,2429206,07-10-2018,Low
3632,Yashasvi Batra,Female,54,Mango,Andhra Pradesh,Software Engineer,1264449,02-08-2022,Medium
3633,Christopher Sathe,Male,55,Bhilai,Meghalaya,Teacher,845336,08-06-2026,Low
3634,Ekanta Raja,Male,59,Bihar Sharif,Arunachal Pradesh,Sales Executive,2187439,23-06-2024,Medium
3635,Jack Sinha,Female,48,Secunderabad,Arunachal Pradesh,Farmer,1626374,17-11-2021,Low
3636,Yamini Varkey,Female,52,Kishanganj,West Bengal,Business,1747604,29-07-2019,Low
3637,Ekanta Vaidya,Female,64,Serampore,Uttarakhand,Data Analyst,997823,08-05-2024,Low
3638,Gaurangi Madan,Female,28,Bhavnagar,Jharkhand,Sales Executive,1317081,26-01-2020,Low
3639,Maanav Yohannan,Female,64,Giridih,Manipur,Sales Executive,1493720,21-11-2020,Medium
3640,Timothy Prashad,Female,41,Bhopal,Nagaland,Student,1928675,06-12-2017,Low
3641,Kabir Kohli,Male,67,Ichalkaranji,Chhattisgarh,Business,1303110,01-09-2024,Low
3642,Rayaan Dugar,Female,23,Saharanpur,Arunachal Pradesh,Lawyer,880006,29-10-2025,Low
3643,Vasatika Handa,Female,68,Serampore,Nagaland,Software Engineer,1072128,27-01-2020,Low
3644,Tripti Murthy,Female,64,Morbi,Meghalaya,Doctor,939780,31-10-2022,Medium
3645,Hredhaan Tella,Female,23,Chennai,Rajasthan,Business,1064706,18-06-2017,Low
3646,Amrita Borra,Male,30,Panchkula,Kerala,Software Engineer,238028,17-11-2020,Low
3647,Elijah Kuruvilla,Male,23,Bally,Meghalaya,Accountant,2449794,16-10-2017,Low
3648,Urvashi Mitter,Female,27,Pudukkottai,Gujarat,Teacher,969783,28-05-2024,Low
3649,Hritik Wason,Female,56,Mahbubnagar,Gujarat,Lawyer,1496651,05-12-2020,High
3650,Ishani Mand,Female,52,Delhi,Telangana,Software Engineer,537785,19-09-2018,Low
3651,Nihal Bumb,Male,47,Ichalkaranji,Punjab,Farmer,344117,27-07-2022,Low
3652,Gabriel Bora,Female,43,Nizamabad,Odisha,Software Engineer,2238738,12-02-2026,Medium
3653,Bimala Deo,Female,24,Ramgarh,Sikkim,Data Analyst,1379881,13-03-2026,Low
3654,Jagdish Das,Male,27,Bhilwara,West Bengal,Data Analyst,631774,15-02-2026,Low
3655,Theodore Ramakrishnan,Male,55,Latur,Goa,Lawyer,315659,12-05-2018,Low
3656,Wazir Virk,Male,25,Kanpur,Tripura,Data Analyst,1910005,02-05-2021,Low
3657,Tara Sethi,Male,58,Warangal,Uttarakhand,Accountant,2349777,21-05-2018,Low
3658,Indali Sami,Male,41,Shivpuri,Karnataka,Software Engineer,1901204,21-11-2019,Low
3659,Darika Sha,Female,54,Bettiah,Bihar,Software Engineer,225694,03-08-2022,Low
3660,Ekani Sanghvi,Female,40,Alwar,Chhattisgarh,Student,1568669,21-10-2019,Low
3661,Imaran Chand,Male,55,Kottayam,West Bengal,Lawyer,1030738,28-12-2022,Medium
3662,Zansi Bahl,Male,69,Kadapa,Karnataka,Software Engineer,208836,08-06-2019,Medium
3663,Tanveer Butala,Male,21,Madurai,Karnataka,Business,932793,29-12-2020,Medium
3664,Avi Mallick,Female,28,Kavali,Himachal Pradesh,Sales Executive,1226674,03-10-2019,Low
3665,Saksham Dada,Female,20,Tirupati,Arunachal Pradesh,Lawyer,1054865,01-01-2021,Low
3666,Faraj Mohan,Female,21,Ambattur,Nagaland,Data Analyst,1813748,01-05-2018,Low
3667,Bakhshi Sahota,Female,64,Motihari,Rajasthan,Data Analyst,535067,28-04-2024,Low
3668,Lakshit Hayer,Female,40,Madanapalle,Bihar,Accountant,812199,03-10-2020,Low
3669,Deepa Randhawa,Male,46,Gurgaon,Assam,Sales Executive,1861156,27-01-2021,Low
3670,Yashoda Ganesh,Female,32,Navi Mumbai,Chhattisgarh,Student,814389,28-09-2024,Low
3671,Balhaar Buch,Female,64,Adoni,Arunachal Pradesh,Lawyer,301067,30-03-2024,Low
3672,Naksh Nagy,Female,55,Panvel,Himachal Pradesh,Data Analyst,2456381,16-08-2023,Medium
3673,Nathaniel Vaidya,Female,27,Jamnagar,Telangana,Farmer,1934724,15-04-2021,Medium
3674,Naveen Barman,Female,64,Bangalore,Jharkhand,Student,829358,05-05-2022,Low
3675,Osha Lal,Male,65,Bihar Sharif,Kerala,Software Engineer,996839,24-04-2018,Low
3676,Rajeshri Raj,Female,31,Tinsukia,Tripura,Lawyer,590518,18-05-2021,Low
3677,Guneet Sarma,Female,60,Shivpuri,Odisha,Sales Executive,624173,05-11-2023,Low
3678,Kamya Mangat,Female,38,Chittoor,Telangana,Doctor,545293,21-04-2017,Medium
3679,Urvi Ravi,Male,47,Sultan Pur Majra,Assam,Business,936484,07-06-2025,High
3680,Tanay Issac,Female,58,Jehanabad,Rajasthan,Doctor,1509031,18-10-2024,Low
3681,Lakshmi Sekhon,Female,51,Singrauli,Rajasthan,Sales Executive,1535999,03-10-2018,Low
3682,Upma Soman,Female,28,Hyderabad,Tamil Nadu,Farmer,2156487,02-04-2021,High
3683,Nitara Devan,Male,35,Kulti,Haryana,Software Engineer,2318375,31-01-2023,Low
3684,Kashvi Mani,Female,55,Ambarnath,Arunachal Pradesh,Teacher,945386,27-09-2023,Low
3685,Neelima Mani,Male,54,Erode,Andhra Pradesh,Accountant,2173617,20-09-2023,Low
3686,Shaurya Dayal,Male,31,Bhopal,Kerala,Sales Executive,2191658,17-04-2017,Low
3687,Siya Kalita,Male,36,Kirari Suleman Nagar,Mizoram,Teacher,714974,01-12-2025,Medium
3688,Abdul Hayre,Male,19,Solapur,Mizoram,Farmer,1673049,04-07-2021,Low
3689,Jyoti Choudhry,Female,49,Thanjavur,Mizoram,Sales Executive,1789967,25-08-2020,Medium
3690,Pooja Sibal,Male,22,Deoghar,West Bengal,Student,1870285,22-09-2025,High
3691,Yadavi Lata,Male,37,Farrukhabad,Andhra Pradesh,Student,1770524,02-05-2020,Low
3692,Mohini Chaudry,Male,47,Madanapalle,Odisha,Farmer,1577924,30-10-2024,Low
3693,Aarini Vaidya,Male,54,Mangalore,Meghalaya,Business,1103922,05-06-2023,Low
3694,Gautam Doshi,Male,48,Kakinada,Madhya Pradesh,Accountant,514492,16-06-2021,Low
3695,Nihal Barad,Female,44,Chandigarh,Meghalaya,Doctor,1853755,23-03-2018,Low
3696,Yadavi Dhaliwal,Male,56,Varanasi,Mizoram,Student,519794,04-11-2019,High
3697,Mugdha Kari,Male,33,Purnia,Kerala,Farmer,599764,27-08-2018,Low
3698,Zansi Sami,Female,34,Karnal,Assam,Data Analyst,396264,28-05-2020,Medium
3699,Kiaan Biswas,Female,37,Karawal Nagar,Madhya Pradesh,Software Engineer,1097404,09-11-2024,High
3700,Oeshi Parekh,Male,19,Thiruvananthapuram,Karnataka,Business,1850435,31-10-2019,Low
3701,Vamakshi Bumb,Female,59,Panchkula,Tamil Nadu,Teacher,1627794,16-12-2022,Low
3702,Yashvi Gola,Female,37,Bhind,Madhya Pradesh,Sales Executive,1130463,17-07-2020,Medium
3703,Daksh Virk,Female,25,Thanjavur,Maharashtra,Student,522919,12-12-2019,Low
3704,Warda Pradhan,Female,60,Danapur,Uttarakhand,Sales Executive,770262,08-04-2023,Low
3705,Pahal Kannan,Male,70,Guntakal,Assam,Business,1685807,29-05-2022,Low
3706,Omisha Dara,Female,44,Mysore,Arunachal Pradesh,Lawyer,1866021,13-08-2020,High
3707,Dev Tandon,Female,43,Gulbarga,Meghalaya,Lawyer,2119968,19-06-2025,Low
3708,Vihaan Keer,Female,18,Warangal,Jharkhand,Business,712214,22-03-2025,Low
3709,Qasim Bhatnagar,Male,19,Mango,Odisha,Business,1166211,06-07-2022,Medium
3710,Radha Goel,Male,33,Alappuzha,Jharkhand,Sales Executive,1506638,22-05-2026,Medium
3711,Benjamin Mukhopadhyay,Female,55,Bhilwara,Jharkhand,Accountant,1568915,16-10-2016,Low
3712,Guneet Chander,Male,34,Amravati,Gujarat,Lawyer,520865,09-12-2018,Medium
3713,Kamala Raja,Male,69,Kumbakonam,Karnataka,Farmer,867116,22-05-2020,Low
3714,Gautam Bhalla,Male,19,Bahraich,Jharkhand,Lawyer,676946,03-07-2021,Low
3715,Varenya Batta,Male,66,Panipat,Sikkim,Lawyer,1051756,08-08-2020,Low
3716,Devika Mallick,Female,52,Guntakal,Tripura,Business,646159,11-04-2020,Low
3717,Kala Vaidya,Male,54,Rajahmundry,Himachal Pradesh,Accountant,1056953,29-11-2023,Low
3718,Sai Ramaswamy,Female,66,Naihati,Arunachal Pradesh,Business,1872142,02-12-2019,Low
3719,Liam Mukherjee,Male,69,Jalandhar,Goa,Data Analyst,483761,06-11-2024,Low
3720,Wahab Chokshi,Male,60,Rohtak,Uttarakhand,Sales Executive,1680794,25-07-2023,Low
3721,Bhavya Johal,Male,65,Salem,Rajasthan,Sales Executive,1603774,04-10-2017,Low
3722,Laksh Khurana,Female,30,Bathinda,Madhya Pradesh,Sales Executive,628060,16-11-2025,Low
3723,Frederick Gole,Female,45,Bulandshahr,Tripura,Data Analyst,624445,03-07-2021,Low
3724,Chakradev Iyer,Female,54,Saharsa,Andhra Pradesh,Farmer,823687,11-07-2024,Low
3725,Manthan Pant,Female,69,Amravati,West Bengal,Lawyer,1741720,27-09-2024,Medium
3726,David Rao,Female,26,Pune,Punjab,Farmer,1086878,28-09-2022,Low
3727,Ekapad Murthy,Female,22,Raurkela Industrial Township,Meghalaya,Teacher,389337,01-08-2025,Low
3728,Ranbir Dasgupta,Female,51,Bijapur,Goa,Lawyer,1658931,12-06-2018,Low
3729,Krisha Dugar,Male,65,Hubli–Dharwad,Uttar Pradesh,Lawyer,1157047,08-12-2021,High
3730,Samaksh Doctor,Male,56,Machilipatnam,Tripura,Teacher,1786884,22-10-2021,Low
3731,Ekani Bains,Female,57,Tumkur,Uttar Pradesh,Software Engineer,2147065,02-05-2025,High
3732,Yashawini Murthy,Male,60,Gorakhpur,Telangana,Accountant,2186055,01-08-2023,Medium
3733,Leela Golla,Female,20,Jhansi,Sikkim,Farmer,971030,26-05-2025,Low
3734,Gagan Trivedi,Male,40,Amaravati,Kerala,Lawyer,1513311,11-01-2017,Low
3735,Hemal Banerjee,Male,40,Howrah,Kerala,Software Engineer,344887,01-03-2020,Low
3736,Neha Hora,Male,65,Motihari,Gujarat,Teacher,1352728,24-10-2016,Low
3737,Dayita Raj,Male,66,Pondicherry,Assam,Accountant,569983,29-04-2017,Low
3738,Manthan Gole,Male,59,Shivpuri,Arunachal Pradesh,Farmer,1996144,03-08-2021,Low
3739,Harinakshi Edwin,Male,51,Bangalore,Rajasthan,Student,1677678,25-05-2017,Low
3740,Sara Naik,Male,25,Khandwa,Rajasthan,Sales Executive,411797,07-05-2022,Low
3741,Chatura Mohanty,Female,44,Buxar,Karnataka,Doctor,1073563,06-11-2025,High
3742,Jonathan Kashyap,Female,27,Surendranagar Dudhrej,Madhya Pradesh,Software Engineer,1985244,27-02-2023,Low
3743,Omkaar Dara,Male,61,Nanded,Tamil Nadu,Business,625113,22-04-2018,Low
3744,Harrison Bhakta,Female,60,Katihar,Himachal Pradesh,Farmer,1392279,28-02-2024,Medium
3745,Mekhala Rastogi,Female,39,Dehri,Odisha,Farmer,614071,29-07-2020,Low
3746,Gopal Setty,Female,67,Jalandhar,Uttar Pradesh,Student,244719,22-08-2016,Medium
3747,Divya Grewal,Male,23,Deoghar,Haryana,Doctor,1536146,18-12-2022,Low
3748,Ekaraj Saraf,Female,44,Jammu,Uttar Pradesh,Business,391673,27-11-2018,Medium
3749,Leena Ganguly,Male,49,Gandhidham,Gujarat,Sales Executive,377450,28-09-2017,Low
3750,Mitesh Sanghvi,Male,31,Ballia,Nagaland,Business,338964,05-01-2021,Low
3751,Gavin Dave,Male,50,Nagaon,Himachal Pradesh,Student,1777397,31-05-2017,High
3752,Gopal Mahal,Female,63,Singrauli,Assam,Doctor,870229,02-08-2017,Low
3753,Ekanta Dasgupta,Male,61,Vadodara,Madhya Pradesh,Data Analyst,1968854,18-06-2019,Low
3754,Devika Keer,Female,23,Bally,Meghalaya,Doctor,1335689,05-10-2017,Medium
3755,Indrajit Shenoy,Female,47,Nandyal,Kerala,Data Analyst,730824,18-01-2020,Medium
3756,Kai Pathak,Female,52,Nizamabad,Sikkim,Teacher,1672863,11-01-2026,Low
3757,Manthan Ray,Female,53,Delhi,Telangana,Doctor,850548,29-12-2024,Low
3758,Vihaan Sunder,Female,70,Chapra,Telangana,Lawyer,1823780,14-04-2019,Low
3759,Chavvi Rajagopal,Female,40,Karnal,West Bengal,Accountant,2394985,31-05-2022,Medium
3760,Jagdish Mukherjee,Male,18,South Dumdum,Manipur,Accountant,1385164,05-02-2023,Medium
3761,Vidhi Ranganathan,Male,30,Sambhal,Uttarakhand,Teacher,798696,27-07-2020,Low
3762,Wazir Vasa,Female,70,Jamalpur,Rajasthan,Business,2273216,02-03-2022,Medium
3763,Vritti Sama,Male,35,Pali,Odisha,Sales Executive,1346979,21-09-2017,Medium
3764,Arya Doctor,Male,67,Bhavnagar,Mizoram,Teacher,2203622,06-03-2020,Low
3765,Ekani Memon,Male,27,Mehsana,Karnataka,Software Engineer,542145,26-12-2023,Low
3766,Champak Uppal,Female,33,Faridabad,Punjab,Teacher,1345064,09-11-2020,Medium
3767,Harrison Yohannan,Female,48,Rewa,Arunachal Pradesh,Accountant,657060,15-11-2024,Low
3768,Ojas Borra,Male,28,Rampur,Gujarat,Teacher,817289,20-12-2021,Low
3769,Yachana Sagar,Female,36,Junagadh,Uttarakhand,Farmer,451278,22-03-2019,High
3770,Eta Arora,Female,62,Rewa,Uttar Pradesh,Data Analyst,2015258,30-03-2021,High
3771,Isaac Doshi,Female,35,Phagwara,West Bengal,Student,921726,22-06-2017,Low
3772,Zehaan Mallick,Female,66,Bulandshahr,Bihar,Accountant,602367,01-12-2021,Low
3773,Megha Sachdev,Male,36,Chandrapur,Karnataka,Business,1350192,20-07-2020,Low
3774,Faris Dass,Male,64,Sikar,Sikkim,Business,809757,19-04-2021,Low
3775,Forum Dutt,Female,31,Bareilly,Punjab,Business,1325972,01-11-2025,High
3776,Kalpit Acharya,Female,51,Miryalaguda,Kerala,Data Analyst,2427388,31-01-2017,Low
3777,Anya Shukla,Female,56,Baranagar,Sikkim,Business,936376,28-03-2022,Low
3778,Tanay Bail,Female,43,Kota,Gujarat,Business,334429,15-07-2018,Low
3779,Victor Chanda,Female,69,Gandhidham,Andhra Pradesh,Accountant,362697,30-12-2016,Medium
3780,Laksh Aurora,Female,61,Meerut,Karnataka,Business,2083730,22-11-2016,Medium
3781,Jagdish Kohli,Female,56,Bally,Chhattisgarh,Farmer,667205,29-12-2023,Low
3782,Isha Lad,Female,28,Thane,Andhra Pradesh,Business,942421,05-10-2018,Low
3783,Ekaraj Rajan,Male,38,Tenali,Uttarakhand,Student,1674415,08-10-2020,Low
3784,Yatin Nanda,Female,19,Nagaon,Meghalaya,Accountant,1004302,18-04-2026,High
3785,Anusha Divan,Male,43,Hajipur,Manipur,Teacher,2235420,20-09-2024,Low
3786,Gaurika Dasgupta,Female,45,Durgapur,Odisha,Doctor,1390563,21-03-2021,Low
3787,Prisha Vora,Female,64,Bhavnagar,Manipur,Teacher,1246495,29-01-2020,Low
3788,Onveer Wable,Male,42,Rourkela,Uttar Pradesh,Sales Executive,1547970,01-05-2025,Low
3789,Udant Lata,Female,46,Bhubaneswar,Chhattisgarh,Lawyer,1597459,21-01-2019,Low
3790,Balvan Sami,Female,45,Baranagar,Jharkhand,Lawyer,1846307,01-10-2017,Low
3791,Banjeet Krish,Male,54,Nellore,Tamil Nadu,Teacher,1318651,11-05-2023,Medium
3792,Neelima Chatterjee,Female,39,Kishanganj,Sikkim,Student,878470,01-09-2021,Low
3793,Sai Dua,Male,37,Aizawl,Kerala,Accountant,385232,25-04-2021,Low
3794,Anay Varughese,Male,26,Bhopal,Uttarakhand,Sales Executive,2035402,17-11-2016,Low
3795,Nikita Devan,Female,30,Singrauli,Telangana,Sales Executive,865754,01-07-2018,Low
3796,Radha Bahl,Male,34,Tirupati,Gujarat,Doctor,2433582,03-06-2019,Low
3797,Pratyush Raman,Male,18,Bathinda,Arunachal Pradesh,Doctor,230244,26-01-2020,High
3798,Hritik Chana,Female,63,Raebareli,Haryana,Doctor,885618,16-12-2016,Medium
3799,Niharika Tak,Female,61,Navi Mumbai,Haryana,Accountant,2444238,04-10-2024,Medium
3800,Tanmayi Gill,Male,40,Miryalaguda,Nagaland,Farmer,2493633,01-10-2021,Low
3801,Ucchal Mani,Female,46,Rourkela,Assam,Data Analyst,1359779,28-11-2022,Low
3802,Oeshi Memon,Male,39,Jamshedpur,Bihar,Teacher,1100826,18-03-2026,Low
3803,David Sehgal,Female,42,Purnia,Goa,Software Engineer,379944,01-12-2020,High
3804,Qushi Dada,Female,38,Ichalkaranji,Uttarakhand,Student,254048,23-03-2025,Medium
3805,Ekta Ben,Male,18,Danapur,Tripura,Sales Executive,1039676,30-05-2026,Low
3806,Zashil Gola,Male,36,Tirupati,Chhattisgarh,Lawyer,676515,01-03-2026,Low
3807,Qabil Prakash,Female,60,Panipat,Madhya Pradesh,Teacher,1660719,28-04-2017,Low
3808,Aashi Wadhwa,Female,42,Davanagere,Arunachal Pradesh,Farmer,258158,18-06-2019,Low
3809,Rachita Kara,Female,69,Alappuzha,Tripura,Software Engineer,581273,18-04-2018,Low
3810,Kalpit Bora,Male,60,Durg,Arunachal Pradesh,Student,267035,10-04-2022,Low
3811,Lopa Nagy,Male,29,Orai,Sikkim,Lawyer,276788,30-08-2023,Medium
3812,Yashawini Hans,Female,69,Serampore,Telangana,Doctor,913836,25-12-2021,Low
3813,Ishita Ramachandran,Male,21,Coimbatore,Kerala,Sales Executive,1295433,03-05-2022,Low
3814,Ekanta Chaudry,Female,27,Mathura,Gujarat,Business,1235034,07-08-2025,High
3815,Onveer Saxena,Male,60,Bhind,Mizoram,Business,803744,28-01-2022,Low
3816,Ijaya Dhar,Male,19,Korba,Meghalaya,Sales Executive,2169114,14-07-2022,Medium
3817,Ronith Dhar,Female,27,Bhavnagar,Mizoram,Student,420764,29-11-2022,Low
3818,Bhavini Jha,Male,42,Rohtak,Meghalaya,Teacher,354352,26-12-2024,Medium
3819,Chakradev Ahluwalia,Female,40,Phagwara,Haryana,Data Analyst,2474087,17-06-2018,Low
3820,Chasmum Boase,Male,35,Haridwar,Maharashtra,Farmer,1130906,03-02-2022,Medium
3821,Deepa Hora,Female,29,Haridwar,Manipur,Student,2099083,15-04-2021,Low
3822,Hemal Bhargava,Female,33,Nandyal,Mizoram,Sales Executive,1342139,07-02-2019,Low
3823,Xalak Wagle,Male,63,Gandhidham,Goa,Farmer,2291125,07-11-2016,High
3824,Diya Misra,Female,26,Anand,Manipur,Software Engineer,2344048,23-07-2026,Low
3825,Bahadurjit Gala,Female,69,Firozabad,Tamil Nadu,Business,1739285,23-05-2018,Medium
3826,William Bal,Female,53,Proddatur,Mizoram,Data Analyst,1707035,28-01-2024,Low
3827,Sudiksha Hayer,Male,28,Dewas,Tripura,Accountant,242025,28-01-2026,Low
3828,Jatin Sehgal,Male,45,Unnao,Sikkim,Sales Executive,1422898,24-09-2017,Medium
3829,Adweta Pradhan,Female,70,Thanjavur,Uttarakhand,Teacher,1237183,10-05-2018,Low
3830,Zashil Balay,Female,38,Tezpur,Telangana,Software Engineer,1100826,13-02-2018,Low
3831,Ayushman Hayer,Female,19,Guntakal,Telangana,Lawyer,241616,07-01-2023,Low
3832,Chakrika Lanka,Female,18,Bangalore,Kerala,Lawyer,759439,26-12-2016,Medium
3833,Wriddhish Sundaram,Female,30,Mangalore,Mizoram,Doctor,1836595,13-11-2022,Low
3834,Qasim Khurana,Female,30,Katni,Manipur,Accountant,1094540,11-02-2017,Low
3835,Omaja Acharya,Male,54,Anantapuram,Assam,Business,2428622,26-08-2021,Low
3836,Thomas Ram,Female,22,Muzaffarnagar,Andhra Pradesh,Doctor,1754101,28-02-2019,Medium
3837,Ryan Kunda,Female,52,Karnal,Uttar Pradesh,Business,1328595,13-12-2024,Low
3838,Nitesh Chander,Female,57,Malegaon,Sikkim,Doctor,1363334,11-05-2018,Low
3839,Ekansh Keer,Male,57,Madhyamgram,Andhra Pradesh,Student,826775,16-12-2017,High
3840,Qasim Purohit,Female,19,Kota,Arunachal Pradesh,Sales Executive,298945,04-11-2021,Low
3841,Nisha Rattan,Female,68,Mangalore,Uttar Pradesh,Teacher,1412322,01-09-2018,High
3842,Upma Walla,Female,54,Nagpur,Arunachal Pradesh,Farmer,1471707,09-12-2025,Low
3843,Oviya Tata,Female,27,Kottayam,Manipur,Lawyer,1152055,19-11-2024,Low
3844,Onveer Bahri,Female,23,Katihar,Himachal Pradesh,Student,905533,17-06-2026,Low
3845,Vritti Parmar,Male,51,Rampur,Himachal Pradesh,Business,483406,04-12-2016,Low
3846,Kalpit Trivedi,Male,64,Bijapur,Haryana,Accountant,716939,28-11-2023,Low
3847,Samarth Wable,Female,32,Nandyal,Nagaland,Doctor,227680,23-08-2022,Low
3848,Lohit Mander,Male,25,Kota,Meghalaya,Sales Executive,1510406,11-03-2023,High
3849,Indrajit Sabharwal,Male,35,Chapra,Chhattisgarh,Farmer,922000,25-05-2024,Low
3850,Reyansh Mishra,Female,45,Vadodara,Madhya Pradesh,Business,2222157,17-11-2021,Low
3851,Gayathri Aurora,Female,45,Ludhiana,Meghalaya,Lawyer,2377472,21-06-2023,Low
3852,Lohit Khurana,Female,62,Anantapuram,Goa,Software Engineer,2005121,31-05-2018,High
3853,Vedika Kala,Female,25,Bally,West Bengal,Teacher,301431,08-10-2023,Low
3854,Kiaan Pal,Male,28,Korba,Karnataka,Farmer,1540292,08-01-2019,High
3855,Veda Nagar,Female,67,Gudivada,Arunachal Pradesh,Business,516636,23-04-2025,Low
3856,Yug Kota,Male,61,Noida,Uttarakhand,Software Engineer,2199901,23-01-2023,Low
3857,Patrick Borra,Male,51,Aurangabad,Karnataka,Sales Executive,1716558,02-05-2020,Medium
3858,Jagat Saran,Male,58,Vellore,Mizoram,Student,1626525,23-10-2017,Low
3859,William Bains,Male,68,Dibrugarh,Meghalaya,Student,1344383,27-08-2018,Low
3860,Alexander Vohra,Female,23,Bhind,Assam,Farmer,802667,15-04-2023,Low
3861,Anita Sem,Female,59,Mysore,Andhra Pradesh,Teacher,849262,05-08-2016,Low
3862,Vinaya Ghose,Male,67,Adoni,Uttar Pradesh,Accountant,2209044,18-08-2020,Medium
3863,Sai Reddy,Female,45,Nagpur,Arunachal Pradesh,Lawyer,1959745,27-02-2021,Low
3864,Sudiksha Joshi,Male,31,Ambattur,Uttarakhand,Accountant,312354,24-01-2023,Low
3865,Karan Gill,Female,32,Raichur,Rajasthan,Teacher,2049022,12-11-2016,Low
3866,Tarak Srivastava,Female,65,Sagar,Manipur,Data Analyst,2284889,04-07-2025,High
3867,Wakeeta Narayan,Female,28,Junagadh,Bihar,Teacher,2088311,26-10-2022,Medium
3868,Amaira Edwin,Male,45,Amroha,Punjab,Business,1229420,24-10-2023,Low
3869,Vinaya Chandra,Female,48,Dhanbad,Tripura,Business,2386095,08-05-2023,High
3870,Sudiksha Ray,Male,46,Aizawl,Andhra Pradesh,Accountant,841649,24-08-2019,Low
3871,Ishaan Wali,Female,22,Thanjavur,Meghalaya,Business,1582743,03-05-2026,Low
3872,Vasana Virk,Female,64,Munger,Uttar Pradesh,Data Analyst,2457568,08-08-2019,Low
3873,Samar Gupta,Male,65,Madhyamgram,Chhattisgarh,Sales Executive,1657776,20-01-2017,Low
3874,Sneha Batra,Female,19,Proddatur,Chhattisgarh,Sales Executive,1398064,22-08-2022,Low
3875,Krisha Misra,Female,27,Motihari,Andhra Pradesh,Doctor,1428671,15-02-2021,Low
3876,Falguni Hayer,Male,29,Bokaro,Bihar,Data Analyst,215188,02-10-2023,Low
3877,Ekapad Sood,Female,44,Kolhapur,Jharkhand,Business,2413292,12-01-2025,High
3878,Brinda Zachariah,Female,30,Allahabad,Haryana,Software Engineer,1909512,21-11-2017,Low
3879,Triveni Mitter,Male,65,Karimnagar,Nagaland,Business,2057532,10-02-2020,Low
3880,Radhika Bedi,Male,54,Howrah,Madhya Pradesh,Teacher,1626632,29-01-2017,Low
3881,Xalak Tella,Male,23,South Dumdum,Punjab,Software Engineer,571530,08-02-2020,High
3882,Rushil Dhawan,Male,64,Medininagar,Manipur,Lawyer,783821,20-02-2026,Low
3883,Samarth Chaudhary,Male,54,Bhusawal,Goa,Business,2062712,20-11-2022,High
3884,Harita Halder,Female,60,Kishanganj,Sikkim,Data Analyst,1081409,04-07-2017,Low
3885,Pavani Bahri,Male,55,Gandhidham,Odisha,Sales Executive,221289,14-06-2021,Low
3886,Pahal Narain,Male,65,Agra,Rajasthan,Accountant,1710753,07-01-2017,Low
3887,Samesh Varughese,Female,69,Karaikudi,Kerala,Student,1243352,22-02-2022,Low
3888,Jatin Karan,Male,51,Satara,Andhra Pradesh,Doctor,381777,27-10-2023,Medium
3889,Meera Parmer,Male,29,Phusro,Gujarat,Teacher,388925,16-10-2019,Medium
3890,Ikshita Ganesan,Male,22,Agartala,Nagaland,Data Analyst,625178,26-09-2024,Low
3891,Indira Shukla,Female,63,Amritsar,Maharashtra,Teacher,1817541,21-05-2024,Low
3892,Anthony Ramesh,Male,30,Sirsa,Assam,Accountant,2028970,02-05-2021,Low
3893,Chameli Borah,Female,41,Narasaraopet,Rajasthan,Student,1967918,28-06-2017,Low
3894,Bimala Yadav,Female,49,Sirsa,Assam,Business,2398235,12-12-2016,Low
3895,Viraj Varma,Male,31,Kanpur,Telangana,Sales Executive,1955736,22-05-2022,Low
3896,Daksh Kashyap,Female,54,Meerut,West Bengal,Lawyer,298882,08-06-2019,Medium
3897,Irya Hora,Male,70,Gulbarga,Madhya Pradesh,Teacher,1972650,30-12-2016,Low
3898,Omkaar Deol,Male,63,Bahraich,Kerala,Doctor,648827,09-10-2025,Low
3899,Krishna Doctor,Male,48,Hindupur,Uttarakhand,Student,1507773,15-10-2025,Low
3900,Gagan Arora,Male,19,Ambattur,Sikkim,Student,315380,26-10-2024,High
3901,Baghyawati Narayan,Female,69,Sikar,Bihar,Accountant,1358876,09-11-2024,Low
3902,Udant Jain,Female,25,Haridwar,Andhra Pradesh,Doctor,1807328,29-07-2021,Medium
3903,Maanav Shroff,Female,41,Raurkela Industrial Township,Gujarat,Business,1491965,15-02-2024,Low
3904,Radha Chana,Male,66,Nagercoil,Himachal Pradesh,Teacher,1307771,19-10-2025,Low
3905,Harita Yadav,Female,30,Phagwara,Punjab,Doctor,569791,14-04-2019,Medium
3906,Zilmil Mallick,Female,65,Gaya,Kerala,Software Engineer,927223,26-11-2019,High
3907,Kamya Batra,Male,70,Gandhinagar,Maharashtra,Business,790584,03-03-2025,High
3908,Chandani Dhillon,Female,65,Kurnool,Telangana,Student,656624,12-06-2020,Low
3909,Yug Vala,Female,66,Tadepalligudem,Nagaland,Teacher,1909720,06-12-2022,Low
3910,Yochana Randhawa,Male,44,North Dumdum,Tamil Nadu,Business,662178,02-06-2025,Low
3911,Ayushman Joshi,Female,32,Kochi,Karnataka,Farmer,912009,30-11-2018,Medium
3912,Atharv Karnik,Male,46,Madanapalle,Haryana,Teacher,794794,17-07-2023,Low
3913,Nihal Deshpande,Male,25,Guna,Odisha,Teacher,672134,21-12-2019,Low
3914,Yutika Patel,Male,54,Tezpur,Uttarakhand,Business,2065282,04-06-2024,Low
3915,Timothy Mani,Male,23,Saharsa,Assam,Farmer,436801,01-02-2020,Low
3916,Chatura Hora,Female,64,Panihati,Nagaland,Teacher,1877600,18-12-2025,Medium
3917,Ekapad Bala,Male,23,Kolkata,Andhra Pradesh,Teacher,2494128,09-09-2025,Medium
3918,Dhriti Krishnamurthy,Female,65,Bhopal,Nagaland,Sales Executive,523102,10-05-2026,Medium
3919,Qabil Baria,Male,39,Coimbatore,Assam,Farmer,1150753,03-09-2023,Low
3920,Yug Banerjee,Female,40,Panipat,Himachal Pradesh,Farmer,307937,31-10-2019,Low
3921,Azad Dayal,Female,69,Jhansi,Arunachal Pradesh,Data Analyst,1294518,19-11-2022,Medium
3922,Wishi Shroff,Male,59,Anand,Haryana,Teacher,2426493,22-07-2017,Low
3923,Jonathan Nori,Male,50,Kalyan-Dombivli,Arunachal Pradesh,Farmer,433967,21-05-2019,Medium
3924,Mohammed Rajan,Female,51,Mau,Maharashtra,Doctor,2387292,02-12-2023,Low
3925,Chameli Kalla,Female,63,Malda,Jharkhand,Software Engineer,1834541,11-02-2026,High
3926,Qushi Vora,Male,53,Tenali,Haryana,Software Engineer,754336,21-12-2024,Medium
3927,Gautam Iyengar,Male,26,Sikar,Tripura,Business,1295840,06-11-2021,Low
3928,Bishakha Khanna,Female,29,Uluberia,Haryana,Lawyer,1335736,19-09-2024,Low
3929,Damyanti Mani,Male,22,Etawah,Jharkhand,Farmer,1805375,21-12-2023,Low
3930,Orinder Yadav,Female,46,Bangalore,Punjab,Software Engineer,1459873,28-12-2018,Low
3931,Vasatika Chada,Male,59,Darbhanga,Chhattisgarh,Accountant,801537,26-05-2020,Low
3932,Balveer Dutta,Female,46,Dehradun,Gujarat,Sales Executive,2211148,17-06-2021,High
3933,Michael Hayer,Female,18,Sikar,Uttarakhand,Doctor,2470561,14-07-2025,Low
3934,Quincy Gill,Male,33,Rajahmundry,Assam,Accountant,753091,16-10-2018,Medium
3935,Aashi Talwar,Female,67,Ghaziabad,Jharkhand,Farmer,1742343,01-09-2022,Low
3936,Yoshita Kata,Male,24,Bally,Goa,Sales Executive,539223,08-07-2017,Low
3937,Garima Joshi,Male,49,Rajpur Sonarpur,West Bengal,Doctor,1552767,29-08-2016,Medium
3938,Mahika Lad,Male,46,Kadapa,Uttarakhand,Lawyer,2410151,18-07-2017,Medium
3939,Brijesh Kalita,Male,58,Phagwara,Rajasthan,Lawyer,1238035,22-02-2021,Low
3940,Aachal Bains,Male,40,Ongole,Odisha,Doctor,2484775,15-12-2022,Low
3941,Sathvik Bora,Male,40,Saharanpur,Madhya Pradesh,Software Engineer,1426540,18-01-2024,Low
3942,Geetika Saxena,Male,40,Hazaribagh,West Bengal,Data Analyst,2332401,09-03-2020,Low
3943,Unnati Mital,Female,27,Jaunpur,Rajasthan,Lawyer,697329,20-08-2023,Medium
3944,Ryan Datta,Female,28,New Delhi,Nagaland,Accountant,2151545,19-05-2018,Low
3945,Dipta Bava,Female,25,Bellary,Assam,Software Engineer,1930894,23-12-2018,Low
3946,Viraj Lad,Female,35,Hajipur,Assam,Sales Executive,2010451,26-09-2021,Low
3947,Frado Sengupta,Male,35,Haridwar,Madhya Pradesh,Student,1496065,13-05-2020,Low
3948,Ekantika Murthy,Female,28,Tadepalligudem,Telangana,Teacher,2432184,22-05-2024,Low
3949,Hemang Bhalla,Male,51,Nagpur,Madhya Pradesh,Teacher,2150411,11-10-2023,Low
3950,Anthony Varghese,Female,57,Sikar,Assam,Business,1387256,09-07-2025,Low
3951,Isaac Baral,Female,47,Mau,Arunachal Pradesh,Data Analyst,1333990,25-09-2025,Low
3952,Yauvani Yohannan,Female,20,Raichur,Mizoram,Data Analyst,1870431,31-10-2019,Medium
3953,Yashodhara Barad,Male,19,Deoghar,Odisha,Farmer,1009176,28-12-2023,High
3954,Tara Loke,Male,61,Ozhukarai,Andhra Pradesh,Doctor,843296,01-08-2026,Low
3955,Ishani Khurana,Female,54,Karawal Nagar,Manipur,Data Analyst,2231365,01-10-2018,Low
3956,Aarush Gill,Male,57,Vasai-Virar,Meghalaya,Data Analyst,746378,31-08-2020,Low
3957,Hemal Savant,Female,22,Ambattur,Tamil Nadu,Accountant,768975,08-07-2018,Low
3958,Arya Narula,Female,67,Bellary,Uttar Pradesh,Lawyer,881936,07-08-2024,Low
3959,Ikbal Seshadri,Male,20,Nandyal,West Bengal,Teacher,1193955,14-03-2020,High
3960,Brijesh Manne,Male,50,Jamnagar,Assam,Teacher,2452780,10-02-2018,Medium
3961,Daksha Lata,Female,25,Malda,Gujarat,Accountant,1880646,04-08-2021,Low
3962,Nisha Nagi,Female,60,Raebareli,Gujarat,Data Analyst,914165,08-08-2019,Low
3963,Chaitaly Jain,Female,40,Jehanabad,Manipur,Business,646668,09-12-2025,Low
3964,Libni Parmer,Female,61,Parbhani,Uttar Pradesh,Sales Executive,1825391,31-10-2020,Low
3965,Kala Kumar,Female,24,Hyderabad,Karnataka,Student,2025612,04-07-2026,Low
3966,Indrajit Cheema,Male,62,Guntur,Madhya Pradesh,Lawyer,1914694,29-07-2026,Low
3967,Guneet Pillai,Male,30,Kochi,Rajasthan,Data Analyst,1360509,27-02-2018,Low
3968,Vasatika Saraf,Male,63,Lucknow,Madhya Pradesh,Lawyer,1770434,28-01-2025,Medium
3969,Caleb Chauhan,Female,50,Delhi,Telangana,Farmer,747364,14-09-2024,Low
3970,Hiral Iyengar,Male,20,Jamshedpur,Himachal Pradesh,Sales Executive,2371005,17-05-2024,Low
3971,Advaith Gopal,Male,57,Aligarh,Meghalaya,Farmer,2153814,17-03-2023,Low
3972,Chakrika Jain,Female,68,Ongole,Rajasthan,Lawyer,531327,01-08-2023,Low
3973,Harsh Shetty,Male,66,Kishanganj,Meghalaya,Farmer,240305,10-04-2017,Low
3974,Ishwar Bal,Male,32,Sonipat,Jharkhand,Student,346610,31-10-2025,Low
3975,Zayyan Cheema,Female,54,Sasaram,Meghalaya,Doctor,276863,14-07-2017,High
3976,Falan Baria,Female,38,Dharmavaram,Sikkim,Doctor,417482,29-05-2023,Low
3977,Pahal Issac,Male,32,Nanded,Tamil Nadu,Accountant,480181,22-09-2025,Low
3978,Anjali Palla,Male,48,Chapra,Kerala,Accountant,2309411,11-04-2018,Medium
3979,Warjas Gara,Female,45,Indore,Arunachal Pradesh,Software Engineer,879348,18-01-2022,High
3980,Ayushman Mannan,Female,54,Chandrapur,Manipur,Student,1741465,18-03-2026,Low
3981,Gaurav Sen,Male,28,Saharanpur,Arunachal Pradesh,Farmer,1579799,16-11-2016,Low
3982,Vasudha Sawhney,Male,70,Haldia,Tripura,Accountant,2284074,02-04-2024,Medium
3983,Indira Sha,Female,65,Sri Ganganagar,Gujarat,Business,2098894,20-07-2023,Medium
3984,Max Grewal,Female,47,Gandhinagar,Manipur,Lawyer,1633676,25-12-2025,Low
3985,Qarin Iyengar,Female,31,Gurgaon,Odisha,Doctor,818649,16-10-2023,High
3986,Kritika Golla,Male,51,Noida,Rajasthan,Lawyer,1772303,17-03-2019,Low
3987,Viraj Kothari,Female,30,Anantapuram,Gujarat,Business,2356672,31-12-2020,Medium
3988,Ria Pillai,Male,36,Mangalore,Nagaland,Sales Executive,724919,17-07-2021,Medium
3989,Ubika Kala,Female,58,Danapur,Tripura,Doctor,1005140,28-09-2025,Low
3990,Rohan Edwin,Female,51,Kollam,Rajasthan,Accountant,2435554,22-06-2025,Low
3991,Zarna Nadig,Female,39,Chapra,Haryana,Business,1920464,05-02-2018,Low
3992,Janani Karan,Female,56,Sikar,Odisha,Software Engineer,613560,23-02-2020,Low
3993,Anusha Basak,Male,25,Bareilly,Maharashtra,Teacher,1056588,03-03-2018,Medium
3994,Charles Bali,Female,65,Ballia,Meghalaya,Software Engineer,596384,24-05-2019,Medium
3995,Ekaraj Chaudhry,Male,67,Jehanabad,Tamil Nadu,Software Engineer,1391693,13-04-2021,Low
3996,Rehaan Buch,Female,52,Phusro,Karnataka,Accountant,2293883,09-08-2018,Medium
3997,Ekapad Zachariah,Female,18,Jammu,Tamil Nadu,Student,1338412,09-06-2018,Low
3998,Gauri Lanka,Male,49,Latur,Goa,Data Analyst,2251416,25-06-2021,Low
3999,Ekanta Mandal,Male,47,Raichur,Uttar Pradesh,Data Analyst,2080896,04-01-2019,Medium
4000,Vrishti Atwal,Female,43,Avadi,Sikkim,Data Analyst,1718980,06-06-2019,High
4001,Kiaan Lanka,Female,55,Anantapuram,Assam,Farmer,2277693,07-06-2025,Low
4002,Vasana Reddy,Female,44,Chapra,Punjab,Data Analyst,1802482,13-03-2022,Low
4003,Amaira Misra,Male,69,Aizawl,Andhra Pradesh,Software Engineer,1400502,24-06-2026,Low
4004,Vihaan Raghavan,Male,43,Guntur,Tripura,Accountant,814789,03-02-2025,High
4005,Neha Gala,Male,57,Anantapuram,Rajasthan,Sales Executive,2447593,30-04-2019,Low
4006,Orinder Palan,Male,45,Buxar,Odisha,Doctor,1055983,02-07-2026,Low
4007,Charan Rastogi,Male,56,Tadipatri,Uttar Pradesh,Software Engineer,712407,07-02-2021,Low
4008,Reva Doctor,Male,29,Ballia,Uttarakhand,Accountant,1881491,15-04-2017,Low
4009,Qarin Ravel,Male,57,Hosur,Meghalaya,Data Analyst,2255665,27-12-2021,High
4010,Chaitaly Sahota,Male,20,Guntakal,Nagaland,Accountant,951819,13-11-2018,Low
4011,Yashvi Garde,Male,56,Thoothukudi,Nagaland,Business,2227531,09-02-2018,Low
4012,Vansha Deshmukh,Female,70,Udaipur,Manipur,Farmer,1980304,22-03-2024,Low
4013,Krisha Zacharia,Female,70,Arrah,Uttarakhand,Accountant,553241,27-04-2021,Low
4014,Ishaan Menon,Female,28,Shimoga,Tamil Nadu,Sales Executive,226821,11-09-2017,Low
4015,Oscar Andra,Female,29,Sagar,Nagaland,Doctor,1663434,18-08-2017,Low
4016,Daniel Dasgupta,Female,29,Tadipatri,Karnataka,Doctor,2303429,12-05-2017,Medium
4017,Charvi Tara,Female,42,Bilaspur,Rajasthan,Lawyer,1474166,27-10-2025,Low
4018,Omkaar Goel,Female,34,Amroha,Uttarakhand,Doctor,484948,24-01-2026,Low
4019,Omisha Tak,Male,70,Darbhanga,Maharashtra,Doctor,581259,03-06-2022,High
4020,Bhavini Date,Female,35,Aizawl,Haryana,Teacher,468301,06-02-2026,Low
4021,Zarna Keer,Female,34,Haldia,Jharkhand,Sales Executive,2112156,04-01-2024,Medium
4022,Nitara Vala,Male,56,Ajmer,Meghalaya,Student,1369320,19-10-2016,Low
4023,Faras Yadav,Female,25,Kollam,Karnataka,Accountant,1625097,24-05-2021,Low
4024,Priya Chatterjee,Male,55,Malegaon,Manipur,Farmer,2212460,03-05-2024,Low
4025,Champak Dash,Male,41,Nandyal,Haryana,Data Analyst,714029,02-07-2017,Medium
4026,Rachana Kamdar,Male,32,Vijayawada,Odisha,Business,1639082,03-10-2017,Medium
4027,Anay Sekhon,Male,36,Singrauli,Himachal Pradesh,Farmer,2035499,23-10-2016,Low
4028,Reyansh Vyas,Female,41,Srikakulam,Odisha,Farmer,400174,16-08-2022,Low
4029,Teerth Iyengar,Male,67,Bhatpara,Maharashtra,Doctor,2178742,13-12-2022,Low
4030,Abeer Mann,Female,32,Bhopal,Rajasthan,Farmer,1439213,16-06-2026,Medium
4031,Nirja Ahuja,Male,68,Bhusawal,Goa,Doctor,2351284,27-09-2025,High
4032,Quincy Palan,Male,65,Pune,Assam,Farmer,2239960,01-12-2019,Medium
4033,Wishi Chandra,Female,59,Nashik,Nagaland,Lawyer,1565606,09-07-2017,Medium
4034,Anay Magar,Male,45,Tadipatri,Arunachal Pradesh,Business,2125881,18-06-2022,Low
4035,Wakeeta Kumer,Female,26,Udupi,Jharkhand,Teacher,1309036,13-05-2024,Low
4036,Frederick Badami,Male,64,Amravati,Madhya Pradesh,Data Analyst,2389431,21-07-2025,Medium
4037,Xavier Joshi,Male,63,Ranchi,Nagaland,Lawyer,2049340,10-10-2023,Low
4038,Yahvi Madan,Female,66,Imphal,Chhattisgarh,Doctor,454238,23-01-2023,Low
4039,Raghav Khanna,Male,44,Saharanpur,Gujarat,Sales Executive,2431332,25-10-2016,Low
4040,Amruta Dalal,Female,57,Parbhani,Punjab,Doctor,767632,14-06-2025,Low
4041,Yashawini Kurian,Female,21,Hindupur,Manipur,Lawyer,377436,03-07-2022,Low
4042,Ubika Saxena,Female,31,Maheshtala,Odisha,Doctor,1596943,22-10-2019,Medium
4043,Manthan Sachdeva,Male,23,Visakhapatnam,Gujarat,Student,1389053,08-03-2025,Medium
4044,Nimrat Mukherjee,Female,21,Singrauli,Madhya Pradesh,Farmer,2206336,10-01-2017,Low
4045,Wyatt Bose,Female,64,Belgaum,Rajasthan,Student,704974,05-04-2026,High
4046,Baljiwan Sawhney,Female,58,Khammam,Gujarat,Software Engineer,810460,29-01-2017,Low
4047,Ekaja Varma,Female,48,Howrah,Nagaland,Student,888925,05-04-2023,Low
4048,Yachana Mishra,Female,63,Pune,Odisha,Accountant,2184456,30-07-2020,Low
4049,Varenya Shere,Male,55,Allahabad,Goa,Business,1114303,30-08-2016,Medium
4050,Rohan Tak,Male,38,Shimoga,Assam,Doctor,2251289,09-03-2022,Medium
4051,Veda Balan,Male,69,Belgaum,Jharkhand,Farmer,1290223,22-03-2019,Low
4052,Orinder Kadakia,Female,70,Mumbai,Telangana,Sales Executive,2035236,03-11-2017,Low
4053,Ishaan Prabhakar,Female,37,Ratlam,Telangana,Student,260894,04-04-2021,Medium
4054,Nihal Kulkarni,Male,41,Morena,Tripura,Data Analyst,1578283,14-08-2022,Medium
4055,Arjun Chadha,Male,62,Cuttack,Punjab,Farmer,1788204,18-04-2020,Low
4056,Yutika Lad,Male,61,Udaipur,Arunachal Pradesh,Sales Executive,2193822,27-01-2019,Medium
4057,Vamakshi Aggarwal,Male,63,Eluru,Haryana,Accountant,473754,02-05-2026,Low
4058,Mugdha Bhat,Female,65,Mira-Bhayandar,Odisha,Sales Executive,803008,27-04-2024,Medium
4059,Yasti Basu,Female,48,Kavali,Meghalaya,Accountant,2076592,18-05-2022,Low
4060,Darika Tripathi,Female,63,Raurkela Industrial Township,Uttar Pradesh,Student,1139418,11-02-2022,High
4061,Eta Handa,Female,65,Jammu,Kerala,Farmer,1527763,08-10-2024,Medium
4062,Mason Sant,Male,47,Hospet,Arunachal Pradesh,Software Engineer,1095682,14-12-2025,Low
4063,Warjas Gill,Male,25,Chandigarh,Tripura,Data Analyst,378755,08-04-2020,Low
4064,Sanaya Balasubramanian,Female,36,Howrah,Meghalaya,Data Analyst,1530918,05-07-2025,Low
4065,Garima Narain,Male,65,Mango,Odisha,Lawyer,1120187,13-09-2017,Low
4066,Harinakshi Sachdeva,Female,18,Mau,Sikkim,Teacher,475182,13-07-2018,Low
4067,Qadim Dasgupta,Male,39,Tiruchirappalli,Kerala,Software Engineer,876211,20-07-2017,Low
4068,Qarin Nazareth,Female,43,Anand,Madhya Pradesh,Teacher,950867,04-10-2023,Medium
4069,Ucchal Batra,Female,18,Mango,Gujarat,Data Analyst,483152,06-06-2021,Low
4070,Ubika Memon,Female,55,Nadiad,Haryana,Teacher,946747,02-06-2017,Low
4071,Urishilla Dani,Male,24,Dehradun,Gujarat,Doctor,1421271,24-08-2021,Low
4072,Bahadurjit Kapur,Female,42,Suryapet,Tripura,Sales Executive,2048404,25-10-2019,Low
4073,Hitesh Chandra,Female,38,Mira-Bhayandar,Telangana,Doctor,747325,03-02-2018,Low
4074,Mohammed Raman,Female,37,Vijayawada,Telangana,Farmer,1828207,04-10-2021,Medium
4075,Aarnav Chandra,Male,29,Pune,Mizoram,Doctor,910871,13-03-2017,High
4076,Odika Bajaj,Male,43,Arrah,Tamil Nadu,Software Engineer,2089054,02-06-2023,Low
4077,Tarak Kant,Male,27,Kadapa,Gujarat,Student,300125,01-02-2022,Low
4078,Eiravati Prashad,Male,61,Tirupati,Manipur,Lawyer,2398416,10-03-2020,Medium
4079,Neha Sehgal,Female,49,Medininagar,Karnataka,Lawyer,1741553,20-01-2019,Medium
4080,Wyatt Oommen,Female,63,Thiruvananthapuram,Tripura,Student,1550032,09-08-2017,Low
4081,Naksh Karan,Male,45,Mirzapur,Tripura,Sales Executive,647114,05-02-2017,High
4082,Wishi Kapoor,Female,43,Akola,Assam,Farmer,991052,07-01-2017,Medium
4083,Wakeeta Sheth,Female,48,Kakinada,Manipur,Doctor,505221,13-12-2021,Low
4084,Bakhshi Palla,Male,25,Ajmer,Jharkhand,Student,731830,01-03-2024,Low
4085,Siya Patil,Male,58,Phusro,Tamil Nadu,Farmer,1056912,22-05-2026,High
4086,Hredhaan Dutta,Male,46,Burhanpur,West Bengal,Farmer,1856772,11-10-2021,High
4087,Bimala Sangha,Male,61,Nagaon,Kerala,Farmer,2422084,17-07-2023,Low
4088,Yasti Mangal,Male,26,Jamshedpur,Haryana,Doctor,1458034,20-05-2021,Low
4089,Aarini Som,Male,30,Kottayam,Odisha,Lawyer,2361383,21-11-2023,Low
4090,Wahab Chandra,Female,59,Bulandshahr,West Bengal,Farmer,2301573,29-06-2023,Low
4091,Gayathri Sodhi,Female,56,Sambalpur,Uttarakhand,Lawyer,1423236,11-06-2021,Medium
4092,Aradhana Gole,Male,55,Singrauli,Assam,Doctor,2248325,19-01-2017,Low
4093,Krish Luthra,Male,48,Varanasi,Tamil Nadu,Sales Executive,1381987,21-03-2023,Low
4094,Girik Chandran,Male,60,Pondicherry,Mizoram,Doctor,360597,09-03-2026,Low
4095,Udant Prakash,Female,44,Pondicherry,Punjab,Software Engineer,1619678,28-12-2020,Low
4096,Zaitra Sagar,Male,66,Akola,Madhya Pradesh,Doctor,766930,08-01-2020,Low
4097,Bakhshi Parsa,Female,67,Phagwara,Madhya Pradesh,Sales Executive,1656616,22-06-2025,Low
4098,Warhi Desai,Male,37,Raurkela Industrial Township,Himachal Pradesh,Business,1046839,11-03-2023,Medium
4099,Urishilla Dada,Female,41,Bally,Goa,Student,1630840,01-08-2020,Low
4100,Reyansh Gola,Female,40,Dehri,Odisha,Doctor,202211,06-08-2020,Low
4101,Eshana Pant,Male,61,Phagwara,Punjab,Teacher,1944508,25-12-2016,Low
4102,Tripti Dey,Female,18,Aurangabad,Telangana,Software Engineer,1763264,26-02-2024,Medium
4103,Yoshita Varkey,Female,46,Korba,Rajasthan,Software Engineer,1456182,05-10-2023,Low
4104,Meera Nayar,Male,59,Jalandhar,Nagaland,Sales Executive,2405175,30-12-2024,Low
4105,Anjali Jhaveri,Female,49,Kottayam,Haryana,Accountant,669079,22-09-2024,Low
4106,Baghyawati Nagar,Male,63,Bihar Sharif,Jharkhand,Accountant,954870,09-11-2017,Low
4107,Gaurang Keer,Female,21,Morbi,Haryana,Data Analyst,1518529,15-03-2025,Low
4108,Kala Barad,Male,20,Hapur,Odisha,Software Engineer,1246553,08-03-2026,Medium
4109,Damini Dugal,Female,20,Agartala,Mizoram,Lawyer,1626171,31-03-2026,Low
4110,Kala Wali,Male,28,Gwalior,Odisha,Teacher,818235,09-08-2020,Low
4111,Kevin Sahni,Female,63,Chandrapur,Haryana,Sales Executive,1919250,09-07-2019,Low
4112,Hredhaan Atwal,Male,50,Kadapa,Manipur,Farmer,1380612,02-06-2025,Low
4113,Ayaan Kumer,Male,32,Buxar,Telangana,Software Engineer,1355663,30-04-2020,Medium
4114,Irya Kota,Female,66,Udupi,Kerala,Lawyer,1978949,24-09-2022,Medium
4115,Aayush Parmar,Female,52,Kadapa,Haryana,Student,1536446,31-10-2021,High
4116,Unnati Deshmukh,Male,53,Ajmer,Manipur,Sales Executive,2216468,11-12-2025,Low
4117,Falan Doctor,Female,53,Thrissur,Tripura,Accountant,800579,10-04-2022,Low
4118,Samuel Koshy,Male,26,Vadodara,Manipur,Doctor,1364961,19-05-2025,High
4119,Maanas Sheth,Female,62,Arrah,Tripura,Business,1471505,21-10-2017,Medium
4120,Yashasvi Kala,Male,20,Morbi,Arunachal Pradesh,Teacher,2185065,15-12-2016,Low
4121,Anmol Bhavsar,Male,42,Munger,Punjab,Teacher,1103251,07-06-2023,Low
4122,Aadi Yadav,Female,52,Tumkur,Tamil Nadu,Student,705624,10-10-2019,Low
4123,Jasmit Bhalla,Male,31,Bahraich,Tamil Nadu,Student,659280,24-10-2024,Medium
4124,Dakshesh Mody,Male,35,Berhampur,Karnataka,Data Analyst,1922063,11-09-2025,Low
4125,Neel Gandhi,Male,20,Thanjavur,Nagaland,Student,1688259,05-07-2019,Medium
4126,Lavanya Morar,Female,20,Raebareli,Madhya Pradesh,Student,608159,15-09-2024,Low
4127,Jacob Nagar,Female,69,Gandhidham,West Bengal,Student,208197,06-05-2019,Low
4128,Ishwar Shere,Male,33,Darbhanga,Karnataka,Lawyer,1368380,22-03-2019,Low
4129,Chakrika Nayak,Male,56,Kirari Suleman Nagar,Assam,Software Engineer,2434392,31-08-2025,Low
4130,Eshana Pal,Female,53,Panvel,Goa,Accountant,629585,02-06-2017,Low
4131,Charita Vaidya,Male,57,Berhampore,Mizoram,Software Engineer,955738,28-01-2019,Low
4132,Raghav Babu,Female,50,Tirunelveli,Sikkim,Teacher,1843380,13-05-2018,Low
4133,Jalsa Sha,Female,26,Thane,Uttar Pradesh,Business,280273,08-12-2017,Low
4134,Hema Kapur,Male,69,Jalna,Punjab,Accountant,2058182,22-09-2018,Low
4135,Yashawini Ramakrishnan,Female,19,Bally,Haryana,Software Engineer,634349,31-12-2018,Low
4136,Vidhi Tella,Male,37,Belgaum,Gujarat,Student,747546,09-06-2021,Low
4137,Onkar Mallick,Male,48,Baranagar,Madhya Pradesh,Doctor,2004627,30-07-2018,Low
4138,Yuvraj Dalal,Male,35,Karnal,Kerala,Lawyer,1112845,30-09-2022,Medium
4139,Henry Brahmbhatt,Male,27,Raiganj,West Bengal,Data Analyst,475938,26-06-2017,Medium
4140,Odika Prabhu,Male,55,Nellore,Odisha,Software Engineer,1496527,21-02-2023,Low
4141,Ucchal Bhattacharyya,Male,19,Gandhinagar,Goa,Accountant,1325259,21-03-2023,Low
4142,Jeremiah Trivedi,Male,50,Ozhukarai,Rajasthan,Software Engineer,315596,17-07-2021,Low
4143,Benjamin Ganesan,Male,66,Rewa,Sikkim,Business,1598867,19-05-2017,Low
4144,Naveen Bawa,Female,25,Bhiwani,Uttarakhand,Data Analyst,857575,29-09-2020,Low
4145,Vasudha Sundaram,Male,24,Bhavnagar,Andhra Pradesh,Data Analyst,1343184,15-08-2023,Low
4146,Finn Oza,Female,43,Ujjain,Punjab,Software Engineer,1454708,09-12-2016,Low
4147,Baghyawati Kalla,Female,42,Ahmednagar,Jharkhand,Student,590351,19-11-2018,Low
4148,Ira Sidhu,Female,70,Bally,Himachal Pradesh,Business,1851772,23-01-2020,Medium
4149,Viraj Raval,Male,19,Farrukhabad,Bihar,Software Engineer,2118373,22-02-2020,Low
4150,Kiaan Gokhale,Female,41,Vellore,Odisha,Data Analyst,2159817,07-12-2016,High
4151,Qadim Mandal,Male,42,Junagadh,West Bengal,Software Engineer,1246404,21-05-2018,Low
4152,Arya Gaba,Female,27,Loni,Punjab,Doctor,1255265,05-06-2024,Low
4153,Aryan Seth,Female,56,Mahbubnagar,Tripura,Doctor,585861,26-02-2017,Low
4154,Rajata Wagle,Male,26,Srinagar,Maharashtra,Accountant,1870097,29-08-2022,Low
4155,Aradhana Balay,Male,37,Allahabad,Jharkhand,Teacher,323350,23-11-2016,Low
4156,Viraj Ramanathan,Female,38,Salem,Mizoram,Accountant,1123618,04-09-2021,Low
4157,Frederick Johal,Female,21,Durg,Gujarat,Software Engineer,2051013,08-11-2019,Medium
4158,Darika Subramanian,Male,31,Shimoga,Gujarat,Lawyer,310779,30-07-2026,Low
4159,Girindra Singh,Female,40,Tinsukia,Assam,Accountant,515064,08-10-2016,Low
4160,Anita Bhatt,Female,36,Jalandhar,Karnataka,Software Engineer,2100555,03-11-2025,High
4161,Ekani Raja,Female,25,Nagaon,Meghalaya,Software Engineer,1889244,29-09-2016,Low
4162,Gunbir Kaur,Male,37,Pallavaram,Himachal Pradesh,Data Analyst,1708958,05-05-2018,Low
4163,Champak Sastry,Female,40,Chandrapur,Meghalaya,Data Analyst,1659239,26-10-2021,Low
4164,Tanmayi Bawa,Female,70,Haldia,Meghalaya,Farmer,1861880,18-10-2022,Low
4165,Hamsini Yohannan,Female,67,Raiganj,Madhya Pradesh,Business,923282,25-06-2017,Low
4166,Ayushman Saran,Male,24,Bhind,Uttar Pradesh,Teacher,907171,18-11-2016,Medium
4167,Oliver Balakrishnan,Male,24,Tinsukia,Punjab,Teacher,1978675,04-10-2023,Low
4168,Irya Dhillon,Female,34,Phusro,Telangana,Student,539010,11-07-2023,Medium
4169,Amaira Gole,Male,58,Latur,West Bengal,Software Engineer,1696777,12-03-2026,Medium
4170,Robert Sagar,Male,56,Anantapuram,Rajasthan,Farmer,1547807,12-01-2019,Low
4171,Sara Palla,Female,64,Bhind,West Bengal,Lawyer,550169,27-11-2020,Low
4172,Nidra Barman,Male,59,Bellary,Haryana,Lawyer,1579376,10-12-2019,Medium
4173,Nitesh Munshi,Male,52,Panihati,Tamil Nadu,Farmer,572379,21-09-2025,Low
4174,Bhavini Dhar,Female,60,Mysore,Andhra Pradesh,Sales Executive,1404949,31-10-2021,Low
4175,Quincy Sodhi,Male,24,Srikakulam,Assam,Farmer,1967744,18-10-2017,Low
4176,Pavani Nair,Female,68,Loni,Meghalaya,Business,1501958,02-12-2020,Low
4177,Libni Varty,Female,38,Pondicherry,Odisha,Student,1395001,20-06-2021,Low
4178,Frado Mahal,Female,28,Mango,Goa,Business,1876711,17-04-2021,Low
4179,Sarthak Sahni,Female,67,Bhusawal,Tripura,Software Engineer,729469,01-07-2019,Low
4180,Frado Parsa,Male,26,Allahabad,Haryana,Farmer,2021489,15-06-2018,Low
4181,Kritika Hans,Female,39,Raipur,Rajasthan,Data Analyst,1561113,02-10-2022,Medium
4182,Anvi Joshi,Female,67,Gaya,Meghalaya,Doctor,2324460,02-04-2021,Low
4183,Meera Dani,Female,47,Rajahmundry,Madhya Pradesh,Business,1781546,23-02-2023,Medium
4184,Isaac Sandal,Male,45,Allahabad,Uttar Pradesh,Accountant,1102759,16-02-2019,Low
4185,Simon Narula,Female,21,Ahmedabad,Himachal Pradesh,Farmer,1402599,02-01-2018,Medium
4186,Anusha Sundaram,Female,41,Jaipur,Rajasthan,Business,1439626,07-06-2022,Low
4187,Thomas Bhat,Female,57,Nagercoil,Haryana,Lawyer,1549376,23-04-2019,Low
4188,Varenya Garg,Male,19,Bhusawal,Himachal Pradesh,Accountant,933250,25-04-2021,Medium
4189,Utkarsh Radhakrishnan,Male,63,Tiruchirappalli,Gujarat,Business,2292378,29-03-2024,Low
4190,Oliver Mital,Female,33,Shimoga,Rajasthan,Sales Executive,1953040,20-10-2024,Medium
4191,Indali Rau,Female,43,Srinagar,Maharashtra,Data Analyst,1807820,01-07-2021,Low
4192,Gaurangi Wagle,Female,23,Tenali,Chhattisgarh,Teacher,1780757,12-10-2023,Low
4193,Yatin Rege,Female,69,Begusarai,Tamil Nadu,Lawyer,936934,19-10-2024,Medium
4194,Yutika Keer,Male,63,Karawal Nagar,Andhra Pradesh,Doctor,1496862,16-06-2021,Low
4195,Jairaj Dasgupta,Female,47,Tirunelveli,Telangana,Accountant,1884747,29-07-2023,Medium
4196,Saumya Cheema,Male,70,Kavali,Punjab,Accountant,212483,21-05-2026,Low
4197,Mekhala Balasubramanian,Male,46,Chandrapur,Haryana,Teacher,1332300,11-01-2020,High
4198,Gauri Rout,Male,25,Surat,Manipur,Sales Executive,1913664,16-07-2022,Medium
4199,Advay Chander,Female,25,Dindigul,Jharkhand,Business,2286008,30-08-2022,Medium
4200,Ayushman Rai,Male,27,Jalna,Gujarat,Student,1411532,23-02-2021,Low
4201,Qabil Vasa,Male,37,Aizawl,Sikkim,Teacher,578284,28-01-2018,Low
4202,Xiti Sengupta,Female,20,Tiruvottiyur,Haryana,Student,649574,02-10-2024,Low
4203,Sara Ramachandran,Female,32,Bidhannagar,Madhya Pradesh,Student,420283,21-05-2026,Medium
4204,Guneet Luthra,Male,40,Jalandhar,Maharashtra,Business,1239523,07-07-2025,Low
4205,Devansh Narula,Male,66,Nagpur,Mizoram,Business,1833900,29-03-2019,Low
4206,Nidra Krishnan,Female,64,Ghaziabad,Mizoram,Doctor,2374714,17-04-2022,Low
4207,Samar Contractor,Male,35,Yamunanagar,Arunachal Pradesh,Business,1995736,20-07-2020,High
4208,Faqid Sharaf,Female,23,Bettiah,Kerala,Business,883975,07-10-2021,Low
4209,Jalsa Prabhakar,Male,36,Mirzapur,Rajasthan,Sales Executive,1829347,06-12-2023,Low
4210,Jhalak Ravel,Male,30,Bidhannagar,Rajasthan,Data Analyst,1913664,17-07-2023,Low
4211,Gautami Sandhu,Female,68,Rohtak,Andhra Pradesh,Software Engineer,2338966,03-11-2022,Low
4212,Nicholas Dhaliwal,Male,66,Kishanganj,Mizoram,Teacher,1334064,17-10-2025,Low
4213,Jai Kakar,Female,57,Raichur,Jharkhand,Farmer,1999955,29-09-2021,High
4214,Ayushman Sandal,Male,43,Kolhapur,Mizoram,Business,597881,18-07-2026,Low
4215,Yatin Basu,Female,47,Giridih,Himachal Pradesh,Doctor,1126751,30-04-2018,Low
4216,Chakradev Kata,Female,56,Bokaro,Assam,Accountant,2020305,20-12-2024,Low
4217,Daksha Kale,Male,19,Malegaon,Sikkim,Sales Executive,337207,31-08-2018,Low
4218,Balvan Sahota,Female,46,Udaipur,Tamil Nadu,Teacher,905913,24-02-2022,Low
4219,Xavier Agrawal,Female,36,Sangli-Miraj & Kupwad,Uttar Pradesh,Accountant,2412046,31-05-2021,Low
4220,Akshay Goel,Female,55,Haridwar,Nagaland,Software Engineer,2341443,30-10-2016,High
4221,Hitesh Lanka,Female,44,Satna,Meghalaya,Business,2390673,14-11-2021,Low
4222,Henry Jani,Female,24,Jaipur,Rajasthan,Student,1719316,19-02-2021,Low
4223,Kevin Sha,Male,52,Ahmedabad,Assam,Business,976393,19-02-2023,Low
4224,Baghyawati Lal,Male,52,Satara,Arunachal Pradesh,Business,1535533,09-12-2023,Low
4225,Devika Dugar,Female,27,Ambattur,Rajasthan,Accountant,1039868,29-08-2021,Low
4226,Ucchal Upadhyay,Female,51,Coimbatore,Gujarat,Teacher,2003627,19-06-2025,Low
4227,Xalak Balakrishnan,Female,40,Jodhpur,Bihar,Software Engineer,588945,02-10-2024,High
4228,Idika Khatri,Female,18,Miryalaguda,Kerala,Sales Executive,1815843,06-06-2023,Low
4229,Raghav Chandran,Male,50,Kolhapur,Bihar,Farmer,839405,14-11-2017,High
4230,Matthew Dhingra,Male,61,Nellore,Telangana,Software Engineer,975168,19-10-2019,Medium
4231,Jacob Pandey,Male,58,Vellore,Tamil Nadu,Accountant,1502114,31-05-2022,Low
4232,Urvashi Naik,Male,48,Jalandhar,Odisha,Software Engineer,1641483,11-01-2017,Low
4233,Sathvik Bahl,Male,69,Ujjain,Telangana,Data Analyst,309608,29-12-2022,High
4234,Sai Dugar,Female,33,Morena,Karnataka,Software Engineer,687978,10-12-2021,Low
4235,Anusha Sahni,Female,21,Kadapa,West Bengal,Farmer,1383158,22-01-2019,Low
4236,Yamini Pathak,Female,36,Vijayawada,Jharkhand,Data Analyst,1086994,03-07-2024,Low
4237,Harita Patla,Female,45,Dibrugarh,Chhattisgarh,Lawyer,2482935,15-01-2018,Low
4238,Benjamin Karan,Female,70,Kozhikode,Andhra Pradesh,Lawyer,876212,07-06-2019,Medium
4239,Jagrati Banerjee,Female,38,Secunderabad,Assam,Sales Executive,990297,22-06-2025,Medium
4240,Pranav Kant,Female,47,Bhopal,Mizoram,Teacher,1278062,19-04-2021,Low
4241,Yachana Balakrishnan,Female,28,Uluberia,Assam,Farmer,589847,21-02-2025,Low
4242,George Khanna,Male,44,Kozhikode,Assam,Business,2424137,23-07-2023,Medium
4243,Jeevika Sani,Male,36,Khora ,Tamil Nadu,Business,1998409,01-11-2017,Low
4244,Janya Khalsa,Female,39,Mehsana,Arunachal Pradesh,Data Analyst,1888823,19-05-2017,Medium
4245,Jhalak Tata,Female,60,Darbhanga,Assam,Sales Executive,997493,03-12-2019,Low
4246,Unni Sabharwal,Male,24,Bharatpur,Kerala,Business,1291543,17-03-2018,Low
4247,Gopal Chatterjee,Female,59,Nashik,Nagaland,Data Analyst,798410,01-02-2020,Low
4248,Nicholas Behl,Female,40,Motihari,Bihar,Accountant,1942004,28-12-2024,Low
4249,Inaya Maharaj,Female,31,Khora ,Bihar,Data Analyst,208232,10-02-2024,High
4250,Triveni Peri,Female,38,Bhind,Rajasthan,Data Analyst,1802671,15-12-2021,Low
4251,Edhitha Mandal,Female,63,Ramagundam,Rajasthan,Accountant,2235189,18-09-2017,Low
4252,Hardik Ranganathan,Female,20,Sagar,Madhya Pradesh,Teacher,872460,21-08-2024,Low
4253,Kamya Dube,Female,53,Dhule,Manipur,Sales Executive,671241,26-06-2025,Low
4254,Hamsini Rout,Male,50,Panihati,Punjab,Farmer,2409316,20-06-2026,Low
4255,Zarna Kade,Female,45,Aizawl,Karnataka,Farmer,1079812,20-03-2023,Medium
4256,Vaishnavi Dubey,Female,51,Raichur,Nagaland,Lawyer,1215487,22-08-2016,Low
4257,Vedika Shukla,Female,51,Jhansi,Uttarakhand,Software Engineer,222950,07-05-2022,Low
4258,Harshil Badami,Male,41,Vasai-Virar,Karnataka,Sales Executive,1079215,12-10-2016,Low
4259,Ekiya Khatri,Male,29,Patna,Karnataka,Student,2060895,10-07-2023,Low
4260,Siddharth Krishna,Male,24,Burhanpur,Haryana,Doctor,1739939,02-09-2017,High
4261,Bhavani Pillai,Male,52,Deoghar,Madhya Pradesh,Doctor,474768,08-06-2025,Low
4262,Pushti Pau,Female,58,Kalyan-Dombivli,Punjab,Doctor,2261268,28-05-2026,Medium
4263,Jairaj Murthy,Female,44,Ramagundam,Jharkhand,Software Engineer,739191,11-12-2023,Low
4264,Dakshesh Date,Male,44,Kota,Andhra Pradesh,Software Engineer,1871374,28-10-2016,Low
4265,Kashvi Basu,Male,38,Karawal Nagar,Karnataka,Farmer,1402335,05-07-2019,Low
4266,Bhanumati Kaur,Female,41,Coimbatore,Uttarakhand,Farmer,474591,29-12-2020,Low
4267,Qasim Lanka,Female,68,Gurgaon,Uttar Pradesh,Student,1405482,11-02-2021,Low
4268,Falan Doctor,Male,49,Bilaspur,Rajasthan,Farmer,2389674,14-09-2023,Low
4269,Hredhaan Pillay,Female,60,Meerut,Uttarakhand,Farmer,1287026,16-12-2024,Low
4270,Hemang Kale,Female,31,Avadi,Meghalaya,Lawyer,2206359,08-06-2024,Medium
4271,Vansha Hans,Female,37,Khora ,Himachal Pradesh,Farmer,718758,08-12-2017,Low
4272,Patrick Chaudry,Male,60,Panvel,Bihar,Lawyer,1777433,06-06-2018,Low
4273,Qasim Batra,Female,26,Durgapur,Karnataka,Accountant,1310806,29-07-2018,Medium
4274,Ladli Ghosh,Female,18,Giridih,Tamil Nadu,Student,2094499,07-01-2024,Low
4275,Gayathri Parikh,Male,57,Orai,Rajasthan,Teacher,1893372,05-04-2021,Low
4276,Michael Gour,Male,39,Eluru,Uttarakhand,Doctor,942887,19-10-2018,Low
4277,Varsha Sarna,Female,46,Morbi,Uttar Pradesh,Data Analyst,2125002,12-10-2020,High
4278,Wahab Grewal,Male,34,Eluru,Assam,Data Analyst,2225346,09-12-2023,Low
4279,Bina Vasa,Female,63,Bhiwandi,Rajasthan,Software Engineer,2121754,09-05-2021,Low
4280,Umang Boase,Female,32,Kochi,Telangana,Doctor,1353673,18-01-2023,Low
4281,Wahab Contractor,Male,36,Gaya,Manipur,Teacher,2038986,29-12-2021,Low
4282,Anay Solanki,Male,51,Baranagar,Punjab,Sales Executive,1740592,26-02-2024,Medium
4283,Isaac Chopra,Male,60,Rewa,Maharashtra,Student,1241568,15-07-2020,Low
4284,Dayamai Andra,Female,39,Uluberia,Odisha,Sales Executive,721923,23-10-2025,Low
4285,Kritika Narayan,Female,64,Vadodara,Maharashtra,Teacher,1479353,21-07-2019,High
4286,Upma Konda,Male,57,South Dumdum,Rajasthan,Accountant,685782,29-08-2021,Medium
4287,Kashvi Lal,Male,60,Adoni,Madhya Pradesh,Data Analyst,1293917,31-01-2026,Medium
4288,Vrinda Shankar,Male,30,Tumkur,Goa,Doctor,1389403,02-11-2019,Low
4289,Zayan Grewal,Male,37,Mau,Uttar Pradesh,Doctor,2156572,04-10-2023,High
4290,Eshana Dutta,Female,69,Gaya,Manipur,Lawyer,208434,06-06-2018,Low
4291,Aarav Bali,Male,42,Karaikudi,Tripura,Doctor,1874741,05-10-2022,Medium
4292,Aadhya Rout,Male,53,Morbi,Tripura,Teacher,1145558,29-03-2020,Medium
4293,Megha Agarwal,Female,56,Jodhpur,West Bengal,Doctor,783220,15-02-2018,Low
4294,Gaurav Dugar,Male,36,Erode,Gujarat,Doctor,1572533,17-09-2017,Medium
4295,Niharika Varty,Male,45,Ballia,Odisha,Software Engineer,2312201,17-09-2021,Low
4296,Damini Ram,Male,32,Panihati,Tripura,Doctor,1946367,25-02-2020,Low
4297,Mason Bath,Female,33,Tirupati,Odisha,Software Engineer,1845659,21-10-2023,Low
4298,Tarak Gole,Male,41,Gaya,Sikkim,Student,1248352,03-10-2024,Low
4299,Tanay Warrior,Female,33,Rohtak,Tripura,Software Engineer,2492199,08-09-2022,Low
4300,Pushti Varma,Male,26,Jamshedpur,Tamil Nadu,Accountant,1269427,27-02-2019,Low
4301,Bahadurjit Khatri,Male,34,Tadipatri,Goa,Farmer,2060942,24-01-2024,Low
4302,Harini Saran,Male,64,Yamunanagar,Bihar,Sales Executive,1687323,04-06-2023,Low
4303,Amrita Ratta,Male,70,Raiganj,Tamil Nadu,Accountant,644363,07-01-2021,Low
4304,Finn Hora,Female,24,Bihar Sharif,Sikkim,Student,2420806,13-04-2025,Low
4305,Atharv Nagy,Male,42,Hajipur,Chhattisgarh,Sales Executive,1195653,15-12-2019,Low
4306,Advaith Saxena,Female,61,Yamunanagar,Odisha,Accountant,1077380,18-09-2025,Low
4307,Finn Sama,Female,64,Katni,Telangana,Teacher,1192591,12-02-2026,Medium
4308,Isha Dhaliwal,Female,46,Maheshtala,Maharashtra,Software Engineer,430263,26-11-2018,Medium
4309,Dhruv Radhakrishnan,Male,29,Anantapur,West Bengal,Software Engineer,1020486,16-10-2022,Medium
4310,Garima Bala,Male,47,Bangalore,Chhattisgarh,Student,608052,18-05-2021,Low
4311,Gabriel Lal,Female,50,Bidhannagar,Goa,Data Analyst,2377048,01-05-2025,Low
4312,Yutika Manne,Male,41,North Dumdum,Assam,Software Engineer,710657,13-06-2017,Low
4313,Niharika Kaul,Male,64,Alwar,Bihar,Farmer,1963148,13-09-2023,Low
4314,Maya Saraf,Female,40,Noida,Haryana,Farmer,886048,12-05-2017,Medium
4315,Kabir Parikh,Male,43,Purnia,Chhattisgarh,Data Analyst,1887122,12-10-2022,Low
4316,Ubika Nath,Female,44,Shivpuri,Mizoram,Teacher,2430883,05-12-2016,Low
4317,Zayyan Agrawal,Male,62,Pallavaram,Uttar Pradesh,Farmer,978368,18-09-2017,Medium
4318,Aarini Lal,Female,62,Bettiah,Sikkim,Data Analyst,2198886,21-08-2017,Low
4319,Zansi Chand,Female,27,Arrah,Karnataka,Accountant,1296335,03-07-2018,Low
4320,Manbir Radhakrishnan,Female,65,Burhanpur,Arunachal Pradesh,Teacher,2017792,11-09-2018,Medium
4321,Daniel Choudhry,Female,27,Silchar,Mizoram,Software Engineer,979123,17-09-2018,Low
4322,Chakradhar Gala,Female,68,Udaipur,Telangana,Doctor,897205,08-03-2024,Medium
4323,Lohit Mittal,Female,70,Ambala,Tripura,Teacher,1618698,10-02-2021,Medium
4324,Faris Swamy,Female,34,Dewas,Assam,Software Engineer,2008416,29-11-2025,Low
4325,Warjas Anne,Male,40,Firozabad,Chhattisgarh,Sales Executive,1727646,17-12-2023,Low
4326,Meera Tandon,Female,57,Thiruvananthapuram,Tamil Nadu,Student,531863,10-11-2023,Low
4327,Ethan Babu,Male,63,Kakinada,Madhya Pradesh,Doctor,1852526,23-01-2022,Low
4328,Hiral Chawla,Female,37,Kalyan-Dombivli,Rajasthan,Farmer,1338482,13-10-2024,Low
4329,Chaman Mital,Male,34,Anantapur,Bihar,Teacher,1751886,01-11-2021,Low
4330,Ijaya Khalsa,Female,19,Panipat,Jharkhand,Student,2189033,15-09-2022,Medium
4331,Quincy Reddy,Female,59,Tinsukia,Assam,Teacher,870717,09-01-2026,Low
4332,Hredhaan Narasimhan,Male,62,Kozhikode,Madhya Pradesh,Sales Executive,1239698,17-03-2021,Low
4333,Zaid Dhillon,Female,37,Bareilly,Sikkim,Teacher,2046616,05-09-2025,Low
4334,Wazir Rajan,Male,49,Raiganj,Kerala,Student,669143,13-04-2019,Low
4335,Omya Sachar,Male,67,South Dumdum,Jharkhand,Data Analyst,428329,18-01-2024,Low
4336,Viraj Kurian,Male,61,Latur,Himachal Pradesh,Farmer,861709,13-05-2026,Low
4337,Shivansh Ratti,Male,58,Pudukkottai,Goa,Student,671180,04-01-2025,Medium
4338,Manbir Dugar,Female,54,Ambattur,Karnataka,Student,1129340,01-04-2022,Low
4339,Damini Khatri,Female,30,Bally,Chhattisgarh,Accountant,1432709,04-05-2019,Low
4340,Zinal Aggarwal,Male,41,Anantapur,Telangana,Software Engineer,587318,12-02-2024,Low
4341,Panini Pau,Female,19,Mysore,Arunachal Pradesh,Accountant,2290952,14-04-2018,Medium
4342,Manan Mishra,Female,64,Bhalswa Jahangir Pur,Chhattisgarh,Sales Executive,863687,06-11-2016,High
4343,Arya Nazareth,Female,36,Mumbai,Himachal Pradesh,Data Analyst,2435438,26-05-2023,Low
4344,Lucky Konda,Male,36,Cuttack,Meghalaya,Lawyer,695168,02-04-2021,Low
4345,Christopher Goyal,Female,26,Alwar,Arunachal Pradesh,Lawyer,736332,26-01-2023,Medium
4346,Pushti Sandhu,Male,35,Siwan,Odisha,Teacher,764593,26-12-2019,Low
4347,Arya Dey,Female,42,Chandrapur,Manipur,Accountant,1322202,13-12-2017,Low
4348,Urvi Kamdar,Male,22,Siliguri,Uttarakhand,Data Analyst,740760,11-05-2024,Low
4349,Jairaj Issac,Female,60,Gandhinagar,Tripura,Student,771406,19-04-2019,Medium
4350,Shaurya Mody,Female,26,Ramgarh,Rajasthan,Software Engineer,2129707,26-07-2020,High
4351,Chatura Sachar,Female,59,Jalgaon,Tamil Nadu,Software Engineer,1311105,15-08-2023,Medium
4352,Aarav Sandhu,Female,40,Vadodara,Rajasthan,Data Analyst,408093,18-03-2026,Medium
4353,Dalbir Gandhi,Female,51,Panipat,West Bengal,Sales Executive,2222741,18-04-2017,Medium
4354,Aadi Basak,Female,31,Bardhaman,Goa,Farmer,471484,10-03-2021,Medium
4355,Upasna Kanda,Male,37,Bikaner,Jharkhand,Business,1838352,30-01-2018,Low
4356,Xavier Chahal,Female,50,Vasai-Virar,Telangana,Business,2456653,12-04-2021,Low
4357,Liam Hari,Male,59,Kumbakonam,Arunachal Pradesh,Sales Executive,1448130,30-08-2025,Low
4358,Balveer Gara,Male,20,Berhampur,Uttarakhand,Software Engineer,653310,26-10-2019,Low
4359,Triveni Sundaram,Female,40,Thiruvananthapuram,Goa,Software Engineer,2171530,19-09-2018,Low
4360,Krish Bedi,Male,58,Tiruppur,Mizoram,Lawyer,2322726,17-06-2021,Low
4361,Radhika Kala,Male,35,Raiganj,Haryana,Accountant,797222,18-05-2026,Low
4362,Manbir Raj,Male,27,Danapur,Haryana,Lawyer,1971529,06-01-2022,High
4363,Farhan Varughese,Male,52,Durg,Jharkhand,Lawyer,683964,27-01-2022,Low
4364,Vinaya Sami,Male,42,Moradabad,Madhya Pradesh,Student,1175243,27-09-2020,Medium
4365,Laksh Hayre,Male,63,Vijayanagaram,Rajasthan,Farmer,1211436,18-11-2016,Low
4366,Shaurya Vig,Male,18,Rajkot,Odisha,Software Engineer,1150835,25-12-2020,Low
4367,Saksham Khosla,Female,57,Faridabad,Sikkim,Sales Executive,2214569,19-09-2025,Low
4368,Nikita Murty,Male,45,Gudivada,Chhattisgarh,Sales Executive,622977,25-01-2018,Low
4369,Pratyush Jain,Female,63,Nandyal,Kerala,Student,2447995,13-12-2020,Low
4370,Yamini Bandi,Female,49,Amroha,Karnataka,Accountant,986030,15-08-2023,Low
4371,Anmol Saha,Male,22,Jaunpur,Kerala,Sales Executive,1622940,29-04-2020,Low
4372,Onkar Khatri,Female,48,Bihar Sharif,Gujarat,Student,1431757,05-08-2024,Medium
4373,Akshay Iyengar,Female,59,Gurgaon,Himachal Pradesh,Student,1176021,25-12-2018,Low
4374,Ayushman More,Male,22,Meerut,Bihar,Doctor,720326,22-09-2022,Low
4375,Elijah Gera,Male,64,Parbhani,Jharkhand,Software Engineer,1098021,26-02-2024,Low
4376,Qasim Kapoor,Female,31,Mehsana,Odisha,Accountant,2357685,07-07-2021,Low
4377,Chavvi Deshmukh,Male,40,Durgapur,Haryana,Data Analyst,1312902,24-09-2021,Medium
4378,Yachana Halder,Male,42,Kamarhati,Kerala,Business,921223,03-08-2016,Low
4379,Arjun Sundaram,Male,33,Kalyan-Dombivli,Telangana,Farmer,443109,09-02-2021,Medium
4380,Yagnesh Basak,Female,36,Erode,Punjab,Accountant,1484436,12-05-2022,Low
4381,Ayush Cherian,Male,50,Ambarnath,Uttar Pradesh,Student,1939080,30-12-2019,High
4382,Warjas Kapoor,Male,20,Hospet,Sikkim,Data Analyst,1281348,31-01-2021,Low
4383,Lajita Dugar,Male,57,Ballia,Rajasthan,Farmer,1756767,21-02-2017,High
4384,Charvi Gokhale,Female,33,Bally,Arunachal Pradesh,Sales Executive,728504,02-10-2023,Low
4385,Darsh Nagarajan,Male,47,Amritsar,Manipur,Doctor,1345356,14-09-2017,Low
4386,Kamya Rajan,Male,30,Kanpur,Tamil Nadu,Software Engineer,1669604,03-04-2022,Low
4387,Peter Bhattacharyya,Male,62,Pudukkottai,Nagaland,Teacher,2162635,03-06-2026,Low
4388,Baljiwan Karnik,Male,51,Mangalore,Manipur,Teacher,1697458,21-03-2026,Low
4389,Edhitha Rana,Male,63,Kota,Rajasthan,Data Analyst,1370625,27-07-2026,High
4390,Chaman Rama,Male,33,Mango,Tamil Nadu,Lawyer,1465430,07-05-2025,Low
4391,Abdul Ramesh,Male,46,Latur,Bihar,Data Analyst,429362,02-04-2026,Low
4392,Aarnav Goyal,Female,19,Phusro,Assam,Lawyer,1478224,07-09-2022,Low
4393,Isaiah Pandya,Male,20,Tinsukia,Tripura,Doctor,1527295,23-10-2023,Medium
4394,Chandani Yogi,Female,29,Indore,Uttarakhand,Software Engineer,238580,09-11-2023,Low
4395,Chavvi Kamdar,Male,69,Mysore,Goa,Student,1867274,28-12-2016,Low
4396,Frederick Golla,Male,23,Srinagar,Meghalaya,Accountant,1801956,24-10-2020,High
4397,Sanya Bhatti,Female,46,Junagadh,Manipur,Accountant,899039,01-12-2024,Low
4398,Advaith Bali,Male,43,Alappuzha,Chhattisgarh,Student,1690649,18-05-2024,Low
4399,Ikbal Subramaniam,Female,53,Jaunpur,Goa,Doctor,1754250,24-12-2021,Medium
4400,Ucchal Madan,Female,52,Jaipur,Manipur,Accountant,2276093,18-03-2024,Medium
4401,Ucchal Virk,Female,38,Kirari Suleman Nagar,Sikkim,Business,1447386,24-04-2018,Low
4402,Nathaniel Savant,Male,52,Asansol,Mizoram,Accountant,1454048,31-08-2020,Low
4403,Yagnesh Tella,Female,18,Motihari,Gujarat,Business,1508090,29-03-2026,Low
4404,Falak Dara,Female,26,Danapur,Uttarakhand,Data Analyst,702411,31-03-2018,High
4405,Kala Bajaj,Male,58,Bhiwandi,Uttarakhand,Farmer,1013202,04-06-2025,Low
4406,Liam Bera,Male,59,Bathinda,Meghalaya,Business,1542920,22-10-2023,Low
4407,Nitara Kalita,Female,27,Singrauli,Manipur,Farmer,530514,03-11-2019,Low
4408,Eta Babu,Female,41,Varanasi,Chhattisgarh,Student,849476,30-11-2025,Low
4409,Pallavi Dubey,Male,68,Khandwa,Telangana,Sales Executive,1571997,13-07-2021,Low
4410,Tripti Apte,Male,24,Jalna,Bihar,Data Analyst,2098041,28-11-2018,Low
4411,Dev Gala,Female,40,Raebareli,Arunachal Pradesh,Business,992205,21-04-2025,Low
4412,Priya Nagarajan,Male,66,Chittoor,Telangana,Data Analyst,2383009,25-03-2018,High
4413,Lajita Gade,Female,60,Lucknow,Tripura,Teacher,592838,03-03-2026,Medium
4414,Manbir Bajaj,Female,58,Patna,Madhya Pradesh,Sales Executive,1203717,30-01-2019,High
4415,Vedant Sami,Male,54,Raipur,Manipur,Business,539854,25-05-2026,Low
4416,Abha Subramanian,Female,23,Kumbakonam,Bihar,Business,447123,09-10-2020,Low
4417,Teerth Subramanian,Female,29,Ujjain,Tamil Nadu,Doctor,2341134,15-06-2022,Medium
4418,Nandini Bhargava,Female,54,Guntakal,Odisha,Business,2041603,25-09-2021,Low
4419,Aachal Bhatti,Male,23,Bulandshahr,Manipur,Accountant,840599,15-10-2018,Low
4420,Abhimanyu Goyal,Male,61,North Dumdum,Punjab,Sales Executive,901748,23-10-2016,High
4421,Priya Bala,Male,34,Chittoor,Sikkim,Teacher,1232346,28-08-2017,Low
4422,Caleb Ravel,Male,52,Jalgaon,Rajasthan,Student,2125534,13-09-2020,Low
4423,Girindra Varughese,Male,35,Bhind,Goa,Data Analyst,878989,04-05-2018,Medium
4424,Harshil Sem,Male,52,Silchar,Jharkhand,Teacher,1130937,09-01-2018,High
4425,Lucky Subramaniam,Female,70,Nagercoil,Jharkhand,Software Engineer,1731943,23-07-2025,Medium
4426,Pratyush Kaul,Female,70,Bhilai,Odisha,Business,1644783,24-07-2023,Low
4427,Ekapad Tella,Female,19,Ranchi,Karnataka,Sales Executive,367148,18-07-2026,Low
4428,Ranveer Hayre,Male,46,Shivpuri,Manipur,Farmer,2134807,23-02-2020,Low
4429,Teerth Vyas,Female,29,Rewa,Himachal Pradesh,Business,1747919,24-06-2019,Low
4430,Anjali Pathak,Male,23,Sambalpur,Nagaland,Lawyer,1989248,18-10-2020,Low
4431,Nicholas Tripathi,Female,38,Meerut,Odisha,Student,1665866,14-06-2019,Low
4432,Bhanumati Mittal,Female,68,Sultan Pur Majra,Madhya Pradesh,Sales Executive,279981,23-05-2023,Low
4433,Rachana Natt,Female,62,Srinagar,Mizoram,Accountant,1264335,05-09-2023,Low
4434,Chatresh Master,Male,38,Kadapa,Arunachal Pradesh,Data Analyst,1582337,30-11-2016,Medium
4435,Janya Dani,Male,58,Kurnool,Tripura,Lawyer,1690131,28-06-2020,Low
4436,Ladli Parsa,Male,70,Mango,Karnataka,Doctor,970684,11-05-2020,Low
4437,Tristan Ben,Male,61,Vijayanagaram,West Bengal,Data Analyst,2067331,18-09-2016,Low
4438,Yagnesh Vora,Female,68,Karnal,Tripura,Doctor,1362073,08-10-2022,Low
4439,Chameli Parekh,Male,55,Panipat,Maharashtra,Sales Executive,918699,31-07-2024,Low
4440,Baghyawati Narasimhan,Female,67,Gwalior,Jharkhand,Sales Executive,885425,16-05-2018,Low
4441,Krishna Muni,Male,23,Gurgaon,Chhattisgarh,Doctor,2489609,19-10-2022,Low
4442,Arunima Buch,Female,70,Ramgarh,Arunachal Pradesh,Lawyer,2153192,11-11-2018,High
4443,Rohan Jaggi,Male,54,Malda,Chhattisgarh,Student,2477599,06-09-2024,Medium
4444,Upadhriti Salvi,Female,45,Burhanpur,Chhattisgarh,Lawyer,653592,12-06-2026,Low
4445,Oni Bala,Female,39,Fatehpur,Gujarat,Data Analyst,1438419,08-10-2020,Medium
4446,Chakrika Wason,Male,61,Kanpur,West Bengal,Doctor,1675611,07-05-2024,Medium
4447,Abhimanyu Mutti,Female,20,Ramgarh,Tripura,Student,1396720,26-05-2023,Medium
4448,Pallavi Dara,Female,35,Malda,Odisha,Business,2160100,30-01-2018,Low
4449,Neha Batra,Male,28,Dibrugarh,Nagaland,Lawyer,2251027,16-01-2020,Low
4450,Ansh Kulkarni,Female,60,Naihati,Rajasthan,Accountant,487950,30-11-2019,Low
4451,Rishi Wable,Female,26,Loni,Chhattisgarh,Doctor,971474,15-04-2026,Low
4452,Banjeet Dhar,Male,54,Kishanganj,Odisha,Farmer,1648932,10-07-2026,High
4453,Mekhala Bhatti,Female,36,Bijapur,Sikkim,Data Analyst,924007,05-11-2020,Medium
4454,Lucky Prashad,Male,25,Rajkot,Manipur,Doctor,604973,10-11-2017,Low
4455,Eesha Nagy,Male,29,Vasai-Virar,Madhya Pradesh,Software Engineer,1926889,11-03-2019,Low
4456,Riya Bhardwaj,Male,66,Sri Ganganagar,Chhattisgarh,Student,505556,07-08-2022,Medium
4457,Prisha Wali,Female,52,Bhimavaram,Uttar Pradesh,Teacher,1726792,02-02-2021,Low
4458,Arjun Bedi,Male,70,Darbhanga,Assam,Accountant,1014592,20-05-2022,Medium
4459,Samarth Brahmbhatt,Male,69,Bardhaman,Odisha,Student,981521,08-12-2020,Medium
4460,Aishani Nigam,Male,42,Bidhannagar,Maharashtra,Data Analyst,2357462,28-04-2024,Medium
4461,Ekansh Sandhu,Female,36,Hosur,Meghalaya,Doctor,1078491,04-11-2022,Low
4462,Christopher Kaul,Female,63,Bhusawal,Meghalaya,Data Analyst,1837082,10-04-2017,Medium
4463,Odika Din,Female,43,Ichalkaranji,Rajasthan,Farmer,556861,18-07-2017,Low
4464,Qadim Sharaf,Male,46,Muzaffarnagar,Kerala,Teacher,1198628,18-08-2016,Low
4465,Lakshmi Chanda,Male,63,Kurnool,Himachal Pradesh,Lawyer,2319842,10-09-2022,High
4466,Nathaniel Sarraf,Male,26,Nashik,Meghalaya,Business,601602,28-06-2019,Low
4467,Ekaraj Parsa,Male,39,Sangli-Miraj & Kupwad,Gujarat,Doctor,632320,12-12-2019,Low
4468,Ekavir Pingle,Female,69,Kumbakonam,Uttarakhand,Sales Executive,743444,03-09-2024,Medium
4469,Brijesh Subramanian,Female,29,Sirsa,Punjab,Farmer,987614,09-07-2023,Low
4470,Onkar Raman,Male,42,Ambattur,Assam,Lawyer,2070859,13-08-2024,Medium
4471,Jeet Bir,Female,43,Thoothukudi,Haryana,Doctor,1615848,29-10-2025,Low
4472,Vihaan Rama,Male,29,Gorakhpur,Goa,Data Analyst,319039,06-02-2025,Low
4473,Akshay Mukhopadhyay,Female,51,Karimnagar,Himachal Pradesh,Business,550797,10-11-2024,Low
4474,Daksh Misra,Female,56,Bahraich,Jharkhand,Software Engineer,574170,07-08-2023,Medium
4475,Sathvik Raghavan,Female,60,Bathinda,Goa,Accountant,1327079,25-10-2018,Medium
4476,Lekha Badami,Female,64,Chittoor,Maharashtra,Accountant,2249736,10-10-2020,Low
4477,Arya Tella,Male,62,Bilaspur,Maharashtra,Data Analyst,2482346,25-10-2025,Medium
4478,Upma Dhawan,Female,65,Machilipatnam,Uttar Pradesh,Business,1539651,26-07-2019,Low
4479,Bhavna Tella,Female,30,Karnal,Himachal Pradesh,Doctor,1794485,28-08-2025,Low
4480,Shivansh Pall,Female,69,Kamarhati,Karnataka,Farmer,751120,24-02-2022,Low
4481,Amaira Saran,Female,48,Bilaspur,Manipur,Farmer,735444,05-12-2020,High
4482,Ishwar Trivedi,Male,40,Rajkot,Rajasthan,Farmer,2316813,30-03-2020,High
4483,Praneel Thakur,Male,66,Danapur,Meghalaya,Student,2058389,25-10-2023,Low
4484,Oeshi Choudhry,Male,32,Tiruppur,Goa,Teacher,1295245,03-12-2021,Low
4485,Chatura Issac,Female,56,Berhampore,Punjab,Farmer,2175336,13-02-2021,Low
4486,Jagrati Dubey,Female,69,Farrukhabad,Karnataka,Data Analyst,1421604,06-04-2018,High
4487,Ekapad Lala,Male,26,Anand,Rajasthan,Sales Executive,399951,02-01-2019,Low
4488,Hredhaan Basak,Female,46,Ratlam,Himachal Pradesh,Farmer,1465404,22-06-2025,Low
4489,Nathaniel Bath,Female,24,Ambattur,Uttarakhand,Farmer,2252473,19-04-2020,Low
4490,Pranit Sant,Male,21,Satara,Himachal Pradesh,Doctor,408173,04-07-2022,Low
4491,Zaitra Bajaj,Female,21,Durg,Punjab,Farmer,613990,03-08-2023,Medium
4492,Ijaya Chand,Female,24,Bhilwara,Andhra Pradesh,Data Analyst,934707,22-05-2019,Low
4493,Jagvi Sankar,Male,18,Noida,Himachal Pradesh,Software Engineer,580857,07-02-2020,Medium
4494,Jatin Kanda,Male,35,Korba,Nagaland,Accountant,682332,19-10-2023,Medium
4495,Ronith Sen,Male,23,Kottayam,Haryana,Lawyer,1669892,21-01-2022,Low
4496,Ekbal Devi,Female,70,Indore,Madhya Pradesh,Doctor,1728581,08-10-2025,High
4497,Daksh Handa,Female,66,Kavali,Sikkim,Software Engineer,1198826,14-08-2024,Low
4498,Adweta Pall,Female,65,Ghaziabad,Sikkim,Software Engineer,1585053,17-08-2018,Low
4499,Niharika Mammen,Male,18,Dehradun,Telangana,Lawyer,1851645,15-03-2019,Low
4500,Forum Dugar,Male,50,Dhule,Madhya Pradesh,Data Analyst,2479304,07-11-2025,Low
4501,Chavvi Din,Male,63,Anantapuram,Kerala,Doctor,1895140,27-07-2021,Low
4502,Osha Majumdar,Male,57,Dehri,Manipur,Farmer,594855,15-07-2022,Low
4503,Vamakshi Bhatia,Female,36,Ghaziabad,Kerala,Teacher,1310156,05-09-2017,Low
4504,Ikbal Behl,Male,40,Kolkata,West Bengal,Doctor,955856,07-07-2023,Medium
4505,Isaac Verma,Male,60,Nangloi Jat,Andhra Pradesh,Teacher,911519,30-01-2022,Low
4506,Daksha Shukla,Female,61,Kharagpur,Manipur,Teacher,2381442,14-09-2023,Low
4507,Aarush Nazareth,Male,56,Dharmavaram,Uttarakhand,Business,1821309,24-10-2017,Low
4508,Osha Kalla,Female,19,Anantapuram,Manipur,Business,1897065,31-10-2024,Medium
4509,Vincent Thaker,Female,36,Karnal,Bihar,Student,2457380,23-07-2017,Low
4510,Chaitanya Pall,Male,28,New Delhi,Rajasthan,Lawyer,779556,11-04-2025,Low
4511,Umang Patla,Female,65,Jaunpur,Uttar Pradesh,Sales Executive,880915,19-11-2018,Low
4512,Triveni Randhawa,Female,44,Kozhikode,Tamil Nadu,Student,501756,04-04-2021,Low
4513,Dayita Vyas,Male,68,Jalandhar,Tripura,Lawyer,2481508,12-12-2017,Low
4514,Daksha Deep,Female,66,Orai,Haryana,Sales Executive,452407,14-01-2021,Medium
4515,Anjali Sahni,Female,45,Mehsana,Andhra Pradesh,Doctor,2091329,14-04-2019,Low
4516,Gopal Rajan,Female,36,Mehsana,Mizoram,Teacher,2434494,06-01-2025,Medium
4517,Avi Jain,Male,68,Ramgarh,Uttarakhand,Sales Executive,1424512,14-12-2019,Medium
4518,Aadi Ratti,Male,66,Bardhaman,Manipur,Teacher,538405,06-08-2025,Low
4519,Maanav Ahuja,Male,46,Vijayawada,Gujarat,Farmer,1422304,23-08-2018,Low
4520,Tanay Zachariah,Male,23,Bardhaman,Himachal Pradesh,Software Engineer,2117963,09-12-2018,Low
4521,Mitesh Mukhopadhyay,Female,40,Etawah,Nagaland,Business,1199619,27-02-2018,Low
4522,Lipika Shetty,Male,35,Moradabad,Himachal Pradesh,Software Engineer,355512,10-10-2019,Low
4523,Yagnesh Dhingra,Male,51,Maheshtala,Chhattisgarh,Farmer,1915501,17-11-2020,Low
4524,Aarnav Vig,Male,49,Haridwar,Bihar,Farmer,2499600,27-10-2017,Low
4525,Zayyan Trivedi,Male,38,Eluru,Himachal Pradesh,Business,1846869,20-06-2026,Low
4526,Ikbal Kulkarni,Female,60,Nizamabad,Gujarat,Business,1832215,26-10-2018,Medium
4527,Rishi Palla,Female,37,Khora ,Odisha,Business,963264,25-02-2018,Low
4528,Hamsini Pant,Male,65,Maheshtala,Assam,Doctor,1094055,26-07-2022,Low
4529,Vivaan Mutti,Female,30,Korba,Manipur,Accountant,1425358,15-11-2019,Low
4530,Avi Joshi,Female,31,Howrah,Himachal Pradesh,Student,890741,06-01-2018,Medium
4531,Pallavi Walla,Female,26,Nagercoil,Haryana,Student,1113000,12-06-2021,Low
4532,Guneet Jhaveri,Male,48,Bhusawal,Meghalaya,Farmer,2014087,05-03-2018,Medium
4533,Balveer Saxena,Male,63,Madanapalle,Tamil Nadu,Sales Executive,1668998,13-03-2017,Medium
4534,Keya Raghavan,Female,61,Aurangabad,Punjab,Data Analyst,2039449,20-09-2018,Medium
4535,Praneel Cherian,Male,48,Medininagar,Karnataka,Accountant,1776352,31-01-2026,Medium
4536,Orinder Sundaram,Male,54,Suryapet,Maharashtra,Data Analyst,2473220,03-04-2022,Low
4537,Forum Bora,Female,32,Mira-Bhayandar,Tamil Nadu,Teacher,1819987,12-02-2019,Medium
4538,Devika Vyas,Female,60,Kamarhati,Meghalaya,Business,2381210,15-11-2020,Low
4539,Aarnav Pall,Female,29,Bhavnagar,Gujarat,Doctor,664234,06-12-2022,Medium
4540,Aarini Vyas,Female,58,Firozabad,Kerala,Lawyer,2091915,13-01-2024,Low
4541,Ayushman Mangal,Female,41,Pimpri-Chinchwad,Andhra Pradesh,Farmer,2480896,27-04-2020,Low
4542,Odika Sane,Male,54,Ichalkaranji,Goa,Data Analyst,1134752,19-02-2021,Medium
4543,Nirja Handa,Female,33,Dehradun,Rajasthan,Farmer,983294,25-03-2020,Medium
4544,Dakshesh Chadha,Female,59,Avadi,Himachal Pradesh,Farmer,900373,21-10-2022,Low
4545,Darpan Kale,Female,45,Howrah,Tripura,Teacher,1735161,27-02-2018,Medium
4546,Jagrati Bhandari,Male,43,Madhyamgram,Chhattisgarh,Data Analyst,533069,29-05-2021,Low
4547,Chandani Keer,Male,49,Satara,Maharashtra,Software Engineer,2497334,20-11-2024,Low
4548,Shivansh Mand,Female,52,Bidar,Rajasthan,Doctor,334607,27-04-2019,Low
4549,Darpan Chakrabarti,Female,35,Thane,Haryana,Software Engineer,809045,30-03-2017,Medium
4550,Fiyaz Sekhon,Female,54,Arrah,Punjab,Student,1482122,27-08-2022,Medium
4551,Libni Bhakta,Male,55,Siliguri,Haryana,Teacher,2496887,01-10-2021,Low
4552,Shivansh Walla,Male,31,Nagercoil,Tamil Nadu,Student,1752994,27-01-2026,Medium
4553,Turvi Kamdar,Male,50,Surat,Haryana,Doctor,1575467,06-08-2016,Low
4554,Warinder Aggarwal,Male,69,Rewa,Meghalaya,Business,1859100,12-01-2022,High
4555,Zayan Banerjee,Female,50,Sikar,Punjab,Data Analyst,1636867,05-10-2019,Medium
4556,Nisha Shan,Female,43,Durg,Bihar,Student,440032,24-03-2021,Medium
4557,Sudiksha Prabhakar,Female,39,Raebareli,Maharashtra,Farmer,1662624,19-05-2018,High
4558,Rohan Kala,Female,25,Sasaram,Himachal Pradesh,Teacher,771762,06-10-2024,Medium
4559,Peter Dayal,Female,46,Bhalswa Jahangir Pur,Tamil Nadu,Farmer,376423,04-03-2024,Low
4560,Prisha Parekh,Female,45,Chandigarh,Uttarakhand,Lawyer,1319623,25-02-2017,High
4561,Devansh Shanker,Female,64,Gangtok,Bihar,Student,1891661,01-06-2025,Medium
4562,Gaurang Date,Male,44,Dewas,Himachal Pradesh,Farmer,1574407,25-05-2017,High
4563,William Sahni,Female,32,Shimoga,Himachal Pradesh,Lawyer,2127051,03-09-2021,Medium
4564,Onkar Shankar,Female,49,Bilaspur,West Bengal,Farmer,637409,20-06-2022,Low
4565,Tristan Banik,Female,67,Vijayawada,Kerala,Student,1509100,07-07-2024,High
4566,Ishaan Yogi,Male,70,Indore,Nagaland,Lawyer,1047582,14-12-2018,High
4567,Mahika Rana,Male,64,Tirupati,Assam,Data Analyst,735091,12-09-2023,Low
4568,Max Apte,Male,66,Hubli–Dharwad,Karnataka,Doctor,1662437,06-10-2022,Low
4569,Ojas Walla,Female,33,Ballia,Tamil Nadu,Sales Executive,1787389,05-04-2023,Medium
4570,Faraj Chokshi,Female,64,Dindigul,Uttar Pradesh,Software Engineer,731171,17-05-2024,Medium
4571,Anthony Dhar,Male,38,Mumbai,Tripura,Data Analyst,1438973,14-09-2017,Low
4572,Thomas Om,Male,29,Jaipur,Arunachal Pradesh,Farmer,1040081,08-04-2021,Medium
4573,Krishna Choudhury,Male,65,South Dumdum,Tamil Nadu,Doctor,311401,31-07-2023,Low
4574,Rayaan Naik,Female,54,Cuttack,Jharkhand,Farmer,2076718,17-12-2024,Low
4575,Girish Din,Female,49,Ratlam,Meghalaya,Accountant,2222794,16-07-2026,Medium
4576,Yadavi Yohannan,Male,57,Siliguri,Andhra Pradesh,Lawyer,2230864,23-07-2023,Low
4577,Ronith Chakrabarti,Female,67,Indore,Bihar,Sales Executive,223408,15-03-2023,Low
4578,Tarak Bumb,Male,66,Coimbatore,Odisha,Teacher,432592,05-08-2016,Low
4579,Chaman Narasimhan,Female,37,Malda,Manipur,Accountant,1747484,17-12-2025,Low
4580,Girik Ratta,Male,65,Bangalore,Gujarat,Student,1986604,04-05-2020,Low
4581,Dalbir Balasubramanian,Male,40,Mira-Bhayandar,Arunachal Pradesh,Software Engineer,2257394,19-01-2021,Low
4582,Sachi Konda,Male,32,Anand,Himachal Pradesh,Business,1441610,21-05-2020,Low
4583,Tanmayi Merchant,Female,33,Ambarnath,Odisha,Software Engineer,1654826,24-08-2025,Medium
4584,Madhav Parsa,Male,57,Anantapur,Punjab,Lawyer,400526,14-11-2021,Low
4585,Janya Mammen,Female,38,Machilipatnam,Haryana,Accountant,924903,23-07-2017,Low
4586,Sai Nagar,Male,53,Jaipur,Mizoram,Software Engineer,2256807,25-03-2024,Low
4587,Darsh Oza,Male,33,Bhatpara,Tamil Nadu,Sales Executive,1962689,29-06-2021,Low
4588,Chandran Narayanan,Male,65,Srinagar,Jharkhand,Data Analyst,1390153,26-02-2026,High
4589,Yashoda Rana,Female,61,Katihar,Uttarakhand,Doctor,1842528,23-01-2024,Medium
4590,Libni Mammen,Female,68,Rajpur Sonarpur,Andhra Pradesh,Accountant,1564245,10-04-2023,Medium
4591,Zaid Edwin,Male,62,Darbhanga,Odisha,Teacher,1328582,08-03-2021,Low
4592,Om Vasa,Female,28,Bongaigaon,Haryana,Business,1273780,15-08-2020,Low
4593,Bhavini Dave,Male,67,Ajmer,West Bengal,Accountant,2229359,26-09-2019,Low
4594,Nakul Radhakrishnan,Female,55,Raipur,Tamil Nadu,Lawyer,671637,18-03-2024,Low
4595,Tanmayi Sane,Female,58,Hosur,Andhra Pradesh,Teacher,1746739,13-09-2023,Low
4596,Bakhshi Barad,Male,38,Ambattur,Nagaland,Farmer,2197610,11-03-2021,Low
4597,Neelima Andra,Female,27,Malegaon,Goa,Doctor,2148946,31-05-2019,Medium
4598,Balveer Rastogi,Male,61,Kumbakonam,Punjab,Data Analyst,2308945,04-08-2018,Low
4599,Agastya Saran,Male,57,Ratlam,Sikkim,Student,1845447,09-07-2023,High
4600,Bimala Mukhopadhyay,Female,42,Muzaffarnagar,Uttarakhand,Farmer,1665402,25-08-2023,Medium
4601,Wahab Majumdar,Male,29,Hosur,Uttarakhand,Student,202860,02-02-2022,Medium
4602,Tarak Lal,Male,29,Muzaffarpur,Gujarat,Teacher,1739778,03-12-2023,Low
4603,Logan Kaul,Male,41,Sagar,Goa,Sales Executive,601893,29-12-2021,Low
4604,Kai Soni,Female,41,Berhampore,Rajasthan,Business,1774639,03-09-2021,Low
4605,Vincent Rai,Female,47,Srinagar,Gujarat,Software Engineer,1675773,19-02-2026,Low
4606,Benjamin Dave,Female,69,Khora ,Madhya Pradesh,Accountant,248307,25-06-2018,Low
4607,Gayathri Sharaf,Male,25,Singrauli,Assam,Software Engineer,2038215,11-07-2019,Medium
4608,Om Dash,Female,54,Gaya,Tripura,Sales Executive,1822611,13-10-2023,Low
4609,Caleb Balasubramanian,Male,43,Ahmednagar,Telangana,Business,618566,14-01-2022,Low
4610,Charita Bajaj,Female,36,Thane,Himachal Pradesh,Doctor,1088214,15-01-2024,Low
4611,Mason Bhagat,Male,52,Sirsa,Odisha,Farmer,1974669,29-12-2016,Medium
4612,Balvan Dutt,Female,21,Ambala,Tripura,Software Engineer,782603,24-05-2019,High
4613,Harish Kothari,Male,44,Kochi,Chhattisgarh,Farmer,1503096,24-02-2025,Medium
4614,Yamini Subramanian,Male,58,Ozhukarai,Nagaland,Lawyer,1888268,13-12-2016,Low
4615,Faraj Jain,Male,30,Adoni,Chhattisgarh,Teacher,1284045,17-08-2018,Low
4616,Oliver Banerjee,Female,62,Hyderabad,Nagaland,Teacher,2019058,27-01-2025,Low
4617,Yashawini Balakrishnan,Male,44,Bardhaman,Kerala,Software Engineer,1238758,13-06-2018,Low
4618,Yamini Das,Male,65,Imphal,Tamil Nadu,Teacher,388374,01-12-2017,Low
4619,Mugdha Sangha,Female,43,Madurai,Odisha,Business,762573,02-03-2022,Low
4620,Indrajit Shanker,Male,32,Alappuzha,Tamil Nadu,Accountant,2115475,17-09-2022,Medium
4621,Harish Seshadri,Female,37,Sonipat,Assam,Doctor,460251,29-08-2019,Medium
4622,Neha Agarwal,Male,35,Eluru,Meghalaya,Lawyer,1060346,31-07-2023,Low
4623,Ikbal Dhar,Female,42,Kolkata,Tripura,Farmer,393347,11-09-2024,Low
4624,Varsha Shankar,Female,59,Dhanbad,Telangana,Doctor,2346991,06-05-2017,Low
4625,Januja Dar,Female,27,Barasat,Tamil Nadu,Doctor,1405259,20-10-2017,Low
4626,Owen Kaul,Male,54,Davanagere,Bihar,Doctor,2172557,28-08-2018,Low
4627,Ishaan Naidu,Female,45,Morena,Bihar,Sales Executive,689755,21-12-2019,Low
4628,Veda Parmer,Male,48,Hyderabad,Telangana,Sales Executive,1587648,16-04-2023,Medium
4629,Ekta Subramaniam,Male,37,Surat,Nagaland,Business,1522078,15-08-2021,Low
4630,Liam Dayal,Male,44,Nanded,Rajasthan,Software Engineer,2252950,07-04-2021,Medium
4631,Rushil Menon,Male,56,Phusro,Bihar,Teacher,1691226,22-09-2018,Medium
4632,Madhav Bandi,Female,28,Vadodara,Sikkim,Software Engineer,1530363,15-06-2018,Low
4633,Harinakshi Char,Male,57,Jodhpur,Andhra Pradesh,Doctor,726120,17-08-2024,Low
4634,Shivansh Vyas,Female,62,Rajkot,Manipur,Lawyer,1184462,04-09-2020,Medium
4635,Dayita Cherian,Female,70,Kozhikode,Haryana,Lawyer,2032078,03-05-2024,Low
4636,Jacob Suresh,Male,22,Kakinada,Rajasthan,Doctor,743345,03-03-2017,Low
4637,Balendra Ram,Male,65,Eluru,Goa,Lawyer,437029,16-05-2018,Low
4638,Nikita Hans,Female,64,Thane,Mizoram,Sales Executive,2070713,03-07-2018,Low
4639,Kevin Menon,Female,68,Mahbubnagar,Karnataka,Data Analyst,1920796,12-03-2026,High
4640,Jeet Nagy,Male,21,Ahmednagar,Gujarat,Doctor,1252769,30-06-2023,Low
4641,David Deshmukh,Male,43,Kollam,Punjab,Sales Executive,1229003,29-04-2017,Low
4642,Nidhi Anne,Female,54,Kochi,Haryana,Lawyer,1986416,29-04-2023,Low
4643,Indrajit Pandit,Male,40,Bhimavaram,Manipur,Teacher,2465250,30-10-2022,Low
4644,Yadavi Chaudhuri,Female,29,Rohtak,Sikkim,Farmer,456742,01-03-2020,Low
4645,Udarsh Koshy,Male,33,Ramagundam,Punjab,Teacher,1767493,18-10-2020,High
4646,Dhriti Kale,Female,63,Katni,West Bengal,Doctor,1948812,23-09-2024,Low
4647,Jason Nagy,Male,65,Panvel,Gujarat,Accountant,1891119,11-02-2017,Low
4648,Pallavi Misra,Male,51,Tiruvottiyur,Uttarakhand,Student,1004320,08-08-2020,Low
4649,Inaya Baria,Female,68,Bhagalpur,Tripura,Sales Executive,808113,15-05-2026,Low
4650,Aditya Basak,Male,49,Phagwara,Telangana,Teacher,228415,22-05-2023,Low
4651,Jeremiah Sami,Female,29,Tezpur,Chhattisgarh,Farmer,1011724,22-02-2017,High
4652,Fariq Dixit,Female,44,Coimbatore,Jharkhand,Student,972996,10-08-2018,Medium
4653,Jonathan Kaul,Male,19,Gwalior,Maharashtra,Data Analyst,739063,30-04-2021,Medium
4654,Megha Kapur,Female,44,Delhi,Madhya Pradesh,Teacher,711159,19-03-2026,Medium
4655,Pahal Mishra,Female,24,Ghaziabad,Nagaland,Data Analyst,708557,23-09-2016,Low
4656,Jonathan Sarin,Female,49,Bilaspur,Jharkhand,Doctor,917139,02-08-2024,Medium
4657,Harini Kashyap,Male,69,Muzaffarpur,Gujarat,Software Engineer,1205287,18-06-2017,Low
4658,Ekalinga Madan,Female,57,Warangal,Odisha,Doctor,1736832,05-08-2019,High
4659,Samaksh Mall,Female,42,Chapra,Meghalaya,Data Analyst,1158612,16-03-2020,Low
4660,Hritik Chandra,Male,53,Dibrugarh,Mizoram,Sales Executive,1287402,14-03-2018,Low
4661,Kavya Puri,Male,58,Bihar Sharif,Gujarat,Lawyer,1164616,14-05-2026,Medium
4662,Chakrika Loyal,Male,41,Bhusawal,Assam,Software Engineer,330373,02-05-2018,Low
4663,Priya Srivastava,Male,25,Jamalpur,West Bengal,Lawyer,554497,21-12-2019,Low
4664,Yashodhara Lall,Male,56,Malda,Bihar,Student,409430,17-02-2021,Low
4665,Tanvi Edwin,Female,34,Srinagar,Meghalaya,Software Engineer,534323,12-03-2020,Low
4666,Advay Uppal,Male,63,Fatehpur,Bihar,Sales Executive,2411291,24-02-2017,High
4667,Manan Dash,Male,36,Patna,Kerala,Student,1591696,05-02-2024,Low
4668,Faraj Gandhi,Female,43,Jorhat,Himachal Pradesh,Teacher,1601375,07-03-2018,High
4669,Zayan Soman,Female,63,Naihati,Madhya Pradesh,Student,2344923,02-12-2018,Low
4670,Hemangini Borde,Female,34,Sasaram,Jharkhand,Lawyer,878949,22-03-2023,High
4671,Aishani Sehgal,Female,64,Tiruchirappalli,Telangana,Software Engineer,1076142,22-10-2023,Medium
4672,Zehaan Shah,Female,54,Durg,West Bengal,Software Engineer,740892,05-01-2025,High
4673,Wyatt Rao,Male,31,Ajmer,Karnataka,Accountant,699405,11-10-2023,Low
4674,Balhaar Bajaj,Male,57,Panipat,Chhattisgarh,Business,919163,04-05-2024,Low
4675,Charvi Karpe,Male,61,Guna,Arunachal Pradesh,Sales Executive,2414923,23-08-2022,Low
4676,Lucky Bose,Female,36,Tiruchirappalli,Meghalaya,Sales Executive,2414193,11-06-2021,Low
4677,Oliver Sem,Male,69,Panchkula,Andhra Pradesh,Accountant,1078716,04-08-2018,Low
4678,Rajeshri Balakrishnan,Female,64,Kolkata,Chhattisgarh,Farmer,839813,04-09-2022,Low
4679,Yug Sur,Female,47,Thiruvananthapuram,Andhra Pradesh,Student,2070170,01-09-2022,Low
4680,Chavvi Mittal,Female,23,Raebareli,Chhattisgarh,Lawyer,2204523,19-03-2021,Low
4681,Max Dube,Male,27,Guna,Meghalaya,Lawyer,2200423,14-05-2017,Low
4682,Oeshi Choudhary,Male,39,Bhavnagar,Meghalaya,Software Engineer,2229620,30-04-2023,Low
4683,Urishilla Loke,Female,68,Bhilai,Madhya Pradesh,Lawyer,1431819,04-04-2022,Low
4684,Kashvi Kapadia,Male,28,Khandwa,Sikkim,Farmer,2082169,30-09-2019,Low
4685,Shivansh Purohit,Male,48,Bellary,Uttarakhand,Farmer,1254345,10-04-2020,Low
4686,Shaurya Nadig,Male,39,Kirari Suleman Nagar,Meghalaya,Data Analyst,2150893,08-08-2018,Medium
4687,Hamsini Raja,Male,29,Kanpur,Manipur,Business,243844,15-09-2018,Low
4688,Ayushman Upadhyay,Female,70,Karnal,West Bengal,Data Analyst,2130481,07-04-2017,Low
4689,Faris Sarma,Female,57,Ambattur,Odisha,Data Analyst,2064904,05-06-2023,Low
4690,Balveer Rastogi,Male,59,Noida,Gujarat,Business,601098,10-11-2017,Low
4691,Waida Talwar,Male,34,Ichalkaranji,Odisha,Software Engineer,1421131,13-12-2021,Low
4692,Chavvi Raj,Female,64,Kottayam,Madhya Pradesh,Data Analyst,1177780,19-09-2017,Low
4693,Nitesh Narula,Male,49,Howrah,Telangana,Business,731847,14-12-2024,Low
4694,Gaurav Tandon,Male,52,Chittoor,Gujarat,Business,1815428,10-03-2026,Low
4695,Rajata Palan,Male,40,Kadapa,Maharashtra,Farmer,2455703,11-09-2024,Low
4696,Samaksh Chander,Male,32,Tadipatri,Goa,Business,774117,14-10-2018,Low
4697,Ekiya Lall,Female,52,Nandyal,Uttarakhand,Data Analyst,1133229,15-09-2016,Low
4698,Aarush Raj,Female,29,Chinsurah,Odisha,Data Analyst,2055381,17-09-2017,Low
4699,Yochana Ahluwalia,Female,45,Aligarh,Goa,Sales Executive,2125126,10-11-2025,Medium
4700,Balhaar Barad,Male,46,Morbi,Chhattisgarh,Teacher,2125144,29-06-2024,Low
4701,Dakshesh Dave,Male,49,Tadipatri,Rajasthan,Software Engineer,2164253,06-12-2020,Low
4702,Garima Chand,Male,60,Bokaro,Madhya Pradesh,Doctor,1406355,14-06-2019,Medium
4703,Eshana Lata,Female,22,Mirzapur,Tamil Nadu,Student,1831083,03-02-2018,Low
4704,Aadi Brar,Female,62,Dehri,Bihar,Student,1774719,20-02-2025,Low
4705,Abha Nayar,Female,27,Navi Mumbai,Karnataka,Farmer,2319150,19-02-2017,Low
4706,Nathaniel Chaudhary,Male,60,Baranagar,West Bengal,Doctor,853974,01-05-2017,Medium
4707,Charan Nadig,Male,28,Dhanbad,Mizoram,Teacher,833340,02-01-2024,High
4708,Onveer Tripathi,Female,37,Munger,Tamil Nadu,Sales Executive,439937,19-06-2022,Medium
4709,Bimala Parikh,Male,57,Ujjain,Nagaland,Data Analyst,1164022,14-12-2018,Medium
4710,Yoshita Oommen,Male,35,Mau,Goa,Student,329371,24-11-2019,Low
4711,Amara Salvi,Female,29,Panchkula,Andhra Pradesh,Software Engineer,1149766,14-08-2017,Medium
4712,Samar Agrawal,Female,63,Ghaziabad,Uttar Pradesh,Business,773062,14-02-2018,Low
4713,Osha Khare,Male,41,Silchar,Jharkhand,Teacher,1435997,27-03-2026,Low
4714,Xavier Dani,Female,19,Vellore,Haryana,Sales Executive,1121498,25-03-2023,Medium
4715,Alexander Jaggi,Male,62,Secunderabad,Chhattisgarh,Business,541011,07-05-2026,Medium
4716,Umang Ben,Female,18,Bihar Sharif,West Bengal,Software Engineer,1055771,10-11-2017,Low
4717,Siya Radhakrishnan,Female,20,Satara,West Bengal,Teacher,2461829,26-05-2024,Medium
4718,Falak Bhatti,Female,43,Jodhpur,Tripura,Doctor,495473,18-05-2020,Medium
4719,Lakshit Divan,Female,34,Arrah,Meghalaya,Student,978886,20-05-2017,Low
4720,Vidhi Sule,Male,19,Mumbai,Karnataka,Data Analyst,750472,24-03-2024,Low
4721,Ekbal Baria,Female,26,Jamalpur,Maharashtra,Data Analyst,257632,22-02-2019,Medium
4722,Dipta Kurian,Male,66,Dehradun,Bihar,Teacher,219420,08-08-2025,High
4723,Manthan Dhar,Female,33,Solapur,Assam,Student,1555581,13-08-2020,Low
4724,Zashil Natarajan,Female,58,Tadepalligudem,Andhra Pradesh,Teacher,1189222,05-05-2025,High
4725,Anthony Reddy,Female,31,Shivpuri,Tripura,Farmer,1374105,28-01-2021,Medium
4726,Zarna Gill,Male,54,Thrissur,Haryana,Accountant,259793,12-03-2026,Low
4727,Dhriti Hegde,Female,32,Bareilly,Kerala,Doctor,307450,17-11-2022,Low
4728,George D’Alia,Female,19,Chapra,Uttarakhand,Student,1676570,06-08-2018,High
4729,Henry Devan,Male,21,Chinsurah,Jharkhand,Farmer,710143,13-01-2024,Low
4730,Viraj Dara,Female,42,Thiruvananthapuram,Jharkhand,Lawyer,604546,07-10-2024,Medium
4731,Krisha Palla,Female,31,Varanasi,Chhattisgarh,Accountant,587174,11-07-2019,Low
4732,Bahadurjit Chaudry,Female,34,Akola,Andhra Pradesh,Doctor,1202342,14-12-2025,Low
4733,Reyansh Singhal,Female,45,Bhiwani,Karnataka,Farmer,1543030,15-09-2025,Low
4734,Lopa Dhar,Male,61,Malda,West Bengal,Student,2337059,11-01-2021,Low
4735,Saumya Deshmukh,Male,30,Madhyamgram,Karnataka,Data Analyst,2243964,01-01-2022,Low
4736,Ekapad Koshy,Male,63,Gwalior,Tripura,Business,2105298,27-12-2022,Low
4737,Ekiya Das,Female,44,Hubli–Dharwad,Odisha,Doctor,1425397,06-07-2019,Low
4738,Varsha Narayanan,Male,50,Udaipur,Maharashtra,Doctor,785462,13-08-2023,Low
4739,Banjeet Oommen,Male,35,Berhampore,Arunachal Pradesh,Teacher,1244732,13-04-2026,Medium
4740,Aachal Radhakrishnan,Male,23,Bareilly,Maharashtra,Data Analyst,2334578,29-11-2018,High
4741,Jalsa Dixit,Female,39,Gorakhpur,Kerala,Data Analyst,1283228,04-12-2018,Medium
4742,Ati Cherian,Female,23,Bhiwandi,Tamil Nadu,Business,269096,14-08-2022,Low
4743,Rachita Gara,Female,18,Jammu,Maharashtra,Business,1449512,13-07-2023,Medium
4744,Gaurangi Dhar,Male,32,Faridabad,Assam,Teacher,344406,16-04-2026,Low
4745,Janani Suri,Male,32,Noida,Tripura,Accountant,556812,27-03-2020,Low
4746,Widisha Kaul,Female,31,Nagercoil,Chhattisgarh,Business,484211,03-07-2020,Low
4747,Pranav Lanka,Male,65,Mysore,Arunachal Pradesh,Data Analyst,2291982,11-06-2023,Low
4748,Noah Datta,Male,24,Bharatpur,Meghalaya,Software Engineer,851657,21-10-2022,Medium
4749,Janani Pandya,Male,48,Hapur,Andhra Pradesh,Lawyer,1407557,01-10-2016,Low
4750,Faraj Gade,Male,44,Bhind,Sikkim,Business,1086851,21-01-2018,Low
4751,Meera Choudhry,Female,28,Tiruvottiyur,Chhattisgarh,Sales Executive,994315,31-07-2022,Low
4752,Mugdha Chhabra,Female,61,Shimla,Jharkhand,Software Engineer,1083206,17-08-2021,Low
4753,Faras Buch,Female,51,Jamnagar,Himachal Pradesh,Accountant,484069,14-12-2022,Low
4754,Vamakshi Shetty,Male,46,Bhiwani,Rajasthan,Sales Executive,1365018,09-07-2019,Low
4755,Aarush Murthy,Female,48,Sultan Pur Majra,Chhattisgarh,Lawyer,1720568,25-04-2025,High
4756,Gauri Kamdar,Male,42,Durg,Madhya Pradesh,Teacher,782959,19-12-2021,Medium
4757,Veda Varty,Male,40,Noida,Karnataka,Data Analyst,1266934,02-11-2020,Low
4758,Indrajit Khalsa,Male,58,Gorakhpur,Telangana,Student,498434,19-12-2019,Low
4759,Dalbir Choudhury,Female,44,Nagpur,Arunachal Pradesh,Data Analyst,1446386,10-03-2019,Low
4760,Balveer Rajagopal,Female,50,Nadiad,Meghalaya,Teacher,2305140,02-12-2017,Low
4761,Ishani Manne,Male,29,Raichur,Chhattisgarh,Software Engineer,560382,18-11-2025,Low
4762,Riya Raja,Male,40,Thoothukudi,Madhya Pradesh,Doctor,738867,10-11-2018,Low
4763,Jagvi Dyal,Female,29,Visakhapatnam,Bihar,Teacher,1905723,09-05-2022,Low
4764,Zaid Loyal,Female,57,Kanpur,Arunachal Pradesh,Farmer,1186838,24-07-2017,Low
4765,Upma Palla,Male,41,Allahabad,Arunachal Pradesh,Sales Executive,1315597,29-09-2016,Medium
4766,Balendra Sani,Female,46,Moradabad,Tripura,Sales Executive,2277630,24-03-2017,Medium
4767,Amol Madan,Male,49,Amravati,Telangana,Business,1879759,09-10-2017,Low
4768,Yahvi Kala,Female,22,Ludhiana,Bihar,Accountant,827531,04-05-2020,Low
4769,Eesha Wason,Female,54,Satara,Tripura,Accountant,2223558,13-08-2021,Low
4770,Noah Prabhakar,Male,54,Madhyamgram,Mizoram,Lawyer,1354233,27-07-2025,Low
4771,Mugdha Kothari,Female,59,Firozabad,Goa,Doctor,2206939,09-04-2019,Low
4772,Andrew Shetty,Female,41,Thane,Odisha,Doctor,2357394,26-06-2026,Low
4773,Vasatika Sama,Female,27,Ambarnath,Mizoram,Lawyer,1599912,08-11-2024,Medium
4774,Janaki Subramanian,Female,40,Ballia,Sikkim,Accountant,1532731,28-02-2021,Low
4775,Pavani Sane,Male,30,Howrah,Haryana,Data Analyst,1493756,11-07-2022,Low
4776,Hema Iyengar,Female,34,Berhampore,Uttarakhand,Accountant,1380574,08-09-2024,High
4777,Naveen Luthra,Female,59,Kolkata,Goa,Accountant,1205391,26-12-2019,Low
4778,Pavani Raju,Male,68,Rewa,Kerala,Teacher,1360579,23-08-2021,Medium
4779,Ayushman Vyas,Male,48,Jamshedpur,Uttar Pradesh,Accountant,1866759,06-06-2026,Low
4780,Damini Raval,Male,35,Jamnagar,Himachal Pradesh,Sales Executive,2031508,29-05-2019,Low
4781,Yutika Basu,Male,38,Kadapa,Karnataka,Doctor,2428592,04-03-2020,Low
4782,Aarnav Mane,Male,43,Hajipur,Arunachal Pradesh,Lawyer,946999,11-05-2025,Low
4783,Yash Korpal,Male,65,Bhimavaram,Mizoram,Data Analyst,2366692,13-11-2025,Low
4784,Fariq Buch,Male,21,Dindigul,Jharkhand,Data Analyst,2249506,24-03-2026,Medium
4785,Omaja Bhattacharyya,Male,37,Uluberia,Jharkhand,Doctor,1456042,12-05-2017,High
4786,Joshua Keer,Male,62,Kollam,Nagaland,Doctor,460764,22-07-2018,Low
4787,Pushti Jayaraman,Female,23,Nagercoil,Jharkhand,Farmer,1015933,22-04-2025,Medium
4788,Mohini Sen,Female,61,Panipat,Telangana,Accountant,923808,15-12-2016,Low
4789,Pratyush Ratta,Female,39,Ambattur,Karnataka,Teacher,751842,20-01-2017,Low
4790,Teerth Kakar,Female,60,Tiruppur,Nagaland,Lawyer,2309396,08-10-2025,Low
4791,Devansh Bal,Male,56,Jaunpur,Madhya Pradesh,Software Engineer,1165350,16-03-2019,Low
4792,Bhanumati Sami,Female,36,Aurangabad,Kerala,Doctor,1583770,27-03-2024,High
4793,Naveen Sem,Male,42,Hosur,Haryana,Data Analyst,2473341,09-04-2023,Low
4794,Oviya Bhatia,Male,22,Malda,Meghalaya,Student,431450,15-03-2022,Medium
4795,Arin Dada,Female,62,Ahmednagar,Telangana,Farmer,1258362,21-01-2021,Low
4796,Noah Dani,Male,30,Erode,Goa,Data Analyst,2055220,11-06-2019,Low
4797,Farhan Nagar,Female,60,Nanded,Punjab,Business,1709089,11-06-2019,Low
4798,Ekaraj Mukherjee,Male,35,Indore,Odisha,Farmer,1377456,13-01-2022,Low
4799,Hiral Chaudhari,Female,32,Mehsana,Nagaland,Sales Executive,2210772,24-05-2023,Medium
4800,Gabriel Natt,Female,69,Ballia,Nagaland,Farmer,539488,24-07-2017,Low
4801,Chakrika Sehgal,Female,29,Buxar,Maharashtra,Data Analyst,1208290,08-01-2022,Low
4802,Kavya Babu,Male,34,Panihati,Mizoram,Doctor,1939163,13-11-2016,Medium
4803,Devansh Yogi,Female,42,Mumbai,Tamil Nadu,Farmer,1261290,15-03-2022,Low
4804,Aradhana Tara,Female,32,Ratlam,West Bengal,Software Engineer,1012203,29-05-2019,Medium
4805,Naksh Krishnamurthy,Male,45,Chapra,Madhya Pradesh,Sales Executive,1125623,14-12-2023,Low
4806,Barkha Ganguly,Female,38,Belgaum,Uttarakhand,Lawyer,1193270,01-09-2023,Low
4807,Samaksh Dhillon,Female,62,Gudivada,Karnataka,Lawyer,1505395,25-10-2023,Medium
4808,Vedika Morar,Female,26,Dhule,Odisha,Sales Executive,1790309,17-12-2022,High
4809,Jeet Chopra,Female,43,Raiganj,Sikkim,Doctor,504988,13-04-2025,Low
4810,Veda Nagarajan,Female,28,Tiruchirappalli,Jharkhand,Farmer,905388,20-03-2021,Low
4811,Falguni Madan,Male,69,Thanjavur,Bihar,Data Analyst,1495849,04-09-2016,Low
4812,Anika Kohli,Female,66,Tadipatri,Tripura,Farmer,429646,10-03-2023,Medium
4813,Priya Bhat,Male,53,Pondicherry,Bihar,Doctor,1140467,10-04-2021,Low
4814,Siddharth Natarajan,Female,51,Bhavnagar,Tripura,Data Analyst,695644,28-07-2017,Low
4815,Nitara Buch,Female,61,Kishanganj,Punjab,Software Engineer,1734164,21-04-2022,Low
4816,Meghana Zacharia,Female,51,Warangal,Himachal Pradesh,Data Analyst,414451,29-09-2022,Low
4817,Ria Vohra,Female,42,Gangtok,Jharkhand,Farmer,296246,03-01-2020,Medium
4818,Yash Pillai,Female,52,Nagercoil,Telangana,Student,1129115,11-05-2018,Medium
4819,Ishaan Gokhale,Male,44,Durg,West Bengal,Teacher,1104521,30-03-2019,Medium
4820,Joshua Babu,Female,38,Pune,Andhra Pradesh,Sales Executive,2227617,17-09-2022,Low
4821,Raagini Pal,Male,42,Anand,Sikkim,Doctor,1163237,27-01-2017,Medium
4822,Chavvi Wagle,Male,26,Adoni,West Bengal,Student,2313705,17-03-2020,Low
4823,Udyati Malhotra,Male,51,Panvel,Uttar Pradesh,Lawyer,1259617,20-06-2018,Low
4824,Robert Baria,Male,31,Raebareli,Meghalaya,Teacher,1368971,16-07-2024,High
4825,Januja Chander,Female,36,Singrauli,Telangana,Data Analyst,685531,30-08-2022,Low
4826,Oscar Sagar,Male,22,Kadapa,Himachal Pradesh,Teacher,1328989,15-04-2020,Medium
4827,Hemani Shan,Female,58,Tirunelveli,Telangana,Accountant,2071725,11-01-2019,Low
4828,Ati Lad,Male,37,Gaya,Tamil Nadu,Software Engineer,1320707,13-12-2024,Low
4829,Ekantika Dixit,Male,28,Khammam,Gujarat,Farmer,1704838,08-05-2022,Low
4830,Gagan Warrior,Female,62,Udaipur,Haryana,Business,2141644,30-04-2021,Medium
4831,Maanav Bath,Female,23,Avadi,Arunachal Pradesh,Business,1099480,29-04-2023,Medium
4832,Barkha Koshy,Male,51,Dharmavaram,Andhra Pradesh,Sales Executive,402933,15-12-2021,Low
4833,Oni Buch,Male,23,Ballia,Meghalaya,Student,1540995,09-02-2023,Low
4834,Ikbal Bhardwaj,Female,39,Durg,Madhya Pradesh,Student,1646027,06-03-2017,Medium
4835,Gaurika Zachariah,Female,19,Miryalaguda,Kerala,Accountant,1754517,04-01-2026,Medium
4836,Sneha Malhotra,Female,39,Siliguri,Bihar,Doctor,1970463,12-06-2018,Low
4837,Tristan Gara,Male,61,Madurai,Kerala,Accountant,2097231,14-10-2017,Medium
4838,Udant Mangat,Male,40,Malda,Manipur,Lawyer,2098979,18-11-2018,Low
4839,Isaiah Bali,Female,40,Durgapur,Gujarat,Accountant,699277,08-02-2023,Medium
4840,Barkha Arya,Female,52,Avadi,Tripura,Software Engineer,878554,23-02-2018,Low
4841,Aradhana Mital,Female,41,Madhyamgram,Uttarakhand,Doctor,666692,28-09-2024,High
4842,Aishani Pai,Male,50,Thoothukudi,Sikkim,Farmer,852211,19-10-2018,Medium
4843,Ishaan Pingle,Female,68,Tiruppur,Telangana,Accountant,570942,15-12-2019,High
4844,Yug Guha,Female,42,Guntur,Uttar Pradesh,Lawyer,1927398,06-10-2018,Medium
4845,Eshana Ganesh,Male,67,Hyderabad,Goa,Doctor,1935365,18-10-2023,Low
4846,Parth Sha,Male,19,Unnao,Tripura,Doctor,2227344,05-11-2024,Medium
4847,Jasmit Khosla,Female,28,Etawah,Uttar Pradesh,Business,2060049,11-12-2024,Low
4848,Jyoti Pandit,Female,21,Siwan,Bihar,Software Engineer,1085655,15-05-2025,Low
4849,Chameli Magar,Male,37,Noida,Odisha,Doctor,1416221,21-12-2019,Low
4850,Zaitra Sankaran,Male,41,Malda,West Bengal,Sales Executive,2416504,18-01-2023,Medium
4851,Chaitaly Dhingra,Male,43,Bhind,Himachal Pradesh,Lawyer,2215551,21-06-2026,Low
4852,Triya Das,Female,42,Sambhal,Goa,Data Analyst,2047776,22-12-2018,High
4853,Omya Nanda,Male,19,Srikakulam,Chhattisgarh,Teacher,1954858,10-06-2023,Low
4854,Samar Doctor,Female,65,Fatehpur,Sikkim,Data Analyst,2451404,22-10-2018,Low
4855,Oeshi Issac,Female,50,Bhimavaram,Mizoram,Software Engineer,441007,11-12-2016,Low
4856,Zaitra Nayar,Female,58,Fatehpur,Madhya Pradesh,Doctor,1936656,19-11-2022,High
4857,Nachiket Balasubramanian,Female,41,Kolkata,Himachal Pradesh,Software Engineer,1440614,31-12-2024,Low
4858,Simon Sathe,Female,65,Imphal,Karnataka,Farmer,618405,05-11-2025,Low
4859,Lipika Mammen,Female,21,Ozhukarai,Jharkhand,Farmer,1459448,11-09-2025,Low
4860,Aarna Kadakia,Male,63,Naihati,Goa,Business,386073,17-04-2019,Medium
4861,Ati Bassi,Female,30,Mangalore,Telangana,Software Engineer,1666243,09-10-2025,Low
4862,Krish Ghose,Female,34,Shivpuri,Manipur,Farmer,2248821,28-12-2021,Low
4863,Ati Banerjee,Male,24,Munger,Bihar,Sales Executive,1949658,22-02-2019,Low
4864,Unni Korpal,Male,37,Gandhinagar,Tripura,Software Engineer,780389,16-10-2024,High
4865,Jhalak Menon,Female,41,Udupi,Manipur,Software Engineer,1353690,18-01-2024,Low
4866,Utkarsh Wagle,Female,44,Guna,Karnataka,Student,1970879,08-10-2024,Low
4867,Onveer Keer,Male,32,Udupi,Rajasthan,Farmer,2285013,18-08-2023,Low
4868,Raagini Iyengar,Female,35,Adoni,Himachal Pradesh,Business,2391607,24-06-2025,Low
4869,Manya Kohli,Female,61,Pudukkottai,Arunachal Pradesh,Sales Executive,1557234,09-04-2024,Medium
4870,Girish Karan,Female,45,Akola,Gujarat,Software Engineer,669878,20-01-2018,Low
4871,Sarthak Bedi,Female,29,Kozhikode,Manipur,Student,270629,11-04-2023,Low
4872,Anamika Savant,Male,53,Katni,Uttar Pradesh,Business,2210831,18-04-2026,Low
4873,Krishna Badami,Male,20,Srinagar,Manipur,Business,2346462,10-09-2019,Low
4874,Lipika Nagar,Male,60,Saharanpur,Telangana,Student,831824,10-01-2022,Low
4875,Vedika Krishnan,Male,60,Ramgarh,Punjab,Sales Executive,1969598,28-07-2019,Low
4876,Nirja Gera,Male,39,Alwar,Himachal Pradesh,Farmer,1814909,13-10-2019,Low
4877,Yoshita Shah,Female,68,Srinagar,Punjab,Accountant,2291432,27-05-2026,Low
4878,Adya Kala,Female,53,Saharsa,Arunachal Pradesh,Teacher,790063,14-07-2023,High
4879,Gaurang Aggarwal,Male,34,Dibrugarh,Madhya Pradesh,Accountant,1229840,26-11-2017,Low
4880,Jagdish Manda,Male,36,Rampur,Mizoram,Lawyer,1956944,05-01-2026,Low
4881,Bhanumati Kannan,Male,54,Rajpur Sonarpur,Chhattisgarh,Business,1530987,06-09-2024,Low
4882,Abdul Mann,Male,22,Ulhasnagar,Punjab,Teacher,1894684,31-03-2021,Medium
4883,Abhiram Ramaswamy,Female,35,Kakinada,Nagaland,Software Engineer,776741,09-07-2022,Low
4884,Wyatt Narang,Female,18,Kota,Maharashtra,Accountant,1296312,07-06-2019,Low
4885,Lohit Chand,Male,60,Alwar,Goa,Lawyer,1598600,30-01-2021,Low
4886,Chandani Din,Female,52,Mysore,Karnataka,Lawyer,1782488,21-03-2017,Low
4887,Ishita Datta,Male,40,Moradabad,Assam,Lawyer,545794,14-02-2023,High
4888,Balendra Buch,Male,27,Kollam,West Bengal,Data Analyst,2321532,06-10-2025,Low
4889,Jyoti Dubey,Female,66,Bhatpara,Nagaland,Sales Executive,425630,21-04-2024,High
4890,Harini Ramachandran,Female,69,Nagpur,Goa,Lawyer,494414,15-11-2024,Low
4891,Wyatt Nigam,Male,57,Dehri,Nagaland,Sales Executive,2058830,12-06-2023,Medium
4892,Jeet Dhar,Female,66,Barasat,Tamil Nadu,Business,1605152,15-05-2022,Low
4893,Saanvi Narula,Male,23,Kavali,Himachal Pradesh,Lawyer,2405263,20-08-2020,Medium
4894,Fitan Chand,Male,25,Sasaram,Sikkim,Lawyer,2445483,23-03-2026,Low
4895,Krisha Mane,Male,68,Orai,Assam,Software Engineer,943289,02-11-2020,Low
4896,Gavin Ratta,Male,57,Uluberia,Assam,Software Engineer,247755,29-06-2026,Low
4897,Nicholas Kumar,Male,41,Bhatpara,Nagaland,Business,1782778,04-09-2019,Medium
4898,Advika Chandra,Male,47,Mirzapur,Nagaland,Lawyer,2067915,30-10-2019,Low
4899,Tanay Chanda,Female,53,Purnia,Meghalaya,Farmer,208006,27-07-2020,Low
4900,Fiyaz Sekhon,Male,59,Kota,Telangana,Software Engineer,2080774,07-02-2025,Low
4901,Anjali Chakraborty,Female,26,Hubli–Dharwad,Kerala,Business,1847249,05-01-2019,Low
4902,Jason Kumar,Male,19,Bhagalpur,Goa,Teacher,1566690,06-11-2022,Medium
4903,Faraj Mitra,Female,40,Jamshedpur,Arunachal Pradesh,Business,1995848,04-07-2018,Low
4904,Tanvi Jayaraman,Male,55,Bhiwandi,Uttar Pradesh,Farmer,286035,05-05-2021,Low
4905,Turvi Nair,Male,45,Sasaram,Kerala,Sales Executive,1811065,10-12-2019,High
4906,Bhavika Rege,Female,34,Yamunanagar,Madhya Pradesh,Business,1559648,15-11-2016,Low
4907,Mohini Kota,Male,66,Mehsana,Assam,Student,616824,15-10-2025,Low
4908,Vedhika D’Alia,Female,60,Bhavnagar,Uttar Pradesh,Farmer,1476538,03-01-2025,Low
4909,Hritik Saran,Female,23,Phusro,Meghalaya,Data Analyst,968215,12-02-2021,Low
4910,Rayaan Lal,Female,37,Faridabad,Jharkhand,Student,1707202,06-08-2023,High
4911,Unnati Suri,Male,22,Patiala,Madhya Pradesh,Doctor,298935,14-05-2017,Low
4912,Diya Purohit,Male,37,Machilipatnam,Arunachal Pradesh,Farmer,1772877,11-10-2022,High
4913,Charan Venkatesh,Male,18,Satara,Mizoram,Doctor,1562722,24-07-2019,High
4914,Lekha Prasad,Male,44,Visakhapatnam,Rajasthan,Data Analyst,924083,05-12-2024,Medium
4915,Jackson Doshi,Male,35,North Dumdum,Uttar Pradesh,Sales Executive,1011976,19-02-2023,Low
4916,Ekta Batra,Male,55,Jabalpur,West Bengal,Data Analyst,2460482,26-11-2025,High
4917,Qadim Bhakta,Male,29,Shahjahanpur,Assam,Business,1410578,21-12-2024,Low
4918,Manya Raju,Male,35,Sambhal,Jharkhand,Sales Executive,1918901,30-08-2021,Medium
4919,Zashil Bala,Male,64,Korba,Telangana,Business,1413214,15-06-2018,Low
4920,Kalpit Kamdar,Female,19,Noida,Arunachal Pradesh,Data Analyst,1104159,18-04-2017,Low
4921,Pallavi Munshi,Male,37,Durg,Meghalaya,Data Analyst,313310,26-03-2019,High
4922,Karan Bali,Female,69,Allahabad,Tamil Nadu,Business,563405,12-09-2025,Low
4923,Andrew Narayan,Male,59,Danapur,Sikkim,Software Engineer,1846083,07-08-2021,Medium
4924,Jagdish Sanghvi,Male,38,Sangli-Miraj & Kupwad,Maharashtra,Doctor,1793710,05-01-2017,High
4925,Jack Khanna,Female,28,Delhi,West Bengal,Doctor,2273380,14-04-2021,Medium
4926,Isha Wagle,Male,69,Kamarhati,Andhra Pradesh,Lawyer,2182658,14-07-2021,Low
4927,Theodore Randhawa,Male,29,Thrissur,Assam,Sales Executive,1609877,16-04-2022,Low
4928,Zarna Sachdeva,Male,70,Khammam,Madhya Pradesh,Lawyer,1715709,30-03-2018,Low
4929,Chandran Mohanty,Male,50,Buxar,Kerala,Teacher,703700,15-12-2024,Medium
4930,Oliver Chada,Male,65,Aurangabad,Bihar,Student,752864,25-04-2021,Low
4931,Samarth Bumb,Female,22,Narasaraopet,Assam,Data Analyst,368186,18-05-2025,Low
4932,Lopa Subramaniam,Female,29,Khandwa,Meghalaya,Doctor,1907325,15-12-2024,Low
4933,Praneel Sathe,Male,22,Danapur,Kerala,Farmer,523390,22-07-2017,Low
4934,Shravya Kunda,Female,39,Ghaziabad,Karnataka,Data Analyst,2251241,05-03-2020,Medium
4935,Dalaja Khare,Male,25,Kishanganj,Kerala,Sales Executive,1593516,15-04-2024,Low
4936,Meera Jani,Female,33,Hajipur,Goa,Software Engineer,1063863,21-11-2016,Low
4937,Lucky Sahni,Male,60,Guntur,Kerala,Data Analyst,634445,17-07-2025,Low
4938,Ira Peri,Male,21,Begusarai,Uttar Pradesh,Sales Executive,1951732,10-07-2021,High
4939,Tamanna Sha,Male,65,Anand,West Bengal,Accountant,2369028,17-09-2019,Medium
4940,Vasatika Bava,Female,20,Sonipat,Kerala,Sales Executive,645777,28-10-2021,Low
4941,Aarna Boase,Female,23,Mira-Bhayandar,Sikkim,Student,2090691,08-12-2022,High
4942,Umang Oak,Female,41,Deoghar,Karnataka,Data Analyst,1511870,25-01-2024,Low
4943,Girish Batta,Male,19,Cuttack,Karnataka,Doctor,209233,23-06-2025,Low
4944,Ijaya Sandal,Female,52,Jamalpur,Meghalaya,Farmer,1603553,05-12-2023,Low
4945,Patrick Bhalla,Female,34,Bijapur,Rajasthan,Software Engineer,345498,15-12-2022,Low
4946,Pallavi Kara,Female,70,Kolkata,Uttarakhand,Accountant,1174002,30-04-2022,High
4947,Vihaan Natarajan,Female,25,Karawal Nagar,Arunachal Pradesh,Business,2432887,14-10-2017,Medium
4948,Ethan Sinha,Male,46,Satna,Goa,Lawyer,644674,05-08-2022,Low
4949,Ikbal Vaidya,Female,31,Khammam,Bihar,Doctor,1493872,17-09-2018,Low
4950,Upkaar Lata,Male,61,Vasai-Virar,Uttarakhand,Doctor,347458,08-11-2018,Medium
4951,Ayushman Saxena,Male,32,Bangalore,Haryana,Business,2317599,06-01-2017,High
4952,Tarak Viswanathan,Female,20,Tumkur,Himachal Pradesh,Business,2191466,01-09-2025,Low
4953,Eta Narayan,Male,30,Amritsar,Maharashtra,Accountant,790892,11-10-2022,Low
4954,Manbir Samra,Male,56,Machilipatnam,Tripura,Teacher,1625666,13-07-2023,Low
4955,Chandresh Kothari,Male,62,Rourkela,Kerala,Lawyer,2186763,30-06-2019,Low
4956,Riya Ramakrishnan,Female,66,Berhampur,Kerala,Farmer,653574,13-11-2020,Low
4957,Ojasvi Dutta,Female,47,Navi Mumbai,Uttarakhand,Sales Executive,986017,10-07-2024,Low
4958,Om Dube,Male,68,Amravati,Haryana,Accountant,727336,02-02-2022,Medium
4959,Chavvi Pau,Female,41,Suryapet,Jharkhand,Teacher,2419440,30-05-2025,Low
4960,Sanaya Sha,Female,24,Lucknow,Sikkim,Accountant,315677,16-08-2017,Low
4961,Zaid Handa,Male,39,Raurkela Industrial Township,Karnataka,Farmer,912946,12-09-2020,Medium
4962,Shivani Handa,Male,43,Sonipat,Goa,Lawyer,943715,09-04-2017,Medium
4963,Jairaj Ahluwalia,Male,29,Rewa,Andhra Pradesh,Lawyer,1313241,29-08-2022,Medium
4964,Abdul Krishna,Female,19,Bhusawal,Bihar,Sales Executive,1276213,12-08-2024,Low
4965,Michael Panchal,Male,49,Indore,Uttar Pradesh,Accountant,1968403,04-04-2020,Low
4966,Yachana Swamy,Female,33,Pimpri-Chinchwad,Kerala,Teacher,955670,07-11-2018,Medium
4967,Eiravati Trivedi,Male,62,Noida,Haryana,Student,517157,26-07-2024,Low
4968,Ucchal Sathe,Male,68,Secunderabad,Goa,Data Analyst,2461738,20-10-2024,Low
4969,Vedika Cherian,Female,30,Mehsana,Uttar Pradesh,Software Engineer,2461796,04-12-2022,Low
4970,Nakul Gala,Male,37,Ranchi,Uttarakhand,Farmer,1145314,06-08-2025,Medium
4971,Qasim Sengupta,Female,62,Karawal Nagar,Assam,Accountant,2163024,08-08-2021,Low
4972,Lila Sunder,Male,47,Danapur,Telangana,Data Analyst,1046776,27-04-2018,Low
4973,Theodore Bose,Male,46,Adoni,Mizoram,Sales Executive,2152442,23-10-2022,Low
4974,Zehaan Sibal,Female,53,Gorakhpur,Rajasthan,Doctor,1717025,20-10-2017,Medium
4975,Dev Tara,Female,57,Dehradun,Odisha,Student,1739099,16-01-2017,High
4976,Ekaja Kalita,Female,59,Bhiwani,Nagaland,Data Analyst,2146724,06-07-2023,Low
4977,Jatin Mahajan,Female,24,Singrauli,Tamil Nadu,Student,352773,21-07-2020,High
4978,Aarini Borah,Male,50,Agartala,Tamil Nadu,Business,1865257,28-10-2018,Low
4979,Dhruv Vora,Male,44,Dindigul,Tamil Nadu,Teacher,2352048,26-11-2023,Low
4980,Gaurang Viswanathan,Female,45,Dhule,Mizoram,Accountant,290823,25-06-2017,Low
4981,Nitesh Solanki,Female,27,Khora ,Meghalaya,Teacher,2164573,11-12-2023,Medium
4982,Aarnav Mann,Female,47,Udupi,Kerala,Accountant,2302288,03-07-2017,Low
4983,Jack Issac,Female,65,Bokaro,Mizoram,Data Analyst,2436219,26-03-2026,Medium
4984,Omya Ratta,Female,66,North Dumdum,Kerala,Lawyer,770475,20-03-2021,Medium
4985,Chaitanya Dara,Female,40,Gandhidham,Sikkim,Data Analyst,2082617,23-05-2020,Low
4986,Nihal Narula,Male,46,Bidhannagar,Himachal Pradesh,Farmer,1717266,21-05-2025,Low
4987,Maya Sanghvi,Male,70,Kirari Suleman Nagar,Bihar,Lawyer,2483976,09-02-2019,Low
4988,Tripti Kulkarni,Male,23,Khammam,Karnataka,Lawyer,2476979,24-05-2026,Medium
4989,Ayush Gera,Male,61,Nizamabad,Uttarakhand,Data Analyst,580181,04-06-2025,Low
4990,Zayan Sengupta,Male,35,Nanded,Rajasthan,Student,1700940,21-02-2026,Low
4991,Jonathan Dube,Male,54,Buxar,Odisha,Accountant,1002129,19-03-2023,Low
4992,Hamsini Shere,Female,33,Kalyan-Dombivli,Punjab,Doctor,464176,22-02-2020,Low
4993,Yashica Mani,Male,21,Bhubaneswar,Madhya Pradesh,Farmer,1831656,12-08-2024,Low
4994,Isaac Jani,Male,21,Bongaigaon,Sikkim,Data Analyst,464151,02-08-2025,Low
4995,Warda Puri,Male,48,Raurkela Industrial Township,Maharashtra,Lawyer,1604394,22-02-2025,High
4996,Mitali Ram,Female,33,Kozhikode,Madhya Pradesh,Sales Executive,692481,21-09-2022,Low
4997,Ansh Sule,Male,66,Mehsana,Tripura,Lawyer,775316,11-12-2024,Low
4998,Dayita Sankar,Male,67,Thane,Punjab,Accountant,521485,14-06-2017,Medium
4999,Jeet Mutti,Female,20,Nandyal,Mizoram,Business,259118,10-05-2018,Medium
5000,Indrajit Walla,Male,67,Faridabad,West Bengal,Student,2366352,23-02-2018,Low
